data;horario;n_da_ocorrencia;tipo_de_ocorrencia;km;trecho;sentido;tipo_de_acidente;automovel;bicicleta;caminhao;moto;onibus;outros;tracao_animal;transporte_de_cargas_especiais;trator_maquinas;utilitarios;ilesos;levemente_feridos;moderadamente_feridos;gravemente_feridos;mortos
"08/11/2014";"19:45:00";"133";"com vítima";"171,2";"BR-050/MG";"Norte";"Capotamento";1;0;0;0;0;0;0;0;0;0;2;2;0;0;0
"09/11/2014";"04:59:00";"14";"com vítima";"174,8";"BR-050/MG";"Sul";"Capotamento";1;0;0;0;0;0;0;0;0;0;0;1;0;0;0
"09/11/2014";"19:40:00";"126";"sem vítima";"178";"BR-050/MG";"Sul";"Choque - Defensa, barreira ou meio fio";1;0;0;0;0;0;0;0;0;0;2;0;0;0;0
"09/11/2014";"19:40:00";"122";"sem vítima";"178,1";"BR-050/MG";"Sul";"Choque - Defensa, barreira ou meio fio";1;0;0;0;0;0;0;0;0;0;3;0;0;0;0
"10/11/2014";"00:33:00";"6";"sem vítima";"162,6";"BR-050/MG";"Sul";"Capotamento";1;0;0;0;0;0;0;0;0;0;1;0;0;0;0
"10/11/2014";"07:27:00";"19";"com vítima";"3";"CT-UDI-MG";"Sul";"Tombamento";0;0;1;0;0;0;0;0;0;0;0;1;0;0;0
"10/11/2014";"09:39:00";"47";"sem vítima";"182,3";"BR-050/MG";"Sul";"Colisão Lateral";1;0;1;0;0;0;0;0;0;0;2;0;0;0;0
"10/11/2014";"10:06:00";"50";"com vítima";"25";"BR-050/MG";"Norte";"Capotamento";1;0;0;0;0;0;0;0;0;0;0;0;1;0;0
"10/11/2014";"13:47:00";"70";"sem vítima";"53,9";"BR-050/MG";"Sul";"Choque - Defensa, barreira ou meio fio";0;0;1;0;0;0;0;0;0;0;1;0;0;0;0
"10/11/2014";"14:32:00";"75";"sem vítima";"18,35";"BR-050/MG";"Norte";"Saida de Pista";1;0;0;0;0;0;0;0;0;0;1;0;0;0;0
"10/11/2014";"14:35:00";"78";"sem vítima";"18,1";"BR-050/MG";"Norte";"Tombamento";0;0;1;0;0;0;0;0;0;0;1;0;0;0;0
"10/11/2014";"15:43:00";"86";"sem vítima";"37,95";"BR-050/MG";"Sul";"Saida de Pista";1;0;0;0;0;0;0;0;0;0;2;0;0;0;0
"10/11/2014";"16:39:00";"92";"sem vítima";"221";"BR-050/GO";"Sul";"Capotamento";1;0;0;0;0;0;0;0;0;0;1;0;0;0;0
"11/11/2014";"05:57:00";"11";"com vítima";"81,5";"BR-050/MG";"Norte";"Choque - Veiculo parado no acostamento";1;0;0;1;0;0;0;0;0;0;1;1;0;0;0
"11/11/2014";"08:49:00";"36";"sem vítima";"136";"BR-050/MG";"Norte";"Choque - Defensa, barreira ou meio fio";1;0;0;0;0;0;0;0;0;0;1;0;0;0;0
"11/11/2014";"12:25:00";"67";"com vítima";"146,55";"BR-050/MG";"Norte";"Colisão Traseira";0;0;1;0;0;0;0;0;0;1;1;0;1;0;0
"12/11/2014";"06:13:00";"17";"sem vítima";"102,1";"BR-050/MG";"Norte";"Carreta deu L";0;0;1;0;0;0;0;0;0;0;1;0;0;0;0
"12/11/2014";"06:23:00";"18";"sem vítima";"160";"BR-050/MG";"Norte";"Choque - Defensa, barreira ou meio fio";1;0;0;0;0;0;0;0;0;0;2;0;0;0;0
"12/11/2014";"10:52:00";"47";"com vítima";"270,2";"BR-050/GO";"Norte";"Engavetamento";0;0;2;0;1;0;0;0;0;1;22;2;0;0;0
"12/11/2014";"15:05:00";"72";"sem vítima";"43,2";"BR-050/MG";"Norte";"Colisão Traseira";0;0;2;0;0;0;0;0;0;0;2;0;0;0;0
"12/11/2014";"15:06:00";"73";"sem vítima";"33,9";"BR-050/MG";"Norte";"Saida de Pista";0;0;1;0;0;0;0;0;0;0;1;0;0;0;0
"12/11/2014";"16:44:00";"80";"com vítima";"140,5";"BR-050/GO";"Sul";"Choque - Arvore";0;0;0;0;0;0;0;0;0;1;1;2;0;0;0
"12/11/2014";"18:11:00";"87";"sem vítima";"42";"BR-050/MG";"Sul";"Engavetamento";2;0;0;0;0;0;0;0;0;1;3;0;0;0;0
"12/11/2014";"20:42:00";"104";"com vítima";"152,2";"BR-050/MG";"Norte";"Colisão Transversal";0;0;1;1;0;0;0;0;0;0;1;1;0;0;0
"12/11/2014";"21:08:00";"107";"com vítima";"39";"BR-050/MG";"Sul";"Choque - Defensa, barreira ou meio fio";1;0;0;0;0;0;0;0;0;0;2;1;0;0;0
"13/11/2014";"10:27:00";"34";"sem vítima";"0";"CT-UDI-MG";"Norte";"Carreta deu L";0;0;1;0;0;0;0;0;0;0;1;0;0;0;0
"13/11/2014";"12:23:00";"51";"com vítima";"158,9";"BR-050/MG";"Sul";"Capotamento";1;0;0;0;0;0;0;0;0;0;0;1;0;0;0
"13/11/2014";"18:00:00";"88";"sem vítima";"179";"BR-050/MG";"Sul";"Colisão Lateral";1;0;1;0;0;0;0;0;0;0;2;0;0;0;0
"14/11/2014";"08:28:00";"36";"sem vítima";"105,1";"BR-050/MG";"Norte";"Colisão Traseira";1;0;0;0;0;0;0;0;0;1;2;0;0;0;0
"14/11/2014";"13:45:00";"81";"sem vítima";"180";"BR-050/MG";"Norte";"Colisão Transversal";1;0;1;0;0;0;0;0;0;1;3;0;0;0;0
"14/11/2014";"17:33:00";"123";"sem vítima";"278";"BR-050/GO";"Sul";"Colisão Lateral";1;0;1;0;0;0;0;0;0;0;2;0;0;0;0
"14/11/2014";"20:38:00";"142";"sem vítima";"61";"BR-050/MG";"Norte";"Saida de Pista";1;0;0;0;0;0;0;0;0;0;1;0;0;0;0
"15/11/2014";"01:44:00";"4";"sem vítima";"41,5";"BR-050/MG";"Norte";"Saida de Pista";1;0;0;0;0;0;0;0;0;0;1;0;0;0;0
"15/11/2014";"05:59:00";"15";"sem vítima";"61,5";"BR-050/MG";"Sul";"Saida de Pista";1;0;0;0;0;0;0;0;0;0;4;0;0;0;0
"15/11/2014";"13:50:00";"88";"sem vítima";"114,1";"BR-050/GO";"Norte";"Capotamento";0;0;1;0;0;0;0;0;0;0;1;0;0;0;0
"15/11/2014";"17:19:00";"110";"com vítima";"56,6";"BR-050/MG";"Norte";"Choque - Defensa, barreira ou meio fio";1;0;0;0;0;0;0;0;0;0;0;0;2;0;0
"15/11/2014";"18:51:00";"119";"com vítima";"189,3";"BR-050/MG";"Sul";"Capotamento";1;0;0;0;0;0;0;0;0;0;0;0;1;0;0
"16/11/2014";"02:38:00";"13";"com vítima";"112,6";"BR-050/GO";"Norte";"Colisão Traseira";1;0;0;0;0;0;0;0;0;0;1;1;0;0;0
"16/11/2014";"05:30:00";"18";"sem vítima";"17,9";"BR-050/MG";"Norte";"Saida de Pista";1;0;0;0;0;0;0;0;0;0;4;0;0;0;0
"16/11/2014";"06:21:00";"19";"sem vítima";"36";"BR-050/MG";"Sul";"Capotamento";1;0;0;0;0;0;0;0;0;0;4;0;0;0;0
"16/11/2014";"15:36:00";"75";"com vítima";"168,25";"BR-050/GO";"Sul";"Saida de Pista";0;0;0;1;0;0;0;0;0;0;0;1;0;0;0
"16/11/2014";"16:04:00";"79";"com vítima";"198";"BR-050/MG";"Sul";"Colisão Traseira";0;0;0;1;0;1;0;0;0;0;1;1;0;0;0
"16/11/2014";"18:27:00";"98";"com vítima";"274,7";"BR-050/GO";"Norte";"Colisão Transversal";0;0;1;1;0;0;0;0;0;0;1;0;1;0;0
"16/11/2014";"18:32:00";"99";"sem vítima";"195";"BR-050/MG";"Sul";"Engavetamento";4;0;0;0;0;0;0;0;0;1;5;0;0;0;0
"16/11/2014";"19:01:00";"104";"com vítima";"196";"BR-050/MG";"Sul";"Engavetamento";3;0;0;0;0;0;0;0;0;1;3;1;0;0;0
"16/11/2014";"20:03:00";"114";"com vítima";"27,8";"BR-050/MG";"Sul";"Saida de Pista";1;0;0;0;0;0;0;0;0;0;0;1;0;0;0
"17/11/2014";"17:03:00";"89";"sem vítima";"206,5";"BR-050/MG";"Sul";"Colisão Traseira";1;0;0;0;0;0;0;0;0;1;5;0;0;0;0
"18/11/2014";"11:43:00";"73";"com vítima";"173,1";"BR-050/MG";"Norte";"Queda de Moto";0;0;0;1;0;0;0;0;0;0;0;2;0;0;0
"18/11/2014";"11:55:00";"74";"sem vítima";"7,88";"CT-UDI-MG";"Sul";"Colisão Traseira";0;0;1;0;0;0;0;0;0;1;2;0;0;0;0
"18/11/2014";"13:03:00";"78";"sem vítima";"180,06";"BR-050/MG";"Norte";"Choque - Defensa, barreira ou meio fio";1;0;0;0;0;0;0;0;0;0;1;0;0;0;0
"19/11/2014";"08:42:00";"31";"sem vítima";"174,1";"BR-050/MG";"Norte";"Colisão Lateral";1;0;1;0;0;0;0;0;0;0;5;0;0;0;0
"19/11/2014";"13:00:00";"65";"com vítima";"78,7";"BR-050/MG";"Norte";"Colisão Traseira";2;0;0;0;0;0;0;0;0;0;0;3;0;0;0
"19/11/2014";"20:48:00";"123";"sem vítima";"14,4";"CT-UDI-MG";"Sul";"Choque - Defensa, barreira ou meio fio";1;0;0;0;0;0;0;0;0;0;1;0;0;0;0
"19/11/2014";"23:05:00";"135";"sem vítima";"211,15";"BR-050/GO";"Norte";"Colisão Lateral";0;0;1;0;1;0;0;0;0;0;10;0;0;0;0
"20/11/2014";"16:36:00";"106";"com vítima";"79,8";"BR-050/MG";"Norte";"Colisão Traseira";1;0;0;1;0;0;0;0;0;0;1;0;2;0;0
"20/11/2014";"17:33:00";"114";"com vítima";"61";"BR-050/MG";"Sul";"Queda de Moto";0;0;0;1;0;0;0;0;0;0;1;0;1;0;0
"21/11/2014";"02:01:00";"7";"sem vítima";"56";"BR-050/MG";"Norte";"Choque - Defensa, barreira ou meio fio";1;0;0;0;0;0;0;0;0;0;2;0;0;0;0
"21/11/2014";"12:03:00";"65";"sem vítima";"186,8";"BR-050/GO";"Norte";"Choque - Arvore";0;0;1;0;0;0;0;0;0;0;1;0;0;0;0
"21/11/2014";"12:47:00";"72";"com vítima";"19";"CT-UDI-MG";"Norte";"Queda de Moto";0;0;0;1;0;0;0;0;0;0;0;1;0;0;0
"21/11/2014";"14:33:00";"88";"sem vítima";"196,56";"BR-050/MG";"Sul";"Carreta deu L";0;0;2;0;0;0;0;0;0;0;2;0;0;0;0
"21/11/2014";"17:59:00";"128";"com vítima";"276";"BR-050/GO";"Sul";"Atropelamento - Usuário";0;0;0;1;0;0;0;0;0;0;1;1;0;0;0
"21/11/2014";"20:21:00";"153";"sem vítima";"292";"BR-050/GO";"Sul";"Atropelamento - Animal";1;0;0;0;0;0;0;0;0;0;2;0;0;0;0
"21/11/2014";"20:44:00";"155";"sem vítima";"279";"BR-050/GO";"Norte";"Colisão Lateral";1;0;0;0;0;0;0;0;0;0;4;0;0;0;0
"21/11/2014";"20:49:00";"156";"sem vítima";"91,3";"BR-050/MG";"Norte";"Colisão Traseira";1;0;1;0;0;0;0;0;0;0;2;0;0;0;0
"22/11/2014";"13:15:00";"69";"sem vítima";"177,8";"BR-050/MG";"Sul";"Colisão Traseira";2;0;0;0;0;0;0;0;0;0;4;0;0;0;0
"22/11/2014";"13:50:00";"74";"com vítima";"164,7";"BR-050/GO";"Norte";"Queda de Ciclista";0;1;0;0;0;0;0;0;0;0;0;1;0;0;0
"22/11/2014";"14:45:00";"79";"com vítima";"167,5";"BR-050/GO";"Sul";"Capotamento";1;0;0;0;0;0;0;0;0;0;0;3;0;0;0
"22/11/2014";"14:52:00";"81";"com vítima";"3,7";"BR-050/MG";"Sul";"Saida de Pista";0;0;0;1;0;0;0;0;0;0;0;1;0;0;0
"22/11/2014";"18:13:00";"101";"com vítima";"311,8";"BR-050/GO";"Sul";"Capotamento";1;0;0;0;0;0;0;0;0;0;1;2;0;0;0
"22/11/2014";"20:45:00";"126";"sem vítima";"202,6";"BR-050/MG";"Norte";"Choque - Defensa, barreira ou meio fio";1;0;0;0;0;0;0;0;0;0;3;0;0;0;0
"22/11/2014";"23:42:00";"132";"sem vítima";"41,5";"BR-050/MG";"Sul";"Saida de Pista";1;0;0;0;0;0;0;0;0;0;3;0;0;0;0
"23/11/2014";"13:27:00";"55";"com vítima";"154,6";"BR-050/MG";"Norte";"Capotamento";1;0;0;0;0;0;0;0;0;0;0;2;0;0;0
"23/11/2014";"15:08:00";"63";"com vítima";"271";"BR-050/GO";"Norte";"Saida de Pista";1;0;0;0;0;0;0;0;0;0;0;2;0;0;0
"23/11/2014";"15:50:00";"68";"sem vítima";"86,6";"BR-050/MG";"Sul";"Capotamento";1;0;0;0;0;0;0;0;0;0;1;0;0;0;0
"23/11/2014";"16:25:00";"72";"sem vítima";"16,7";"BR-050/MG";"Sul";"Colisão Traseira";2;0;0;0;0;0;0;0;0;0;6;0;0;0;0
"23/11/2014";"16:35:00";"74";"com vítima";"278,9";"BR-050/GO";"Norte";"Colisão Traseira";1;0;0;1;0;0;0;0;0;0;2;1;0;0;0
"23/11/2014";"18:00:00";"81";"sem vítima";"178";"BR-050/MG";"Sul";"Choque - Defensa, barreira ou meio fio";1;0;0;0;0;0;0;0;0;0;4;0;0;0;0
"24/11/2014";"03:58:00";"6";"com vítima";"187,2";"BR-050/GO";"Norte";"Choque - Arvore";1;0;0;0;0;0;0;0;0;0;2;2;0;0;0
"24/11/2014";"15:04:00";"86";"sem vítima";"205,3";"BR-050/MG";"Norte";"Colisão Lateral";1;0;1;0;0;0;0;0;0;0;2;0;0;0;0
"24/11/2014";"15:37:00";"92";"sem vítima";"52,3";"BR-050/MG";"Norte";"Colisão Lateral";0;0;2;0;0;0;0;0;0;0;2;0;0;0;0
"24/11/2014";"16:21:00";"95";"sem vítima";"114";"BR-050/GO";"Sul";"Capotamento";0;0;0;0;0;0;0;0;0;1;2;0;0;0;0
"24/11/2014";"16:35:00";"100";"com vítima";"131,64";"BR-050/MG";"Norte";"Colisão Traseira";0;0;1;0;0;0;0;0;0;1;2;0;2;0;0
"24/11/2014";"22:51:00";"133";"sem vítima";"61,5";"BR-050/MG";"Norte";"Saida de Pista";1;0;0;0;0;0;0;0;0;0;1;0;0;0;0
"25/11/2014";"07:46:00";"23";"sem vítima";"58,3";"BR-050/MG";"Norte";"Choque - Defensa, barreira ou meio fio";0;0;0;0;0;0;0;0;0;1;1;0;0;0;0
"25/11/2014";"08:32:00";"32";"sem vítima";"96";"BR-050/MG";"Sul";"Saida de Pista";1;0;0;0;0;0;0;0;0;0;3;0;0;0;0
"25/11/2014";"11:05:00";"55";"com vítima";"312";"BR-050/GO";"Norte";"Colisão Frontal";1;0;2;0;0;0;0;0;0;0;5;0;0;0;1
"25/11/2014";"18:51:00";"98";"sem vítima";"158";"BR-050/MG";"Norte";"Choque - Talude";1;0;0;0;0;0;0;0;0;0;1;0;0;0;0
"25/11/2014";"19:46:00";"106";"sem vítima";"178,1";"BR-050/MG";"Sul";"Choque - Defensa, barreira ou meio fio";1;0;0;0;0;0;0;0;0;0;1;0;0;0;0
"26/11/2014";"15:19:00";"88";"sem vítima";"182,9";"BR-050/MG";"Sul";"Tombamento";0;0;1;0;0;0;0;0;0;0;1;0;0;0;0
"26/11/2014";"15:53:00";"93";"sem vítima";"173,8";"BR-050/MG";"Sul";"Colisão Traseira";0;0;1;0;0;0;0;0;0;1;3;0;0;0;0
"26/11/2014";"17:09:00";"105";"sem vítima";"59";"BR-050/MG";"Sul";"Saida de Pista";1;0;0;0;0;0;0;0;0;0;2;0;0;0;0
"27/11/2014";"09:29:00";"41";"com vítima";"43,9";"BR-050/MG";"Norte";"Colisão Traseira";1;0;1;0;0;0;0;0;0;0;1;1;0;0;0
"27/11/2014";"14:31:00";"72";"com vítima";"247";"BR-050/GO";"Sul";"Colisão Frontal";0;0;1;0;0;0;0;0;0;1;1;0;0;1;0
"27/11/2014";"15:19:00";"71";"sem vítima";"88,2";"BR-050/MG";"Sul";"Queda de Ciclista";0;1;0;0;0;0;0;0;0;0;1;0;0;0;0
"27/11/2014";"18:46:00";"100";"sem vítima";"199,8";"BR-050/MG";"Norte";"Colisão Traseira";1;0;0;0;1;1;0;0;0;0;4;0;0;0;0
"27/11/2014";"19:56:00";"104";"sem vítima";"131,8";"BR-050/MG";"Norte";"Saida de Pista";0;0;1;0;0;0;0;0;0;0;2;0;0;0;0
"27/11/2014";"21:00:00";"113";"sem vítima";"15";"BR-050/MG";"Sul";"Saida de Pista";0;0;1;0;0;0;0;0;0;0;1;0;0;0;0
"27/11/2014";"22:08:00";"121";"sem vítima";"169";"BR-050/MG";"Norte";"Choque - Defensa, barreira ou meio fio";1;0;0;0;0;0;0;0;0;0;1;0;0;0;0
"28/11/2014";"00:50:00";"8";"sem vítima";"55";"BR-050/MG";"Sul";"Tombamento";0;0;1;0;0;0;0;0;0;0;1;0;0;0;0
"28/11/2014";"07:51:00";"28";"com vítima";"48";"BR-050/MG";"Sul";"Queda de Moto";0;0;0;1;0;0;0;0;0;0;0;1;0;0;0
"28/11/2014";"11:50:00";"48";"sem vítima";"167,35";"BR-050/MG";"Norte";"Saida de Pista";1;0;0;0;0;1;0;0;0;0;4;0;0;0;0
"28/11/2014";"15:55:00";"72";"com vítima";"62";"BR-050/MG";"Norte";"Choque - Arvore";0;0;0;0;0;0;0;0;0;1;2;0;0;1;0
"28/11/2014";"16:25:00";"79";"sem vítima";"60";"BR-050/MG";"Norte";"Saida de Pista";1;0;0;0;0;0;0;0;0;0;1;0;0;0;0
"28/11/2014";"16:28:00";"80";"sem vítima";"180";"BR-050/MG";"Sul";"Colisão Lateral";2;0;2;0;0;0;0;0;0;0;4;0;0;0;0
"28/11/2014";"16:45:00";"83";"sem vítima";"10,8";"BR-050/MG";"Sul";"Saida de Pista";1;0;0;0;0;0;0;0;0;0;1;0;0;0;0
"28/11/2014";"17:39:00";"87";"sem vítima";"120";"BR-050/GO";"Norte";"Saida de Pista";1;0;0;0;0;0;0;0;0;0;1;0;0;0;0
"28/11/2014";"18:05:00";"90";"sem vítima";"154";"BR-050/MG";"Sul";"Saida de Pista";1;0;0;0;0;0;0;0;0;0;3;0;0;0;0
"28/11/2014";"18:11:00";"92";"com vítima";"144,9";"BR-050/MG";"Sul";"Saida de Pista";1;0;0;0;0;0;0;0;0;0;0;1;0;0;0
"28/11/2014";"18:52:00";"96";"sem vítima";"62";"BR-050/MG";"Sul";"Colisão Lateral";1;0;0;0;0;0;0;0;0;0;1;0;0;0;0
"28/11/2014";"19:46:00";"100";"sem vítima";"178";"BR-050/MG";"Sul";"Choque - Defensa, barreira ou meio fio";1;0;0;0;0;0;0;0;0;0;2;0;0;0;0
"28/11/2014";"21:53:00";"113";"sem vítima";"303,6";"BR-050/GO";"Sul";"Saida de Pista";1;0;0;0;0;0;0;0;0;0;1;0;0;0;0
"29/11/2014";"00:37:00";"3";"sem vítima";"61,5";"BR-050/MG";"Norte";"Saida de Pista";1;0;0;0;0;0;0;0;0;0;2;0;0;0;0
"29/11/2014";"01:07:00";"7";"sem vítima";"180";"BR-050/MG";"Sul";"Tombamento";0;0;1;0;0;0;0;0;0;0;1;0;0;0;0
"29/11/2014";"01:21:00";"8";"sem vítima";"41,6";"BR-050/MG";"Norte";"Saida de Pista";1;0;0;0;0;0;0;0;0;0;3;0;0;0;0
"29/11/2014";"02:10:00";"11";"sem vítima";"104,5";"BR-050/MG";"Sul";"Choque - Objeto sobre a pista";0;0;1;0;0;0;0;0;0;0;1;0;0;0;0
"29/11/2014";"08:42:00";"32";"com vítima";"92,1";"BR-050/MG";"Norte";"Choque - Barranco";1;0;0;0;0;0;0;0;0;0;1;1;0;0;0
"29/11/2014";"15:03:00";"73";"com vítima";"115,08";"BR-050/MG";"Norte";"Capotamento";1;0;0;0;0;0;0;0;0;0;0;0;1;0;0
"29/11/2014";"15:37:00";"77";"sem vítima";"194";"BR-050/GO";"Sul";"Engavetamento";0;0;3;0;0;0;0;0;0;0;4;0;0;0;0
"29/11/2014";"19:11:00";"90";"com vítima";"125,4";"BR-050/GO";"Norte";"Capotamento";1;0;0;0;0;0;0;0;0;0;0;3;0;0;0
"29/11/2014";"19:51:00";"92";"com vítima";"180";"BR-050/MG";"Sul";"Colisão Traseira";1;0;0;0;0;0;0;0;0;0;3;0;1;0;0
"30/11/2014";"01:09:00";"6";"com vítima";"149";"BR-050/MG";"Sul";"Capotamento";1;0;0;0;0;0;0;0;0;0;0;0;1;0;0
"30/11/2014";"03:54:00";"10";"com vítima";"199";"BR-050/MG";"Sul";"Choque - Defensa, barreira ou meio fio";1;0;0;0;0;0;0;0;0;0;0;0;1;1;0
"30/11/2014";"07:22:00";"16";"sem vítima";"178,02";"BR-050/MG";"Sul";"Choque - Defensa, barreira ou meio fio";1;0;0;0;0;0;0;0;0;0;2;0;0;0;0
"30/11/2014";"16:23:00";"75";"sem vítima";"284";"BR-050/GO";"Norte";"Colisão Lateral";2;0;0;0;0;0;0;0;0;0;4;0;0;0;0
"30/11/2014";"17:35:00";"88";"sem vítima";"296,8";"BR-050/GO";"Sul";"Capotamento";1;0;0;0;0;0;0;0;0;0;2;0;0;0;0
"30/11/2014";"18:01:00";"92";"sem vítima";"39,5";"BR-050/MG";"Norte";"Queda";1;0;0;0;0;0;0;0;0;0;4;0;0;0;0
"30/11/2014";"18:29:00";"97";"sem vítima";"146,5";"BR-050/MG";"Sul";"Saida de Pista";1;0;0;0;0;0;0;0;0;0;4;0;0;0;0
"30/11/2014";"18:44:00";"98";"com vítima";"24,6";"BR-050/MG";"Sul";"Saida de Pista";1;0;0;0;0;0;0;0;0;0;2;1;0;0;0
"01/12/2014";"01:58:00";"6";"com vítima";"22";"BR-050/MG";"Sul";"Queda de Moto";0;0;0;1;0;0;0;0;0;0;0;1;0;0;0
"01/12/2014";"18:42:00";"103";"sem vítima";"96";"BR-050/GO";"Sul";"Capotamento";2;0;0;0;0;0;0;0;0;0;3;0;0;0;0
"01/12/2014";"19:17:00";"106";"com vítima";"31,5";"BR-050/MG";"Norte";"Tombamento";0;0;1;0;0;0;0;0;0;0;0;1;0;0;0
"01/12/2014";"19:36:00";"110";"sem vítima";"168,2";"BR-050/GO";"Norte";"Tombamento";0;0;1;0;0;0;0;0;0;0;1;0;0;0;0
"01/12/2014";"20:20:00";"115";"com vítima";"3";"CT-UDI-MG";"Norte";"Colisão Traseira";0;1;0;0;0;1;0;0;0;0;1;0;1;0;0
"01/12/2014";"22:42:00";"127";"com vítima";"95,7";"BR-050/GO";"Norte";"Capotamento";0;0;1;0;0;0;0;0;0;0;0;1;0;0;0
"02/12/2014";"04:52:00";"11";"com vítima";"167,2";"BR-050/MG";"Sul";"Capotamento";1;0;0;0;0;0;0;0;0;0;0;1;0;0;0
"02/12/2014";"06:54:00";"17";"sem vítima";"304,5";"BR-050/GO";"Norte";"Saida de Pista";0;0;0;0;0;0;0;0;0;1;1;0;0;0;0
"02/12/2014";"08:37:00";"39";"com vítima";"142,4";"BR-050/GO";"Norte";"Colisão Frontal";1;0;1;0;0;0;0;0;0;0;1;1;1;0;0
"02/12/2014";"16:53:00";"85";"sem vítima";"194";"BR-050/MG";"Norte";"Colisão Traseira";0;0;1;0;0;0;0;0;0;1;4;0;0;0;0
"03/12/2014";"02:49:00";"8";"com vítima";"235";"BR-050/GO";"Norte";"Tombamento";0;0;1;0;0;0;0;0;0;0;0;1;0;0;0
"03/12/2014";"03:18:00";"9";"sem vítima";"23";"BR-050/MG";"Norte";"Saida de Pista";0;0;1;0;0;0;0;0;0;0;1;0;0;0;0
"03/12/2014";"07:20:00";"20";"com vítima";"99";"BR-050/GO";"Sul";"Colisão Transversal";1;0;0;1;0;0;0;0;0;0;1;1;0;0;0
"03/12/2014";"08:32:00";"31";"com vítima";"191,08";"BR-050/MG";"Norte";"Colisão Lateral";1;0;1;0;0;0;0;0;0;0;3;2;0;0;0
"03/12/2014";"12:35:00";"63";"sem vítima";"227,2";"BR-050/GO";"Norte";"Choque - Arvore";1;0;0;0;0;0;0;0;0;0;1;0;0;0;0
"03/12/2014";"20:42:00";"125";"sem vítima";"41,7";"BR-050/MG";"Sul";"Choque - Defensa, barreira ou meio fio";1;0;0;0;0;0;0;0;0;0;1;0;0;0;0
"04/12/2014";"04:47:00";"19";"sem vítima";"262";"BR-050/GO";"Sul";"Saida de Pista";1;0;0;0;0;0;0;0;0;0;1;0;0;0;0
"04/12/2014";"08:16:00";"39";"sem vítima";"198";"BR-050/MG";"Norte";"Engavetamento";0;0;0;0;0;0;0;0;0;3;5;0;0;0;0
"04/12/2014";"10:22:00";"55";"sem vítima";"77,3";"BR-050/MG";"Norte";"Colisão Traseira";1;0;0;0;0;0;0;0;0;1;2;0;0;0;0
"04/12/2014";"18:43:00";"115";"sem vítima";"158";"BR-050/MG";"Sul";"Saida de Pista";0;0;0;0;0;0;0;0;0;1;1;0;0;0;0
"04/12/2014";"23:12:00";"140";"sem vítima";"120,44";"BR-050/MG";"Sul";"Tombamento";0;0;1;0;0;0;0;0;0;0;1;0;0;0;0
"05/12/2014";"10:17:00";"52";"sem vítima";"147,5";"BR-050/MG";"Norte";"Choque - Defensa, barreira ou meio fio";1;0;0;0;0;0;0;0;0;0;1;0;0;0;0
"05/12/2014";"14:21:00";"85";"sem vítima";"158,7";"BR-050/MG";"Sul";"Saida de Pista";0;0;0;0;0;0;0;0;0;1;5;0;0;0;0
"05/12/2014";"15:07:00";"93";"com vítima";"243,1";"BR-050/GO";"Sul";"Choque - Arvore";1;0;0;0;0;0;0;0;0;0;1;1;0;0;0
"05/12/2014";"17:38:00";"111";"sem vítima";"49,9";"BR-050/MG";"Sul";"Saida de Pista";0;0;0;0;0;0;0;0;0;1;1;0;0;0;0
"05/12/2014";"18:22:00";"114";"sem vítima";"300";"BR-050/GO";"Sul";"Colisão Lateral";1;0;1;0;0;0;0;0;0;0;5;0;0;0;0
"05/12/2014";"19:14:00";"122";"sem vítima";"60,8";"BR-050/MG";"Sul";"Saida de Pista";1;0;0;0;0;0;0;0;0;0;1;0;0;0;0
"06/12/2014";"04:47:00";"16";"com vítima";"50";"BR-050/MG";"Norte";"Capotamento";1;0;0;0;0;0;0;0;0;0;0;1;0;0;0
"06/12/2014";"06:29:00";"21";"com vítima";"51,6";"BR-050/MG";"Norte";"Saida de Pista";1;0;0;0;0;0;0;0;0;0;0;1;0;0;0
"06/12/2014";"14:44:00";"82";"sem vítima";"158,8";"BR-050/GO";"Sul";"Carreta deu L";0;0;1;0;0;0;0;0;0;0;1;0;0;0;0
"06/12/2014";"16:30:00";"94";"sem vítima";"199,9";"BR-050/MG";"Sul";"Tombamento";0;0;1;0;0;0;0;0;0;0;1;0;0;0;0
"07/12/2014";"05:08:00";"12";"sem vítima";"166,4";"BR-050/MG";"Norte";"Saida de Pista";1;0;0;0;0;0;0;0;0;0;2;0;0;0;0
"07/12/2014";"06:47:00";"17";"com vítima";"5,7";"BR-050/MG";"Sul";"Saida de Pista";1;0;0;0;0;0;0;0;0;0;0;1;0;0;0
"07/12/2014";"16:22:00";"69";"com vítima";"46,7";"BR-050/MG";"Sul";"Choque - Defensa, barreira ou meio fio";1;0;0;0;0;0;0;0;0;0;0;1;0;0;0
"07/12/2014";"18:13:00";"86";"sem vítima";"169,8";"BR-050/MG";"Sul";"Carreta deu L";0;0;1;0;0;0;0;0;0;0;1;0;0;0;0
"07/12/2014";"18:45:00";"89";"com vítima";"280,8";"BR-050/GO";"Sul";"Colisão Traseira";0;0;1;1;0;0;0;0;0;0;1;1;0;0;0
"07/12/2014";"19:04:00";"94";"sem vítima";"281,1";"BR-050/GO";"Norte";"Colisão Traseira";2;0;0;0;0;0;0;0;0;0;5;0;0;0;0
"07/12/2014";"22:19:00";"119";"sem vítima";"62,5";"BR-050/MG";"Sul";"Capotamento";1;0;0;0;0;0;0;0;0;0;3;0;0;0;0