data;horario;n_da_ocorrencia;tipo_de_ocorrencia;km;trecho;sentido;tipo_de_acidente;automovel;bicicleta;caminhao;moto;onibus;outros;tracao_animal;transporte_de_cargas_especiais;trator_maquinas;utilitarios;ilesos;levemente_feridos;moderadamente_feridos;gravemente_feridos;mortos
"07/12/2014";"23:46:00";"126";"com vítima";"159";"BR-050/MG";"Norte";"Colisão Lateral";1;0;0;1;0;0;0;0;0;0;1;0;0;1;0
"08/12/2014";"04:01:00";"6";"com vítima";"0,6";"BR-050/MG";"Norte";"Capotamento";1;0;0;0;0;0;0;0;0;0;4;2;0;0;0
"09/12/2014";"00:47:00";"3";"sem vítima";"150,5";"BR-050/MG";"Sul";"Saida de Pista";1;0;0;0;0;0;0;0;0;0;1;0;0;0;0
"09/12/2014";"19:06:00";"121";"sem vítima";"21";"BR-050/MG";"Sul";"Saida de Pista";1;0;0;0;0;0;0;0;0;0;4;0;0;0;0
"10/12/2014";"12:44:00";"75";"sem vítima";"27";"BR-050/MG";"Sul";"Saida de Pista";1;0;0;0;0;0;0;0;0;0;3;0;0;0;0
"10/12/2014";"13:21:00";"77";"sem vítima";"30,1";"BR-050/MG";"Sul";"Choque - Defensa, barreira ou meio fio";0;0;0;0;0;0;0;0;0;1;1;0;0;0;0
"10/12/2014";"18:37:00";"127";"sem vítima";"96";"BR-050/MG";"Norte";"Colisão Lateral";1;0;1;0;0;0;0;0;0;0;3;0;0;0;0
"11/12/2014";"15:29:00";"83";"sem vítima";"175,43";"BR-050/MG";"Sul";"Choque - Defensa, barreira ou meio fio";1;0;0;0;0;0;0;0;0;0;1;0;0;0;0
"11/12/2014";"17:46:00";"97";"sem vítima";"60,28";"BR-050/MG";"Norte";"Saida de Pista";1;0;0;0;0;0;0;0;0;0;3;0;0;0;0
"11/12/2014";"17:48:00";"99";"com vítima";"93,64";"BR-050/MG";"Sul";"Saida de Pista";1;0;0;0;0;0;0;0;0;0;0;1;0;0;0
"12/12/2014";"05:58:00";"21";"sem vítima";"96,5";"BR-050/MG";"Norte";"Saida de Pista";0;0;1;0;0;0;0;0;0;0;1;0;0;0;0
"12/12/2014";"09:10:00";"40";"com vítima";"208";"BR-050/GO";"Norte";"Colisão Lateral";0;0;0;1;0;0;0;0;0;1;2;1;0;0;0
"12/12/2014";"14:38:00";"74";"sem vítima";"247,7";"BR-050/GO";"Norte";"Choque - Barranco";1;0;0;0;0;0;0;0;0;0;2;0;0;0;0
"12/12/2014";"17:00:00";"95";"sem vítima";"17";"BR-050/MG";"Norte";"Choque - Elemento de Drenagem";1;0;0;0;0;0;0;0;0;0;3;0;0;0;0
"12/12/2014";"20:00:00";"120";"sem vítima";"54";"BR-050/MG";"Sul";"Tombamento";0;0;1;0;0;0;0;0;0;0;1;0;0;0;0
"12/12/2014";"20:06:00";"122";"sem vítima";"22";"BR-050/MG";"Sul";"Choque - Defensa, barreira ou meio fio";1;0;0;0;0;0;0;0;0;0;2;0;0;0;0
"13/12/2014";"01:10:00";"2";"sem vítima";"130";"BR-050/MG";"Norte";"Colisão Traseira";0;0;1;0;0;0;0;0;0;1;2;0;0;0;0
"13/12/2014";"04:01:00";"8";"com vítima";"49,6";"BR-050/MG";"Sul";"Choque - Defensa, barreira ou meio fio";1;0;0;0;0;0;0;0;0;0;0;1;0;0;0
"13/12/2014";"05:23:00";"10";"sem vítima";"36";"BR-050/MG";"Sul";"Saida de Pista";1;0;0;0;0;0;0;0;0;0;2;0;0;0;0
"13/12/2014";"05:30:00";"11";"sem vítima";"19";"CT-UDI-MG";"Norte";"Saida de Pista";1;0;0;0;0;0;0;0;0;0;2;0;0;0;0
"13/12/2014";"06:56:00";"14";"sem vítima";"29";"BR-050/MG";"Norte";"Saida de Pista";1;0;0;0;0;0;0;0;0;0;1;0;0;0;0
"13/12/2014";"22:24:00";"149";"com vítima";"62";"BR-050/MG";"Norte";"Capotamento";1;0;0;0;0;0;0;0;0;0;0;2;0;0;0
"13/12/2014";"23:36:00";"160";"sem vítima";"183,8";"BR-050/MG";"Sul";"Choque - Defensa, barreira ou meio fio";1;0;0;0;0;0;0;0;0;0;2;0;0;0;0
"14/12/2014";"00:29:00";"5";"com vítima";"252,2";"BR-050/GO";"Norte";"Colisão Frontal";1;0;1;0;0;0;0;0;0;0;2;2;0;2;0
"14/12/2014";"06:05:00";"56";"sem vítima";"144,5";"BR-050/GO";"Sul";"Saida de Pista";0;0;0;0;1;0;0;0;0;0;33;0;0;0;0
"14/12/2014";"06:34:00";"60";"com vítima";"104,6";"BR-050/GO";"Sul";"Capotamento";0;0;0;0;0;0;0;0;0;1;0;1;0;0;0
"14/12/2014";"06:42:00";"61";"sem vítima";"30,1";"BR-050/MG";"Norte";"Colisão Traseira";1;0;0;0;0;0;0;0;0;0;2;0;0;0;0
"14/12/2014";"08:25:00";"75";"com vítima";"226";"BR-050/GO";"Norte";"Colisão Traseira";0;0;0;2;0;0;0;0;0;0;0;2;0;0;0
"14/12/2014";"08:39:00";"76";"sem vítima";"120,4";"BR-050/MG";"Norte";"Saida de Pista";1;0;0;0;0;0;0;0;0;0;1;0;0;0;0
"14/12/2014";"11:32:00";"98";"sem vítima";"100";"BR-050/GO";"Norte";"Colisão Traseira";2;0;0;0;0;0;0;0;0;0;5;0;0;0;0
"14/12/2014";"16:01:00";"141";"sem vítima";"171";"BR-050/MG";"Sul";"Queda de Ciclista";0;1;0;0;0;0;0;0;0;0;2;0;0;0;0
"15/12/2014";"07:47:00";"73";"com vítima";"212,3";"BR-050/GO";"Sul";"Choque - Arvore";1;0;0;0;0;0;0;0;0;0;1;2;1;0;0
"15/12/2014";"19:28:00";"157";"sem vítima";"6";"CT-UDI-MG";"Norte";"Tombamento";0;0;1;0;0;0;0;0;0;0;1;0;0;0;0
"15/12/2014";"22:22:00";"175";"com vítima";"39,6";"BR-050/MG";"Sul";"Capotamento";1;0;0;0;0;0;0;0;0;0;0;1;0;0;0
"16/12/2014";"00:18:00";"1";"com vítima";"29,9";"BR-050/MG";"Norte";"Tombamento";0;0;1;0;0;0;0;0;0;0;0;0;0;1;0
"16/12/2014";"11:10:00";"47";"com vítima";"96,4";"BR-050/GO";"Sul";"Colisão Lateral";0;0;0;1;0;0;0;0;0;1;1;1;0;0;0
"16/12/2014";"17:55:00";"107";"sem vítima";"30";"BR-050/MG";"Sul";"Choque - Veiculo parado na pista";0;0;2;0;0;0;0;0;0;0;2;0;0;0;0
"17/12/2014";"05:50:00";"15";"com vítima";"9,2";"BR-050/MG";"Norte";"Colisão Lateral";1;0;0;0;0;1;0;0;0;0;5;1;0;0;0
"17/12/2014";"10:45:00";"58";"sem vítima";"122,8";"BR-050/MG";"Norte";"Capotamento";1;0;1;0;0;0;0;0;0;0;2;0;0;0;0
"17/12/2014";"13:02:00";"80";"sem vítima";"313,6";"BR-050/GO";"Sul";"Carreta deu L";0;0;1;0;0;0;0;0;0;0;1;0;0;0;0
"17/12/2014";"18:03:00";"115";"sem vítima";"134,2";"BR-050/MG";"Sul";"Saida de Pista";1;0;0;0;0;0;0;0;0;0;5;0;0;0;0
"17/12/2014";"21:50:00";"138";"com vítima";"124,7";"BR-050/MG";"Norte";"Colisão Lateral";1;0;1;0;0;0;0;0;0;0;2;2;0;0;0
"18/12/2014";"02:44:00";"14";"sem vítima";"2,1";"BR-050/MG";"Norte";"Choque - Defensa, barreira ou meio fio";1;0;0;0;0;0;0;0;0;0;2;0;0;0;0
"18/12/2014";"08:21:00";"46";"sem vítima";"81";"BR-050/MG";"Norte";"Saida de Pista";1;0;0;0;0;0;0;0;0;0;1;0;0;0;0
"18/12/2014";"12:28:00";"83";"sem vítima";"52";"BR-050/MG";"Sul";"Tombamento";0;0;0;0;0;0;0;0;0;1;1;0;0;0;0
"18/12/2014";"14:45:00";"109";"com vítima";"192";"BR-050/MG";"Sul";"Saida de Pista";1;0;0;0;0;0;0;0;0;0;3;1;0;0;0
"19/12/2014";"01:38:00";"5";"com vítima";"239";"BR-050/GO";"Sul";"Tombamento";0;0;1;0;0;0;0;0;0;0;0;1;0;0;0
"19/12/2014";"03:27:00";"8";"sem vítima";"61";"BR-050/MG";"Norte";"Saida de Pista";1;0;0;0;0;0;0;0;0;0;1;0;0;0;0
"19/12/2014";"04:05:00";"12";"sem vítima";"61";"BR-050/MG";"Sul";"Choque - Defensa, barreira ou meio fio";1;0;0;0;0;0;0;0;0;0;2;0;0;0;0
"19/12/2014";"12:39:00";"70";"sem vítima";"5,7";"BR-050/MG";"Norte";"Choque - Barranco";1;0;0;0;0;0;0;0;0;0;1;0;0;0;0
"19/12/2014";"13:24:00";"80";"sem vítima";"177,72";"BR-050/MG";"Sul";"Choque - Poste";0;0;0;0;0;0;0;0;0;1;1;0;0;0;0
"19/12/2014";"17:57:00";"117";"com vítima";"153,06";"BR-050/MG";"Sul";"Capotamento";0;0;0;0;0;0;0;0;0;1;0;0;2;0;0
"19/12/2014";"21:49:00";"148";"sem vítima";"54";"BR-050/MG";"Sul";"Colisão Traseira";0;0;2;0;0;0;0;0;0;0;2;0;0;0;0
"19/12/2014";"22:05:00";"120";"com vítima";"98";"BR-050/GO";"Norte";"Colisão Lateral";1;0;0;1;0;0;0;0;0;0;1;1;1;0;0
"20/12/2014";"04:12:00";"11";"com vítima";"243,95";"BR-050/GO";"Norte";"Colisão Lateral";1;0;0;0;1;0;0;0;0;0;3;1;0;0;0
"20/12/2014";"05:28:00";"12";"sem vítima";"96";"BR-050/MG";"Norte";"Colisão Traseira";1;0;1;0;0;0;0;0;0;0;2;0;0;0;0
"20/12/2014";"08:54:00";"36";"sem vítima";"114";"BR-050/MG";"Norte";"Saida de Pista";1;0;0;0;0;0;0;0;0;0;4;0;0;0;0
"20/12/2014";"12:50:00";"77";"sem vítima";"139,5";"BR-050/GO";"Sul";"Saida de Pista";0;0;1;0;0;0;0;0;0;0;2;0;0;0;0
"20/12/2014";"13:31:00";"88";"sem vítima";"64,1";"BR-050/MG";"Sul";"Capotamento";1;0;0;0;0;0;0;0;0;0;4;0;0;0;0
"20/12/2014";"14:03:00";"92";"sem vítima";"9,9";"CT-UDI-MG";"Sul";"Saida de Pista";1;0;0;0;0;0;0;0;0;0;5;0;0;0;0
"20/12/2014";"15:02:00";"103";"com vítima";"192,1";"BR-050/MG";"Sul";"Capotamento";1;0;0;0;0;0;0;0;0;0;0;0;2;0;1
"20/12/2014";"15:59:00";"109";"com vítima";"116";"BR-050/MG";"Norte";"Capotamento";1;0;0;0;0;0;0;0;0;0;0;1;0;0;0
"20/12/2014";"16:18:00";"113";"sem vítima";"176,3";"BR-050/MG";"Norte";"Colisão Traseira";2;0;0;0;0;0;0;0;0;0;3;0;0;0;0
"20/12/2014";"18:32:00";"133";"sem vítima";"196,1";"BR-050/MG";"Sul";"Saida de Pista";1;0;0;0;0;0;0;0;0;0;1;0;0;0;0
"20/12/2014";"20:07:00";"147";"sem vítima";"14";"BR-050/MG";"Sul";"Capotamento";1;0;0;0;0;0;0;0;0;0;1;0;0;0;0
"20/12/2014";"23:08:00";"163";"com vítima";"130,8";"BR-050/GO";"Sul";"Capotamento";1;0;0;0;0;0;0;0;0;0;0;1;0;0;0
"21/12/2014";"01:56:00";"5";"com vítima";"280";"BR-050/GO";"Norte";"Queda de Moto";0;0;0;1;0;0;0;0;0;0;0;1;0;0;0
"21/12/2014";"05:22:00";"19";"sem vítima";"55,1";"BR-050/MG";"Norte";"Colisão Traseira";2;0;0;0;0;0;0;0;0;0;10;0;0;0;0
"21/12/2014";"11:40:00";"86";"sem vítima";"225";"BR-050/GO";"Norte";"Engavetamento";0;0;0;0;0;0;0;0;0;3;3;0;0;0;0
"21/12/2014";"12:15:00";"91";"sem vítima";"281";"BR-050/GO";"Norte";"Engavetamento";1;0;0;0;0;1;0;0;0;1;7;0;0;0;0
"21/12/2014";"18:08:00";"142";"com vítima";"64,8";"BR-050/MG";"Norte";"Tombamento";0;0;1;0;0;0;0;0;0;0;0;1;0;0;0
"22/12/2014";"06:00:00";"17";"sem vítima";"311";"BR-050/GO";"Norte";"Saida de Pista";0;0;1;0;0;0;0;0;0;0;1;0;0;0;0
"22/12/2014";"07:13:00";"25";"sem vítima";"10";"BR-050/MG";"Norte";"Capotamento";0;0;0;0;0;0;0;0;0;1;5;0;0;0;0
"22/12/2014";"07:32:00";"26";"sem vítima";"134,08";"BR-050/GO";"Sul";"Saida de Pista";0;0;1;0;0;0;0;0;0;0;1;0;0;0;0
"22/12/2014";"16:04:00";"147";"com vítima";"123,5";"BR-050/MG";"Sul";"Capotamento";1;0;0;0;0;0;0;0;0;0;0;0;0;1;0
"22/12/2014";"16:04:00";"146";"sem vítima";"102,1";"BR-050/MG";"Norte";"Saida de Pista";1;0;0;0;0;0;0;0;0;0;4;0;0;0;0
"22/12/2014";"17:15:00";"161";"sem vítima";"128,2";"BR-050/GO";"Norte";"Tombamento";0;0;0;0;0;0;0;0;0;1;2;0;0;0;0
"22/12/2014";"17:58:00";"168";"sem vítima";"252,9";"BR-050/GO";"Sul";"Colisão Lateral";2;0;0;0;0;0;0;0;0;0;5;0;0;0;0
"22/12/2014";"22:33:00";"203";"sem vítima";"149,2";"BR-050/MG";"Sul";"Saida de Pista";1;0;0;0;0;0;0;0;0;0;2;0;0;0;0
"23/12/2014";"00:35:00";"4";"com vítima";"62";"BR-050/MG";"Norte";"Saida de Pista";1;0;0;0;0;0;0;0;0;0;4;1;0;0;0
"23/12/2014";"12:12:00";"81";"sem vítima";"178,4";"BR-050/MG";"Sul";"Saida de Pista";1;0;0;0;0;0;0;0;0;0;2;0;0;0;0
"23/12/2014";"13:05:00";"86";"com vítima";"46,1";"BR-050/MG";"Norte";"Saida de Pista";1;0;0;0;0;0;0;0;0;0;1;3;0;0;0
"23/12/2014";"15:34:00";"111";"sem vítima";"241,75";"BR-050/GO";"Sul";"Saida de Pista";1;0;0;0;0;0;0;0;0;0;1;0;0;0;0
"23/12/2014";"16:33:00";"120";"sem vítima";"195,8";"BR-050/MG";"Sul";"Colisão Traseira";2;0;0;0;0;0;0;0;0;0;5;0;0;0;0
"23/12/2014";"17:15:00";"126";"sem vítima";"147,5";"BR-050/MG";"Sul";"Saida de Pista";0;0;0;0;0;0;0;0;0;1;3;0;0;0;0
"23/12/2014";"17:51:00";"131";"sem vítima";"312,9";"BR-050/GO";"Sul";"Saida de Pista";0;0;1;0;0;0;0;0;0;0;1;0;0;0;0
"23/12/2014";"19:50:00";"145";"sem vítima";"155,2";"BR-050/MG";"Sul";"Saida de Pista";1;0;0;0;0;0;0;0;0;0;2;0;0;0;0
"23/12/2014";"20:37:00";"151";"sem vítima";"93";"BR-050/MG";"Sul";"Saida de Pista";1;0;0;0;0;0;0;0;0;0;1;0;0;0;0
"24/12/2014";"01:47:00";"8";"sem vítima";"139";"BR-050/MG";"Norte";"Choque - Elemento de Drenagem";1;0;0;0;0;0;0;0;0;0;1;0;0;0;0
"24/12/2014";"03:14:00";"11";"com vítima";"98,2";"BR-050/GO";"Sul";"Colisão Traseira";2;0;0;0;0;0;0;0;0;0;1;1;0;0;0
"24/12/2014";"04:37:00";"14";"sem vítima";"125,7";"BR-050/MG";"Norte";"Capotamento";1;0;0;0;0;0;0;0;0;0;1;0;0;0;0
"24/12/2014";"05:34:00";"16";"sem vítima";"30,5";"BR-050/MG";"Norte";"Saida de Pista";1;0;0;0;0;0;0;0;0;0;2;0;0;0;0
"24/12/2014";"07:33:00";"25";"sem vítima";"91,1";"BR-050/MG";"Norte";"Saida de Pista";1;0;0;0;0;0;0;0;0;0;4;0;0;0;0
"24/12/2014";"07:50:00";"30";"sem vítima";"97,5";"BR-050/GO";"Sul";"Colisão Frontal";2;0;0;0;0;0;0;0;0;0;2;0;0;0;0
"24/12/2014";"13:06:00";"101";"sem vítima";"280,7";"BR-050/GO";"Sul";"Colisão Transversal";1;0;1;0;0;0;0;0;0;0;4;0;0;0;0
"24/12/2014";"16:14:00";"146";"com vítima";"166,8";"BR-050/GO";"Sul";"Queda de Moto";0;0;0;1;0;0;0;0;0;0;0;1;0;0;0
"24/12/2014";"17:05:00";"155";"sem vítima";"183,9";"BR-050/MG";"Norte";"Choque - Defensa, barreira ou meio fio";1;0;0;0;0;0;0;0;0;0;3;0;0;0;0
"24/12/2014";"20:04:00";"186";"sem vítima";"204";"BR-050/GO";"Sul";"Choque - Veiculo parado na pista";1;0;1;0;0;0;0;0;0;0;2;0;0;0;0
"25/12/2014";"11:01:00";"53";"com vítima";"208";"BR-050/GO";"Norte";"Colisão Transversal";2;0;0;0;0;0;0;0;0;0;2;1;0;0;0
"25/12/2014";"17:46:00";"103";"com vítima";"27";"BR-050/MG";"Sul";"Queda de Moto";0;0;0;1;0;0;0;0;0;0;0;1;0;0;0
"26/12/2014";"02:47:00";"9";"com vítima";"134,4";"BR-050/MG";"Sul";"Capotamento";1;0;0;0;0;0;0;0;0;0;0;0;1;0;0
"27/12/2014";"04:28:00";"8";"sem vítima";"129";"BR-050/GO";"Norte";"Saida de Pista";1;0;0;0;0;0;0;0;0;0;4;0;0;0;0
"27/12/2014";"06:59:00";"15";"sem vítima";"17,23";"BR-050/MG";"Sul";"Saida de Pista";1;0;0;0;0;0;0;0;0;0;2;0;0;0;0
"27/12/2014";"11:20:00";"47";"com vítima";"135";"BR-050/MG";"Sul";"Choque - Elemento de Drenagem";1;0;0;0;0;0;0;0;0;0;0;6;1;0;0
"28/12/2014";"06:24:00";"17";"sem vítima";"78,8";"BR-050/MG";"Sul";"Saida de Pista";1;0;0;0;0;0;0;0;0;0;1;0;0;0;0
"28/12/2014";"15:50:00";"76";"sem vítima";"132";"BR-050/MG";"Sul";"Choque - Arvore";1;0;0;0;0;0;0;0;0;0;4;0;0;0;0
"29/12/2014";"01:16:00";"9";"com vítima";"188,1";"BR-050/MG";"Norte";"Atropelamento - Outros";0;0;0;0;0;0;0;0;0;0;1;0;1;0;0
"29/12/2014";"03:45:00";"16";"sem vítima";"164";"BR-050/GO";"Norte";"Colisão Lateral";0;0;2;0;0;0;0;0;0;0;2;0;0;0;0
"30/12/2014";"15:34:00";"99";"sem vítima";"96";"BR-050/GO";"Sul";"Colisão Transversal";2;0;0;0;0;0;0;0;0;0;7;0;0;0;0
"30/12/2014";"20:35:00";"146";"com vítima";"209,5";"BR-050/GO";"Norte";"Saida de Pista";2;0;0;0;0;0;0;0;0;0;8;2;0;0;0
"31/12/2014";"07:05:00";"17";"sem vítima";"29,7";"BR-050/MG";"Norte";"Saida de Pista";1;0;0;0;0;0;0;0;0;0;2;0;0;0;0
"31/12/2014";"07:47:00";"21";"sem vítima";"235";"BR-050/GO";"Sul";"Queda de Moto";0;0;0;1;0;0;0;0;0;0;2;0;0;0;0
"31/12/2014";"13:01:00";"86";"sem vítima";"160,5";"BR-050/GO";"Norte";"Choque - Arvore";1;0;0;0;0;0;0;0;0;0;2;0;0;0;0
"01/01/2015";"02:19:00";"5";"sem vítima";"36";"BR-050/MG";"Sul";"Choque - Barranco";1;0;0;0;0;0;0;0;0;0;3;0;0;0;0
"01/01/2015";"08:35:00";"25";"com vítima";"42";"BR-050/MG";"Norte";"Choque - Barranco";0;0;0;1;0;0;0;0;0;0;0;1;0;0;0
"02/01/2015";"04:08:00";"11";"sem vítima";"30,9";"BR-050/MG";"Norte";"Tombamento";0;0;1;0;0;0;0;0;0;0;1;0;0;0;0
"02/01/2015";"07:10:00";"12";"com vítima";"80,6";"BR-050/MG";"Norte";"Capotamento";1;0;0;0;0;0;0;0;0;0;0;0;1;0;0
"02/01/2015";"08:11:00";"19";"com vítima";"84,8";"BR-050/MG";"Norte";"Tombamento";0;0;1;0;0;0;0;0;0;0;0;1;0;0;0
"02/01/2015";"14:58:00";"73";"sem vítima";"250,815";"BR-050/GO";"Sul";"Colisão Traseira";1;0;0;0;0;0;0;0;0;1;7;0;0;0;0
"02/01/2015";"18:34:00";"103";"com vítima";"178";"BR-050/MG";"Sul";"Choque - Defensa, barreira ou meio fio";2;0;0;0;0;0;0;0;0;0;2;4;0;0;0
"03/01/2015";"02:26:00";"13";"sem vítima";"62";"BR-050/MG";"Norte";"Atropelamento - Animal";0;0;0;1;0;0;0;0;0;0;2;0;0;0;0
"03/01/2015";"02:49:00";"16";"sem vítima";"61,5";"BR-050/MG";"Sul";"Capotamento";1;0;0;0;0;0;0;0;0;0;2;0;0;0;0
"03/01/2015";"04:52:00";"20";"sem vítima";"176";"BR-050/MG";"Norte";"Saida de Pista";1;0;0;0;0;0;0;0;0;0;1;0;0;0;0
"03/01/2015";"07:29:00";"30";"com vítima";"168,4";"BR-050/GO";"Sul";"Choque - Suporte de Sinalização";1;0;0;0;0;0;0;0;0;0;2;1;0;0;0
"03/01/2015";"14:11:00";"86";"sem vítima";"189";"BR-050/MG";"Sul";"Colisão Lateral";2;0;0;0;0;0;0;0;0;0;4;0;0;0;0
"03/01/2015";"17:36:00";"110";"sem vítima";"120";"BR-050/GO";"Norte";"Capotamento";1;0;0;0;0;0;0;0;0;0;1;0;0;0;0
"04/01/2015";"03:01:00";"9";"sem vítima";"24,8";"BR-050/MG";"Sul";"Saida de Pista";1;0;0;0;0;0;0;0;0;0;2;0;0;0;0
"05/01/2015";"10:03:00";"52";"com vítima";"115";"BR-050/MG";"Norte";"Tombamento";0;0;1;0;0;0;0;0;0;0;0;1;0;0;0
"05/01/2015";"13:00:00";"68";"com vítima";"271";"BR-050/GO";"Sul";"Colisão Transversal";1;0;0;0;0;0;0;0;0;1;2;1;0;0;0
"05/01/2015";"16:18:00";"92";"sem vítima";"178";"BR-050/MG";"Sul";"Choque - Defensa, barreira ou meio fio";1;0;0;0;0;0;0;0;0;0;1;0;0;0;0
"05/01/2015";"17:51:00";"103";"com vítima";"17,1";"BR-050/MG";"Sul";"Capotamento";1;0;0;0;0;0;0;0;0;0;0;0;1;0;0
"06/01/2015";"06:40:00";"24";"com vítima";"273,1";"BR-050/GO";"Sul";"Capotamento";1;0;0;0;0;0;0;0;0;0;2;2;0;0;0
"06/01/2015";"20:45:00";"131";"com vítima";"278,5";"BR-050/GO";"Sul";"Colisão Transversal";1;0;0;0;0;0;0;0;0;1;2;1;0;0;0
"07/01/2015";"07:52:00";"32";"com vítima";"126,4";"BR-050/MG";"Norte";"Tombamento";0;0;1;0;0;0;0;0;0;0;0;1;0;0;0
"09/01/2015";"14:26:00";"77";"com vítima";"62,8";"BR-050/MG";"Norte";"Saida de Pista";0;0;0;1;0;0;0;0;0;0;0;0;1;0;0
"10/01/2015";"10:25:00";"59";"sem vítima";"209";"BR-050/GO";"Sul";"Colisão Transversal";0;0;0;1;0;0;0;0;0;1;2;0;0;0;0
"10/01/2015";"14:40:00";"100";"com vítima";"141";"BR-050/MG";"Sul";"Colisão Traseira";1;0;1;0;0;0;0;0;0;0;2;1;0;0;0
"10/01/2015";"16:05:00";"113";"com vítima";"107";"BR-050/GO";"Norte";"Capotamento";1;0;0;0;0;0;0;0;0;0;0;3;1;0;0
"11/01/2015";"11:37:00";"69";"com vítima";"200,8";"BR-050/MG";"Sul";"Saida de Pista";1;0;0;0;0;0;0;0;0;0;2;1;0;0;0
"11/01/2015";"14:57:00";"92";"sem vítima";"193";"BR-050/MG";"Sul";"Colisão Traseira";0;0;1;0;0;0;0;0;0;1;4;0;0;0;0
"11/01/2015";"17:55:00";"130";"com vítima";"99,05";"BR-050/GO";"Norte";"Colisão Frontal";0;0;1;1;0;0;0;0;0;0;2;0;0;0;1
"11/01/2015";"22:36:00";"174";"sem vítima";"61,5";"BR-050/MG";"Norte";"Saida de Pista";1;0;0;0;0;0;0;0;0;0;2;0;0;0;0
"12/01/2015";"08:42:00";"35";"sem vítima";"135";"BR-050/MG";"Norte";"Capotamento";1;0;0;0;0;0;0;0;0;0;1;0;0;0;0
"12/01/2015";"18:38:00";"113";"com vítima";"133";"BR-050/MG";"Sul";"Tombamento";0;0;1;0;0;0;0;0;0;0;0;0;1;0;0
"13/01/2015";"07:52:00";"23";"sem vítima";"193,05";"BR-050/MG";"Sul";"Colisão Lateral";2;0;0;0;0;0;0;0;0;0;5;0;0;0;0
"13/01/2015";"10:28:00";"47";"sem vítima";"29,8";"BR-050/MG";"Norte";"Choque - Elemento de Drenagem";1;0;0;0;0;0;0;0;0;0;2;0;0;0;0
"13/01/2015";"11:04:00";"56";"sem vítima";"0,5";"BR-050/MG";"Norte";"Choque - Suporte de Sinalização";0;0;0;0;0;0;0;0;0;1;1;0;0;0;0
"13/01/2015";"14:28:00";"91";"sem vítima";"283,9";"BR-050/GO";"Norte";"Saida de Pista";1;0;0;0;0;0;0;0;0;0;1;0;0;0;0
"13/01/2015";"17:39:00";"128";"sem vítima";"271,8";"BR-050/GO";"Sul";"Colisão Traseira";2;0;0;0;0;0;0;0;0;0;6;0;0;0;0
"13/01/2015";"23:45:00";"173";"com vítima";"14,3";"CT-UDI-MG";"Norte";"Tombamento";0;0;1;0;0;0;0;0;0;0;0;1;0;0;0
"14/01/2015";"03:54:00";"8";"sem vítima";"167,5";"BR-050/GO";"Sul";"Tombamento";0;0;1;0;0;0;0;0;0;0;1;0;0;0;0
"15/01/2015";"05:08:00";"18";"sem vítima";"184,2";"BR-050/GO";"Norte";"Saida de Pista";0;0;1;0;0;0;0;0;0;0;3;0;0;0;0
"15/01/2015";"06:57:00";"21";"sem vítima";"190,5";"BR-050/MG";"Norte";"Colisão Traseira";0;0;1;0;0;0;0;0;0;1;2;0;0;0;0
"15/01/2015";"08:29:00";"31";"sem vítima";"229,15";"BR-050/GO";"Norte";"Saida de Pista";0;0;2;0;0;0;0;0;0;0;3;0;0;0;0
"15/01/2015";"11:22:00";"63";"sem vítima";"126,17";"BR-050/GO";"Norte";"Colisão Lateral";1;0;1;0;0;0;0;0;0;0;5;0;0;0;0
"15/01/2015";"16:52:00";"115";"sem vítima";"36,5";"BR-050/MG";"Sul";"Saida de Pista";1;0;0;0;0;0;0;0;0;0;5;0;0;0;0
"15/01/2015";"21:29:00";"159";"sem vítima";"124,5";"BR-050/GO";"Norte";"Colisão Lateral";0;0;0;0;0;1;0;0;0;1;3;0;0;0;0
"16/01/2015";"07:44:00";"38";"sem vítima";"118,5";"BR-050/MG";"Sul";"Saida de Pista";0;0;1;0;0;0;0;0;0;0;2;0;0;0;0
"16/01/2015";"12:11:00";"72";"sem vítima";"109";"BR-050/MG";"Sul";"Colisão Lateral";1;0;1;0;0;0;0;0;0;0;3;0;0;0;0
"17/01/2015";"17:02:00";"101";"sem vítima";"89";"BR-050/MG";"Sul";"Choque - Suporte de Sinalização";1;0;0;0;0;0;0;0;0;0;1;0;0;0;0
"18/01/2015";"00:39:00";"7";"sem vítima";"81,4";"BR-050/MG";"Sul";"Colisão Lateral";1;0;1;0;0;0;0;0;0;0;2;0;0;0;0
"18/01/2015";"06:20:00";"19";"sem vítima";"191,99";"BR-050/GO";"Sul";"Saida de Pista";1;0;0;0;0;0;0;0;0;0;1;0;0;0;0
"18/01/2015";"15:26:00";"82";"com vítima";"119,2";"BR-050/GO";"Norte";"Colisão Transversal";1;0;1;0;0;0;0;0;0;0;1;1;0;1;0
"18/01/2015";"21:51:00";"163";"sem vítima";"178";"BR-050/GO";"Sul";"Colisão Lateral";2;0;0;0;0;0;0;0;0;0;2;0;0;0;0
"19/01/2015";"16:17:00";"113";"com vítima";"313,6";"BR-050/GO";"Norte";"Atropelamento - Usuário";0;0;0;0;0;1;0;0;0;0;1;0;1;0;0
"20/01/2015";"05:41:00";"15";"com vítima";"200";"BR-050/MG";"Norte";"Queda de Moto";0;0;0;1;0;0;0;0;0;0;0;2;0;0;0
"20/01/2015";"13:19:00";"79";"com vítima";"30,82";"BR-050/MG";"Norte";"Capotamento";1;0;0;0;0;0;0;0;0;0;0;0;1;0;0