data;horario;n_da_ocorrencia;tipo_de_ocorrencia;km;trecho;sentido;tipo_de_acidente;automovel;bicicleta;caminhao;moto;onibus;outros;tracao_animal;transporte_de_cargas_especiais;trator_maquinas;utilitarios;ilesos;levemente_feridos;moderadamente_feridos;gravemente_feridos;mortos
"05/04/2015";"16:39:00";"106";"sem vítima";"161,3";"BR-050/MG";"Norte";"Saida de Pista";1;0;0;0;0;0;0;0;0;0;1;0;0;0;0
"05/04/2015";"16:39:00";"114";"sem vítima";"161,3";"BR-050/MG";"Norte";"Saida de Pista";1;0;0;0;0;0;0;0;0;0;1;0;0;0;0
"05/04/2015";"16:39:00";"117";"sem vítima";"161,3";"BR-050/MG";"Norte";"Saida de Pista";1;0;0;0;0;0;0;0;0;0;2;0;0;0;0
"05/04/2015";"16:43:00";"107";"sem vítima";"10";"CT-UDI-MG";"Norte";"Saida de Pista";1;0;0;0;0;0;0;0;0;0;3;0;0;0;0
"05/04/2015";"17:14:00";"115";"sem vítima";"146,6";"BR-050/MG";"Sul";"Capotamento";1;0;0;0;0;0;0;0;0;0;3;0;0;0;0
"05/04/2015";"18:08:00";"124";"sem vítima";"133";"BR-050/MG";"Sul";"Saida de Pista";1;0;0;0;0;0;0;0;0;0;4;0;0;0;0
"05/04/2015";"20:08:00";"148";"sem vítima";"54,5";"BR-050/MG";"Sul";"Tombamento";0;0;1;0;0;0;0;0;0;0;1;0;0;0;0
"05/04/2015";"22:08:00";"165";"sem vítima";"128";"BR-050/GO";"Norte";"Colisão Lateral";1;0;1;0;0;0;0;0;0;0;5;0;0;0;0
"06/04/2015";"21:19:00";"133";"sem vítima";"196,8";"BR-050/MG";"Norte";"Colisão Traseira";0;0;2;0;0;0;0;0;0;0;2;0;0;0;0
"07/04/2015";"18:57:00";"113";"com vítima";"300";"BR-050/GO";"Sul";"Colisão Traseira";1;0;0;0;0;0;0;0;0;1;4;1;0;0;0
"07/04/2015";"19:59:00";"117";"sem vítima";"61,8";"BR-050/MG";"Norte";"Capotamento";1;0;0;0;0;0;0;0;0;0;1;0;0;0;0
"09/04/2015";"00:22:00";"2";"sem vítima";"101";"BR-050/MG";"Sul";"Choque - Suporte de Sinalização";1;0;0;0;0;0;0;0;0;0;2;0;0;0;0
"09/04/2015";"05:48:00";"11";"sem vítima";"117";"BR-050/GO";"Norte";"Saida de Pista";0;0;0;0;0;0;0;0;0;1;1;0;0;0;0
"09/04/2015";"20:25:00";"131";"sem vítima";"186";"BR-050/MG";"Sul";"Choque - Defensa, barreira ou meio fio";1;0;0;0;0;0;0;0;0;0;1;0;0;0;0
"10/04/2015";"01:44:00";"6";"sem vítima";"245";"BR-050/GO";"Sul";"Choque - Suporte de Sinalização";0;0;0;0;0;0;0;0;0;1;2;0;0;0;0
"10/04/2015";"02:12:00";"8";"sem vítima";"133,65";"BR-050/GO";"Sul";"Saida de Pista";0;0;0;0;1;0;0;0;0;0;38;0;0;0;0
"10/04/2015";"13:27:00";"79";"com vítima";"141,1";"BR-050/GO";"Sul";"Tombamento";0;0;1;0;0;0;0;0;0;0;1;1;0;0;0
"10/04/2015";"16:15:00";"104";"com vítima";"81";"BR-050/MG";"Norte";"Colisão Traseira";1;0;2;0;0;0;0;0;0;0;2;1;0;0;0
"10/04/2015";"16:58:00";"111";"com vítima";"77";"BR-050/MG";"Sul";"Queda de Moto";0;0;0;1;0;0;0;0;0;0;0;1;0;0;0
"10/04/2015";"18:46:00";"135";"com vítima";"24,3";"BR-050/MG";"Sul";"Colisão Traseira";1;0;0;1;0;0;0;0;0;0;1;1;0;0;0
"11/04/2015";"22:19:00";"173";"sem vítima";"29,1";"BR-050/MG";"Norte";"Capotamento";1;0;0;0;0;0;0;0;0;0;4;0;0;0;0
"11/04/2015";"22:50:00";"176";"sem vítima";"110";"BR-050/GO";"Sul";"Saida de Pista";1;0;0;0;0;0;0;0;0;0;1;0;0;0;0
"12/04/2015";"04:15:00";"9";"sem vítima";"97";"BR-050/GO";"Norte";"Colisão Traseira";2;0;0;0;0;0;0;0;0;0;2;0;0;0;0
"12/04/2015";"05:44:00";"11";"sem vítima";"40";"BR-050/MG";"Norte";"Choque - Defensa, barreira ou meio fio";1;0;0;0;0;0;0;0;0;0;1;0;0;0;0
"12/04/2015";"05:54:00";"12";"sem vítima";"280";"BR-050/GO";"Sul";"Choque - Poste";0;0;1;0;0;0;0;0;0;0;1;0;0;0;0
"12/04/2015";"12:39:00";"70";"sem vítima";"176,8";"BR-050/MG";"Sul";"Capotamento";1;0;0;0;0;0;0;0;0;0;2;0;0;0;0
"12/04/2015";"12:39:00";"79";"com vítima";"177";"BR-050/MG";"Sul";"Saida de Pista";0;0;0;0;0;0;0;0;0;1;0;3;0;0;0
"12/04/2015";"16:54:00";"110";"com vítima";"177";"BR-050/MG";"Norte";"Colisão Lateral";2;0;0;0;0;0;0;0;0;0;5;1;0;0;0
"12/04/2015";"19:00:00";"130";"sem vítima";"22";"BR-050/MG";"Sul";"Choque - Suporte de Sinalização";1;0;0;0;0;0;0;0;0;0;1;0;0;0;0
"13/04/2015";"12:44:00";"72";"sem vítima";"51,475";"BR-050/MG";"Norte";"Colisão Traseira";1;0;1;0;0;0;0;0;0;0;3;0;0;0;0
"13/04/2015";"21:04:00";"158";"com vítima";"85,2";"BR-050/MG";"Norte";"Capotamento";1;0;0;0;0;0;0;0;0;0;0;0;1;0;0
"14/04/2015";"06:22:00";"14";"sem vítima";"28,5";"BR-050/MG";"Norte";"Tombamento";0;0;1;0;0;0;0;0;0;0;1;0;0;0;0
"14/04/2015";"06:33:00";"17";"sem vítima";"142,4";"BR-050/MG";"Sul";"Tombamento";0;0;1;0;0;0;0;0;0;0;1;0;0;0;0
"14/04/2015";"09:46:00";"52";"sem vítima";"142";"BR-050/MG";"Sul";"Choque - Veiculo parado na pista";1;0;0;0;0;0;0;0;0;1;11;0;0;0;0
"14/04/2015";"10:19:00";"55";"sem vítima";"39";"BR-050/MG";"Sul";"Colisão Lateral";1;0;1;0;0;0;0;0;0;0;3;0;0;0;0
"14/04/2015";"16:15:00";"96";"sem vítima";"9,8";"CT-UDI-MG";"Sul";"Choque - Elemento de Drenagem";1;0;0;0;0;0;0;0;0;0;1;0;0;0;0
"14/04/2015";"17:10:00";"104";"com vítima";"81";"BR-050/MG";"Sul";"Queda de Ciclista";0;1;0;0;0;0;0;0;0;0;0;1;0;0;0
"14/04/2015";"17:20:00";"106";"sem vítima";"180";"BR-050/MG";"Norte";"Colisão Traseira";1;0;1;0;0;0;0;0;0;0;4;0;0;0;0
"14/04/2015";"20:50:00";"140";"sem vítima";"156,8";"BR-050/GO";"Sul";"Choque - Suporte de Sinalização";1;0;0;0;0;0;0;0;0;0;1;0;0;0;0
"16/04/2015";"00:49:00";"1";"com vítima";"280";"BR-050/GO";"Norte";"Choque - Defensa, barreira ou meio fio";0;0;0;1;0;0;0;0;0;0;0;0;1;0;0
"16/04/2015";"00:57:00";"2";"sem vítima";"98";"BR-050/GO";"Sul";"Colisão Lateral";2;0;0;0;0;0;0;0;0;0;3;0;0;0;0
"16/04/2015";"07:33:00";"23";"com vítima";"15";"CT-UDI-MG";"Norte";"Tombamento";0;0;1;0;0;0;0;0;0;0;0;1;0;0;0
"16/04/2015";"08:48:00";"44";"com vítima";"138,08";"BR-050/MG";"Norte";"Capotamento";0;0;1;0;0;0;0;0;0;0;0;0;2;0;0
"16/04/2015";"09:27:00";"50";"com vítima";"170,64";"BR-050/MG";"Sul";"Colisão Traseira";0;0;0;1;0;0;0;0;0;1;1;0;1;0;0
"16/04/2015";"16:45:00";"121";"com vítima";"54,8";"BR-050/MG";"Norte";"Colisão Traseira";1;0;1;0;0;0;0;0;0;0;2;1;0;0;0
"17/04/2015";"04:21:00";"18";"sem vítima";"177,2";"BR-050/MG";"Sul";"Choque - Defensa, barreira ou meio fio";0;0;0;0;0;0;0;0;0;1;1;0;0;0;0
"17/04/2015";"11:45:00";"77";"sem vítima";"85,4";"BR-050/MG";"Sul";"Tombamento";0;0;1;0;0;0;0;0;0;0;1;0;0;0;0
"17/04/2015";"16:52:00";"116";"sem vítima";"164,8";"BR-050/MG";"Norte";"Choque - Defensa, barreira ou meio fio";1;0;0;0;0;0;0;0;0;0;2;0;0;0;0
"17/04/2015";"20:05:00";"152";"sem vítima";"20,1";"BR-050/MG";"Sul";"Colisão Traseira";1;0;1;0;0;0;0;0;0;0;2;0;0;0;0
"18/04/2015";"04:02:00";"11";"sem vítima";"104,2";"BR-050/GO";"Norte";"Saida de Pista";1;0;0;0;0;0;0;0;0;0;1;0;0;0;0
"18/04/2015";"14:29:00";"85";"sem vítima";"19,7";"BR-050/MG";"Norte";"Saida de Pista";0;0;1;0;0;0;0;0;0;0;2;0;0;0;0
"18/04/2015";"18:11:00";"120";"sem vítima";"22,5";"BR-050/MG";"Sul";"Saida de Pista";1;0;1;0;0;0;0;0;0;0;2;0;0;0;0
"18/04/2015";"18:42:00";"124";"sem vítima";"127,3";"BR-050/MG";"Sul";"Colisão Lateral";1;0;1;0;0;0;0;0;0;0;3;0;0;0;0
"18/04/2015";"18:57:00";"127";"sem vítima";"127,5";"BR-050/MG";"Norte";"Carreta deu L";1;0;1;0;0;0;0;0;0;0;2;0;0;0;0
"18/04/2015";"21:06:00";"138";"sem vítima";"151,3";"BR-050/MG";"Sul";"Colisão Traseira";2;0;0;0;0;0;0;0;0;0;2;0;0;0;0
"18/04/2015";"21:16:00";"140";"sem vítima";"116,4";"BR-050/MG";"Norte";"Choque - Barranco";0;0;1;0;0;0;0;0;0;0;1;0;0;0;0
"19/04/2015";"00:16:00";"2";"sem vítima";"97";"BR-050/GO";"Sul";"Saida de Pista";2;0;0;0;0;0;0;0;0;0;2;0;0;0;0
"19/04/2015";"05:58:00";"29";"sem vítima";"22";"BR-050/MG";"Norte";"Saida de Pista";1;0;0;0;0;0;0;0;0;0;1;0;0;0;0
"19/04/2015";"06:54:00";"35";"sem vítima";"191,2";"BR-050/MG";"Norte";"Choque - Defensa, barreira ou meio fio";1;0;0;0;0;0;0;0;0;0;4;0;0;0;0
"19/04/2015";"16:12:00";"109";"sem vítima";"113";"BR-050/MG";"Sul";"Saida de Pista";0;0;0;0;0;0;0;0;0;1;2;0;0;0;0
"19/04/2015";"16:48:00";"116";"com vítima";"164";"BR-050/MG";"Norte";"Capotamento";1;0;0;0;0;0;0;0;0;0;0;0;0;1;0
"19/04/2015";"18:07:00";"130";"sem vítima";"174,2";"BR-050/MG";"Norte";"Choque - Defensa, barreira ou meio fio";1;0;0;0;0;0;0;0;0;0;1;0;0;0;0
"19/04/2015";"18:36:00";"135";"sem vítima";"28,4";"BR-050/MG";"Norte";"Capotamento";1;0;0;0;0;0;0;0;0;0;1;0;0;0;0
"19/04/2015";"20:53:00";"153";"com vítima";"17";"BR-050/MG";"Norte";"Saida de Pista";1;0;0;0;0;0;0;0;0;0;2;2;0;0;0
"19/04/2015";"23:43:00";"166";"sem vítima";"164,8";"BR-050/MG";"Norte";"Choque - Defensa, barreira ou meio fio";1;0;0;0;0;0;0;0;0;0;2;0;0;0;0
"20/04/2015";"09:06:00";"44";"com vítima";"136";"BR-050/MG";"Norte";"Capotamento";1;0;0;0;0;0;0;0;0;0;0;1;0;0;0
"20/04/2015";"13:03:00";"74";"com vítima";"193";"BR-050/GO";"Norte";"Capotamento";0;0;0;0;0;0;0;0;0;1;0;1;1;0;0
"20/04/2015";"13:57:00";"84";"com vítima";"300,05";"BR-050/GO";"Sul";"Colisão Lateral";0;0;0;1;0;1;0;0;0;0;1;0;2;0;0
"20/04/2015";"15:36:00";"101";"com vítima";"139,4";"BR-050/GO";"Norte";"Choque - Arvore";1;0;0;0;0;0;0;0;0;0;0;1;1;0;0
"20/04/2015";"16:16:00";"108";"com vítima";"118,34";"BR-050/MG";"Sul";"Saida de Pista";1;0;0;0;0;0;0;0;0;0;1;0;1;0;0
"20/04/2015";"17:15:00";"116";"sem vítima";"115";"BR-050/MG";"Norte";"Saida de Pista";0;0;0;0;0;0;0;0;0;1;2;0;0;0;0
"20/04/2015";"19:24:00";"132";"sem vítima";"146,6";"BR-050/MG";"Sul";"Atropelamento - Animal";1;0;1;0;0;0;0;0;0;0;4;0;0;0;0
"21/04/2015";"15:40:00";"91";"sem vítima";"196,1";"BR-050/MG";"Norte";"Colisão Traseira";1;0;0;0;0;0;0;0;0;1;3;0;0;0;0
"21/04/2015";"16:03:00";"99";"sem vítima";"3,8";"BR-050/MG";"Sul";"Queda de Moto";0;0;0;1;0;0;0;0;0;0;1;0;0;0;0
"21/04/2015";"19:09:00";"124";"com vítima";"2,15";"BR-050/MG";"Norte";"Choque - Defensa, barreira ou meio fio";1;0;0;0;0;0;0;0;0;0;0;2;0;0;0
"21/04/2015";"23:56:00";"147";"sem vítima";"78,35";"BR-050/MG";"Sul";"Choque - Defensa, barreira ou meio fio";1;0;0;0;0;0;0;0;0;0;1;0;0;0;0
"22/04/2015";"03:02:00";"5";"com vítima";"28";"BR-050/MG";"Sul";"Tombamento";0;0;1;0;0;0;0;0;0;0;0;0;1;0;0
"22/04/2015";"14:18:00";"78";"com vítima";"47,9";"BR-050/MG";"Sul";"Tombamento";0;0;1;0;0;0;0;0;0;0;0;0;1;0;0
"22/04/2015";"14:28:00";"82";"com vítima";"208";"BR-050/GO";"Sul";"Colisão Frontal";0;0;0;0;0;0;0;0;0;2;2;1;1;0;0
"22/04/2015";"14:29:00";"83";"sem vítima";"47";"BR-050/MG";"Sul";"Choque - Defensa, barreira ou meio fio";1;0;0;0;0;0;0;0;0;0;1;0;0;0;0
"22/04/2015";"21:07:00";"144";"sem vítima";"246";"BR-050/GO";"Norte";"Choque - Talude";1;0;0;0;0;0;0;0;0;0;1;0;0;0;0
"23/04/2015";"03:50:00";"13";"sem vítima";"61,5";"BR-050/MG";"Norte";"Saida de Pista";1;0;0;0;0;0;0;0;0;0;5;0;0;0;0
"23/04/2015";"16:50:00";"106";"sem vítima";"159,1";"BR-050/MG";"Norte";"Saida de Pista";1;0;0;0;0;0;0;0;0;0;1;0;0;0;0
"23/04/2015";"23:28:00";"138";"com vítima";"79";"BR-050/MG";"Sul";"Queda de Moto";1;0;0;1;0;0;0;0;0;0;1;0;0;0;1
"24/04/2015";"04:40:00";"16";"sem vítima";"62";"BR-050/MG";"Norte";"Choque - Elemento de Drenagem";1;0;0;0;0;0;0;0;0;0;1;0;0;0;0
"24/04/2015";"09:55:00";"56";"com vítima";"78";"BR-050/MG";"Sul";"Atropelamento - Usuário";0;0;0;0;0;0;0;0;0;1;1;0;1;0;0
"24/04/2015";"16:30:00";"120";"sem vítima";"22";"BR-050/MG";"Norte";"Choque - Defensa, barreira ou meio fio";1;0;0;0;0;0;0;0;0;0;2;0;0;0;0
"24/04/2015";"18:44:00";"149";"com vítima";"103,39";"BR-050/MG";"Sul";"Choque - Defensa, barreira ou meio fio";1;0;0;0;0;0;0;0;0;0;0;1;0;0;0
"24/04/2015";"18:47:00";"150";"sem vítima";"148,5";"BR-050/GO";"Norte";"Colisão Traseira";1;0;1;0;0;0;0;0;0;0;2;0;0;0;0
"24/04/2015";"20:25:00";"161";"com vítima";"80,4";"BR-050/MG";"Norte";"Colisão Traseira";0;0;0;1;0;0;0;0;0;1;2;0;0;0;1
"24/04/2015";"20:34:00";"163";"sem vítima";"41";"BR-050/MG";"Norte";"Capotamento";1;0;0;0;0;0;0;0;0;0;2;0;0;0;0
"25/04/2015";"00:00:00";"1";"sem vítima";"129,5";"BR-050/MG";"Norte";"Saida de Pista";0;0;1;0;0;0;0;0;0;0;1;0;0;0;0
"25/04/2015";"01:49:00";"8";"sem vítima";"64";"BR-050/MG";"Sul";"Capotamento";0;0;0;0;0;0;0;0;0;1;1;0;0;0;0
"25/04/2015";"07:00:00";"18";"sem vítima";"18,3";"CT-UDI-MG";"Norte";"Choque - Suporte de Sinalização";0;0;0;0;0;0;0;0;0;1;1;0;0;0;0
"25/04/2015";"11:28:00";"63";"sem vítima";"117";"BR-050/GO";"Norte";"Colisão Lateral";0;0;0;0;0;1;0;0;0;1;4;0;0;0;0
"25/04/2015";"12:17:00";"69";"sem vítima";"105";"BR-050/GO";"Norte";"Capotamento";1;0;0;0;0;0;0;0;0;0;1;0;0;0;0
"25/04/2015";"15:47:00";"108";"sem vítima";"21";"BR-050/MG";"Sul";"Tombamento";0;0;1;0;0;0;0;0;0;0;1;0;0;0;0
"25/04/2015";"17:43:00";"126";"com vítima";"10,4";"BR-050/MG";"Norte";"Choque - Defensa, barreira ou meio fio";1;0;0;0;0;0;0;0;0;0;0;2;2;0;0
"26/04/2015";"03:16:00";"10";"com vítima";"228";"BR-050/GO";"Sul";"Tombamento";0;0;1;0;0;0;0;0;0;0;0;0;1;0;0
"26/04/2015";"05:23:00";"14";"sem vítima";"144,9";"BR-050/MG";"Sul";"Capotamento";1;0;0;0;0;0;0;0;0;0;1;0;0;0;0
"26/04/2015";"09:58:00";"33";"sem vítima";"280";"BR-050/GO";"Norte";"Colisão Transversal";2;0;0;0;0;0;0;0;0;0;3;0;0;0;0
"26/04/2015";"22:02:00";"124";"sem vítima";"54";"BR-050/MG";"Norte";"Carreta deu L";0;0;1;0;0;0;0;0;0;0;1;0;0;0;0
"27/04/2015";"14:47:00";"91";"sem vítima";"174";"BR-050/MG";"Sul";"Tombamento";0;0;1;0;0;0;0;0;0;0;1;0;0;0;0
"27/04/2015";"20:00:00";"141";"sem vítima";"13";"BR-050/MG";"Norte";"Colisão Traseira";0;0;2;0;0;0;0;0;0;0;2;0;0;0;0
"28/04/2015";"04:24:00";"6";"sem vítima";"248,35";"BR-050/GO";"Norte";"Tombamento";0;0;1;0;0;0;0;0;0;0;1;0;0;0;0
"28/04/2015";"06:57:00";"13";"sem vítima";"171,8";"BR-050/MG";"Sul";"Queda de Moto";0;0;0;1;0;0;0;0;0;0;1;0;0;0;0
"28/04/2015";"09:06:00";"30";"com vítima";"120,6";"BR-050/MG";"Sul";"Saida de Pista";0;0;1;0;0;0;0;0;0;0;0;0;1;0;0
"29/04/2015";"10:27:00";"59";"com vítima";"156,32";"BR-050/GO";"Norte";"Colisão Traseira";0;0;2;0;0;0;0;0;0;0;0;1;1;0;0
"29/04/2015";"11:41:00";"67";"sem vítima";"82,3";"BR-050/MG";"Norte";"Carreta deu L";0;0;1;0;0;0;0;0;0;0;1;0;0;0;0
"29/04/2015";"12:05:00";"71";"sem vítima";"47";"BR-050/MG";"Sul";"Colisão Traseira";0;0;0;0;0;0;0;0;0;2;2;0;0;0;0
"29/04/2015";"17:00:00";"114";"com vítima";"158,8";"BR-050/MG";"Norte";"Saida de Pista";1;0;0;0;0;0;0;0;0;0;4;1;0;0;0
"29/04/2015";"17:37:00";"120";"sem vítima";"41,8";"BR-050/MG";"Norte";"Colisão Lateral";0;0;2;0;0;0;0;0;0;0;2;0;0;0;0
"29/04/2015";"23:56:00";"161";"sem vítima";"170,8";"BR-050/MG";"Norte";"Colisão Traseira";1;0;1;0;0;0;0;0;0;0;3;0;0;0;0
"30/04/2015";"06:59:00";"22";"sem vítima";"3,7";"BR-050/MG";"Sul";"Choque - Defensa, barreira ou meio fio";1;0;0;0;0;0;0;0;0;0;2;0;0;0;0
"30/04/2015";"18:46:00";"136";"com vítima";"41,4";"BR-050/MG";"Sul";"Choque - Defensa, barreira ou meio fio";1;0;0;0;0;0;0;0;0;0;2;1;1;0;0
"01/05/2015";"11:27:00";"73";"com vítima";"124,8";"BR-050/MG";"Norte";"Saida de Pista";1;0;0;0;0;0;0;0;0;0;0;1;1;0;0
"01/05/2015";"12:15:00";"84";"com vítima";"0";"BR-050/MG";"Sul";"Colisão Traseira";2;0;0;0;0;0;0;0;0;0;6;1;0;0;0
"01/05/2015";"13:56:00";"95";"com vítima";"45,25";"BR-050/MG";"Norte";"Choque - Veiculo parado no acostamento";2;0;0;0;0;0;0;0;0;0;3;1;0;0;0
"01/05/2015";"22:29:00";"165";"sem vítima";"21";"CT-UDI-MG";"Norte";"Choque - Defensa, barreira ou meio fio";1;0;0;0;0;0;0;0;0;0;1;0;0;0;0
"02/05/2015";"16:44:00";"82";"com vítima";"62,3";"BR-050/MG";"Norte";"Colisão Transversal";1;0;0;0;0;0;0;0;0;1;7;4;1;0;0
"02/05/2015";"18:58:00";"96";"sem vítima";"292";"BR-050/GO";"Sul";"Colisão Lateral";2;0;0;0;0;0;0;0;0;0;3;0;0;0;0
"02/05/2015";"19:32:00";"102";"sem vítima";"198,06";"BR-050/MG";"Norte";"Choque - Objeto sobre a pista";2;0;0;0;0;0;0;0;0;0;6;0;0;0;0
"02/05/2015";"21:09:00";"116";"com vítima";"145,5";"BR-050/GO";"Norte";"Queda de Moto";0;0;0;3;0;0;0;0;0;0;0;4;0;0;0
"03/05/2015";"04:17:00";"14";"sem vítima";"122";"BR-050/MG";"Norte";"Saida de Pista";1;0;0;0;0;0;0;0;0;0;2;0;0;0;0
"03/05/2015";"08:09:00";"23";"com vítima";"48";"BR-050/MG";"Norte";"Colisão Lateral";1;1;0;0;0;0;0;0;0;0;4;0;1;0;0
"03/05/2015";"14:59:00";"72";"com vítima";"27,5";"BR-050/MG";"Sul";"Queda de Moto";0;0;0;1;0;0;0;0;0;0;0;0;2;0;0
"04/05/2015";"06:41:00";"12";"com vítima";"125";"BR-050/MG";"Norte";"Capotamento";1;0;0;0;0;0;0;0;0;0;2;1;0;0;0
"04/05/2015";"15:15:00";"81";"sem vítima";"204,86";"BR-050/MG";"Sul";"Capotamento";0;0;0;0;0;0;0;0;0;1;1;0;0;0;0
"04/05/2015";"16:56:00";"91";"sem vítima";"0";"BR-050/MG";"Norte";"Saida de Pista";1;0;0;0;0;0;0;0;0;0;3;0;0;0;0
"04/05/2015";"17:33:00";"95";"sem vítima";"29,8";"BR-050/MG";"Norte";"Carreta deu L";0;0;1;0;0;0;0;0;0;0;1;0;0;0;0
"04/05/2015";"18:52:00";"104";"sem vítima";"49,2";"BR-050/MG";"Sul";"Atropelamento - Animal";1;0;0;0;0;0;0;0;0;0;1;0;0;0;0
"05/05/2015";"13:41:00";"63";"com vítima";"280";"BR-050/GO";"Sul";"Colisão Transversal";1;0;0;1;0;0;0;0;0;0;1;1;0;0;0
"05/05/2015";"16:45:00";"95";"sem vítima";"138,6";"BR-050/MG";"Norte";"Choque - Defensa, barreira ou meio fio";1;0;0;0;0;0;0;0;0;0;1;0;0;0;0
"05/05/2015";"17:22:00";"105";"sem vítima";"281";"BR-050/GO";"Sul";"Colisão Transversal";2;0;0;0;0;0;0;0;0;0;2;0;0;0;0
"05/05/2015";"17:32:00";"106";"com vítima";"179,5";"BR-050/MG";"Sul";"Colisão Lateral";0;0;2;1;0;0;0;0;0;0;1;1;1;0;0
"05/05/2015";"18:19:00";"110";"sem vítima";"270,5";"BR-050/GO";"Norte";"Atropelamento - Animal";0;0;1;0;0;0;0;0;0;2;3;0;0;0;0
"05/05/2015";"21:51:00";"131";"com vítima";"237";"BR-050/GO";"Sul";"Tombamento";0;0;1;0;0;0;0;0;0;0;0;1;0;0;0
"05/05/2015";"22:09:00";"133";"sem vítima";"53,7";"BR-050/MG";"Sul";"Objeto lançado contra veículo";1;0;1;0;0;0;0;0;0;0;2;0;0;0;0
"06/05/2015";"12:47:00";"68";"com vítima";"166,42";"BR-050/MG";"Sul";"Colisão Lateral";1;0;1;0;0;0;0;0;0;0;1;1;0;0;0
"07/05/2015";"02:30:00";"7";"sem vítima";"281,7";"BR-050/GO";"Norte";"Colisão Lateral";0;0;1;0;1;0;0;0;0;0;29;0;0;0;0
"07/05/2015";"05:33:00";"11";"sem vítima";"189,3";"BR-050/GO";"Norte";"Saida de Pista";0;0;1;0;0;0;0;0;0;0;1;0;0;0;0
"07/05/2015";"07:34:00";"27";"sem vítima";"165,6";"BR-050/MG";"Sul";"Saida de Pista";0;0;0;0;0;0;0;0;0;1;1;0;0;0;0
"07/05/2015";"11:55:00";"66";"sem vítima";"78,3";"BR-050/MG";"Sul";"Colisão Lateral";1;0;1;0;0;0;0;0;0;0;2;0;0;0;0
"08/05/2015";"00:32:00";"5";"com vítima";"122,3";"BR-050/MG";"Norte";"Capotamento";1;0;0;0;0;0;0;0;0;0;0;0;2;0;0
"08/05/2015";"11:36:00";"68";"com vítima";"9,5";"BR-050/MG";"Sul";"Capotamento";1;0;0;0;0;0;0;0;0;0;0;1;0;0;0
"08/05/2015";"16:31:00";"107";"sem vítima";"265,9";"BR-050/GO";"Norte";"Colisão Traseira";0;0;1;0;1;0;0;0;0;1;29;0;0;0;0
"09/05/2015";"01:12:00";"5";"com vítima";"179,8";"BR-050/MG";"Sul";"Choque - Defensa, barreira ou meio fio";0;0;0;1;0;0;0;0;0;0;0;0;1;0;0
"09/05/2015";"09:26:00";"46";"sem vítima";"276,64";"BR-050/GO";"Sul";"Choque - Defensa, barreira ou meio fio";1;0;0;0;0;0;0;0;0;0;2;0;0;0;0
"09/05/2015";"11:10:00";"66";"com vítima";"98,3";"BR-050/GO";"Norte";"Colisão Transversal";1;0;0;1;0;0;0;0;0;0;2;1;0;0;0
"09/05/2015";"16:55:00";"115";"com vítima";"111,9";"BR-050/MG";"Sul";"Queda de Moto";0;0;0;1;0;0;0;0;0;0;0;2;0;0;0
"09/05/2015";"17:19:00";"117";"com vítima";"278,9";"BR-050/GO";"Sul";"Colisão Transversal";0;1;1;0;0;0;0;0;0;0;2;0;1;0;0
"09/05/2015";"18:12:00";"124";"com vítima";"278";"BR-050/GO";"Sul";"Colisão Transversal";2;0;0;0;0;0;0;0;0;0;1;2;1;0;0
"09/05/2015";"23:56:00";"159";"com vítima";"177,3";"BR-050/MG";"Sul";"Choque - Barranco";1;0;0;0;0;0;0;0;0;0;2;2;1;0;0
"10/05/2015";"03:21:00";"16";"sem vítima";"167,9";"BR-050/GO";"Norte";"Saida de Pista";0;0;1;0;0;0;0;0;0;0;1;0;0;0;0
"10/05/2015";"03:49:00";"18";"sem vítima";"139,6";"BR-050/MG";"Sul";"Capotamento";0;0;0;0;0;0;0;0;0;1;2;0;0;0;0
"10/05/2015";"05:13:00";"26";"com vítima";"39,1";"BR-050/MG";"Sul";"Capotamento";1;0;0;0;0;0;0;0;0;0;1;2;0;0;0
"10/05/2015";"05:23:00";"27";"com vítima";"236";"BR-050/GO";"Sul";"Choque - Arvore";1;0;0;0;0;0;0;0;0;0;0;2;0;0;0
"10/05/2015";"15:50:00";"109";"sem vítima";"198";"BR-050/MG";"Norte";"Colisão Traseira";0;0;2;0;0;0;0;0;0;0;3;0;0;0;0
"10/05/2015";"21:19:00";"165";"sem vítima";"61";"BR-050/MG";"Norte";"Choque - Defensa, barreira ou meio fio";1;0;0;0;0;0;0;0;0;0;3;0;0;0;0
"10/05/2015";"21:42:00";"168";"sem vítima";"178";"BR-050/MG";"Sul";"Choque - Defensa, barreira ou meio fio";1;0;0;0;0;0;0;0;0;0;5;0;0;0;0
"10/05/2015";"21:55:00";"170";"sem vítima";"11,5";"BR-050/MG";"Norte";"Saida de Pista";0;0;0;0;0;0;0;0;0;1;4;0;0;0;0
"11/05/2015";"00:29:00";"4";"sem vítima";"23,7";"BR-050/MG";"Norte";"Choque - Arvore";1;0;0;0;0;0;0;0;0;0;1;0;0;0;0
"11/05/2015";"00:45:00";"5";"sem vítima";"12";"BR-050/MG";"Sul";"Choque - Defensa, barreira ou meio fio";1;0;0;0;0;0;0;0;0;0;1;0;0;0;0
"11/05/2015";"04:39:00";"12";"sem vítima";"30";"BR-050/MG";"Sul";"Capotamento";1;0;0;0;0;0;0;0;0;0;2;0;0;0;0