data;horario;n_da_ocorrencia;tipo_de_ocorrencia;km;trecho;sentido;tipo_de_acidente;automovel;bicicleta;caminhao;moto;onibus;outros;tracao_animal;transporte_de_cargas_especiais;trator_maquinas;utilitarios;ilesos;levemente_feridos;moderadamente_feridos;gravemente_feridos;mortos
"04/10/2015";"09:17:00";"95";"sem vítima";"77,05";"BR-050/MG";"Norte";"Capotamento";0;0;0;0;0;0;0;0;0;1;1;0;0;0;0
"04/10/2015";"10:30:00";"103";"com vítima";"111,2";"BR-050/GO";"Norte";"Queda de Moto";0;0;0;1;0;0;0;0;0;0;0;0;2;0;0
"04/10/2015";"16:13:00";"144";"sem vítima";"10";"BR-050/MG";"Norte";"Choque - Defensa, barreira ou meio fio";1;0;0;0;0;0;0;0;0;0;3;0;0;0;0
"04/10/2015";"16:17:00";"145";"sem vítima";"269,6";"BR-050/GO";"Sul";"Engavetamento";3;0;0;0;0;0;0;0;0;0;6;0;0;0;0
"04/10/2015";"18:32:00";"172";"com vítima";"280";"BR-050/GO";"Sul";"Atropelamento - Andarilho";0;0;0;1;0;0;0;0;0;0;1;1;0;0;0
"04/10/2015";"20:02:00";"204";"sem vítima";"53";"BR-050/MG";"Norte";"Colisão Transversal";1;0;1;0;0;0;0;0;0;0;4;0;0;0;0
"06/10/2015";"05:26:00";"21";"sem vítima";"161,7";"BR-050/MG";"Sul";"Saida de Pista";1;0;0;0;0;0;0;0;0;0;1;0;0;0;0
"06/10/2015";"12:04:00";"146";"sem vítima";"132,3";"BR-050/MG";"Norte";"Tombamento";0;0;1;0;0;0;0;0;0;0;1;0;0;0;0
"06/10/2015";"12:37:00";"153";"sem vítima";"48,9";"BR-050/MG";"Norte";"Saida de Pista";1;0;0;0;0;0;0;0;0;0;1;0;0;0;0
"06/10/2015";"14:19:00";"163";"com vítima";"298";"BR-050/GO";"Norte";"Choque - Arvore";1;0;0;0;0;0;0;0;0;0;0;1;0;0;0
"06/10/2015";"20:00:00";"254";"sem vítima";"62,4";"BR-050/MG";"Sul";"Choque - Defensa, barreira ou meio fio";1;0;0;0;0;0;0;0;0;0;1;0;0;0;0
"07/10/2015";"07:25:00";"63";"sem vítima";"180,1";"BR-050/GO";"Norte";"Saida de Pista";0;0;1;0;0;0;0;0;0;0;1;0;0;0;0
"07/10/2015";"15:20:00";"191";"sem vítima";"151,7";"BR-050/MG";"Norte";"Choque - Suporte de Sinalização";0;0;0;0;0;0;0;0;0;1;1;0;0;0;0
"07/10/2015";"22:11:00";"313";"sem vítima";"54,22";"BR-050/MG";"Sul";"Tombamento";0;0;1;0;0;0;0;0;0;0;1;0;0;0;0
"08/10/2015";"00:54:00";"3";"com vítima";"213,3";"BR-050/GO";"Sul";"Colisão Frontal";0;0;0;1;0;1;0;0;0;0;1;0;0;1;0
"09/10/2015";"13:56:00";"207";"com vítima";"22,3";"BR-050/MG";"Sul";"Tombamento";0;0;1;0;0;0;0;0;0;0;0;1;0;0;0
"09/10/2015";"16:00:00";"236";"sem vítima";"281";"BR-050/GO";"Norte";"Colisão Transversal";2;0;0;0;0;0;0;0;0;0;3;0;0;0;0
"09/10/2015";"18:21:00";"269";"com vítima";"280";"BR-050/GO";"Norte";"Colisão Lateral";1;0;0;1;0;0;0;0;0;0;1;1;0;0;0
"09/10/2015";"21:29:00";"321";"com vítima";"98,7";"BR-050/GO";"Norte";"Colisão Frontal";1;0;1;0;0;0;0;0;0;0;1;0;0;0;1
"10/10/2015";"09:36:00";"123";"sem vítima";"53";"BR-050/MG";"Norte";"Queda de Moto";0;0;0;1;0;0;0;0;0;0;1;0;0;0;0
"10/10/2015";"18:37:00";"251";"sem vítima";"7,62";"CT-UDI-MG";"Norte";"Saida de Pista";1;0;0;0;0;0;0;0;0;0;3;0;0;0;0
"10/10/2015";"20:01:00";"284";"com vítima";"261";"BR-050/GO";"Norte";"Queda de Moto";0;0;0;1;0;0;0;0;0;0;0;1;0;0;0
"10/10/2015";"20:31:00";"288";"com vítima";"20,5";"BR-050/MG";"Sul";"Choque - Veiculo parado na pista";1;0;1;0;0;0;0;0;0;0;8;1;0;0;0
"11/10/2015";"04:30:00";"27";"sem vítima";"34";"BR-050/MG";"Sul";"Saida de Pista";1;0;0;0;0;0;0;0;0;0;4;0;0;0;0
"11/10/2015";"06:12:00";"37";"sem vítima";"138,8";"BR-050/GO";"Norte";"Atropelamento - Animal";1;0;0;0;0;0;0;0;0;0;2;0;0;0;0
"11/10/2015";"10:52:00";"124";"com vítima";"56";"BR-050/MG";"Norte";"Colisão Traseira";1;0;1;0;0;0;0;0;0;0;3;1;0;0;0
"11/10/2015";"22:57:00";"252";"com vítima";"280";"BR-050/GO";"Sul";"Queda de Moto";0;0;0;1;0;0;0;0;0;0;0;1;0;0;0
"12/10/2015";"05:24:00";"18";"sem vítima";"155";"BR-050/MG";"Sul";"Choque - Elemento de Drenagem";1;0;0;0;0;0;0;0;0;0;3;0;0;0;0
"13/10/2015";"05:34:00";"19";"com vítima";"153,6";"BR-050/GO";"Norte";"Colisão Traseira";0;0;2;0;0;0;0;0;0;0;2;0;1;0;0
"13/10/2015";"06:02:00";"28";"sem vítima";"82,55";"BR-050/MG";"Norte";"Saida de Pista";1;0;0;0;0;0;0;0;0;0;1;0;0;0;0
"13/10/2015";"07:03:00";"46";"sem vítima";"55,7";"BR-050/MG";"Sul";"Saida de Pista";1;0;0;0;0;0;0;0;0;0;1;0;0;0;0
"13/10/2015";"14:25:00";"197";"com vítima";"145";"BR-050/MG";"Sul";"Capotamento";1;0;0;0;0;0;0;0;0;0;0;0;0;2;0
"13/10/2015";"18:23:00";"258";"sem vítima";"203";"BR-050/MG";"Sul";"Saida de Pista";1;0;0;0;0;0;0;0;0;0;2;0;0;0;0
"14/10/2015";"21:56:00";"329";"com vítima";"178,4";"BR-050/MG";"Sul";"Atropelamento - Morador";1;0;0;0;0;0;0;0;0;0;1;0;0;1;0
"15/10/2015";"07:07:00";"59";"com vítima";"106,4";"BR-050/MG";"Norte";"Capotamento";1;0;0;0;0;0;0;0;0;0;0;0;2;0;0
"15/10/2015";"10:22:00";"122";"sem vítima";"169";"BR-050/MG";"Norte";"Colisão Traseira";0;0;1;0;0;0;0;0;0;1;2;0;0;0;0
"15/10/2015";"10:33:00";"126";"com vítima";"277,2";"BR-050/GO";"Sul";"Capotamento";0;0;0;0;0;0;0;0;0;1;0;1;0;0;0
"15/10/2015";"22:30:00";"312";"sem vítima";"80,89";"BR-050/MG";"Norte";"Choque - Defensa, barreira ou meio fio";1;0;0;0;0;0;0;0;0;0;1;0;0;0;0
"16/10/2015";"10:15:00";"126";"com vítima";"79,2";"BR-050/MG";"Sul";"Colisão Traseira";2;0;0;0;0;0;0;0;0;0;1;0;0;1;0
"16/10/2015";"12:26:00";"154";"sem vítima";"128,1";"BR-050/MG";"Norte";"Carreta deu L";0;0;1;0;0;0;0;0;0;0;2;0;0;0;0
"16/10/2015";"18:48:00";"283";"sem vítima";"60,6";"BR-050/MG";"Norte";"Atropelamento - Animal";1;0;0;0;0;0;0;0;0;0;4;0;0;0;0
"17/10/2015";"09:22:00";"124";"sem vítima";"138,1";"BR-050/MG";"Sul";"Saida de Pista";0;0;1;0;0;0;0;0;0;0;1;0;0;0;0
"18/10/2015";"15:08:00";"149";"com vítima";"175,5";"BR-050/MG";"Norte";"Colisão Traseira";1;0;0;0;0;0;0;0;0;1;3;1;2;0;0
"18/10/2015";"19:31:00";"237";"sem vítima";"15";"CT-UDI-MG";"Norte";"Queda de Moto";0;0;0;1;0;0;0;0;0;0;1;0;0;0;0
"18/10/2015";"19:48:00";"245";"com vítima";"81,9";"BR-050/MG";"Norte";"Colisão Traseira";1;0;1;0;0;0;0;0;0;0;2;2;0;0;0
"18/10/2015";"20:23:00";"252";"sem vítima";"62,2";"BR-050/MG";"Norte";"Saida de Pista";1;0;0;0;0;0;0;0;0;0;2;0;0;0;0
"18/10/2015";"20:42:00";"256";"com vítima";"82,68";"BR-050/MG";"Norte";"Atropelamento - Usuário";0;0;0;1;0;0;0;0;0;1;1;0;0;1;1
"18/10/2015";"23:15:00";"279";"sem vítima";"27,8";"BR-050/MG";"Norte";"Saida de Pista";0;0;1;0;0;0;0;0;0;0;2;0;0;0;0
"19/10/2015";"07:04:00";"50";"com vítima";"100,2";"BR-050/MG";"Sul";"Capotamento";1;0;0;0;0;0;0;0;0;0;0;0;1;0;0
"19/10/2015";"12:46:00";"158";"com vítima";"233,3";"BR-050/GO";"Norte";"Capotamento";1;0;0;0;0;0;0;0;0;0;0;1;0;0;0
"19/10/2015";"15:27:00";"202";"sem vítima";"99";"BR-050/GO";"Sul";"Colisão Lateral";1;0;1;0;0;0;0;0;0;0;2;0;0;0;0
"19/10/2015";"18:34:00";"253";"sem vítima";"171,9";"BR-050/MG";"Sul";"Queda de Moto";0;0;0;1;0;0;0;0;0;0;1;0;0;0;0
"19/10/2015";"22:32:00";"318";"com vítima";"132,2";"BR-050/MG";"Sul";"Capotamento";1;0;0;0;0;0;0;0;0;0;0;0;1;0;0
"21/10/2015";"16:07:00";"228";"sem vítima";"10,8";"BR-050/MG";"Sul";"Saida de Pista";1;0;0;0;0;0;0;0;0;0;1;0;0;0;0
"21/10/2015";"17:54:00";"249";"sem vítima";"63";"BR-050/MG";"Norte";"Colisão Lateral";1;0;1;0;0;0;0;0;0;0;2;0;0;0;0
"21/10/2015";"18:08:00";"252";"com vítima";"60";"BR-050/MG";"Sul";"Colisão Traseira";1;0;1;0;0;0;0;0;0;0;1;0;1;0;0
"22/10/2015";"04:52:00";"18";"sem vítima";"118";"BR-050/MG";"Norte";"Capotamento";1;0;0;0;0;0;0;0;0;0;1;0;0;0;0
"22/10/2015";"05:55:00";"21";"sem vítima";"34";"BR-050/MG";"Norte";"Colisão Traseira";0;0;1;0;0;0;0;0;0;1;3;0;0;0;0
"22/10/2015";"09:40:00";"126";"sem vítima";"118,6";"BR-050/MG";"Sul";"Saida de Pista";0;0;1;0;0;0;0;0;0;0;1;0;0;0;0
"22/10/2015";"20:10:00";"303";"sem vítima";"41,3";"BR-050/MG";"Sul";"Saida de Pista";1;0;0;0;0;0;0;0;0;0;1;0;0;0;0
"22/10/2015";"22:49:00";"332";"sem vítima";"294";"BR-050/GO";"Norte";"Tombamento";0;0;1;0;0;0;0;0;0;0;1;0;0;0;0
"23/10/2015";"08:03:00";"80";"sem vítima";"29,1";"BR-050/MG";"Norte";"Tombamento";0;0;1;0;0;0;0;0;0;0;1;0;0;0;0
"23/10/2015";"10:59:00";"124";"sem vítima";"14,14";"CT-UDI-MG";"Norte";"Tombamento";0;0;1;0;0;0;0;0;0;0;1;0;0;0;0
"23/10/2015";"11:59:00";"132";"sem vítima";"12,8";"CT-UDI-MG";"Sul";"Choque - Talude";1;0;0;0;0;0;0;0;0;0;1;0;0;0;0
"24/10/2015";"06:38:00";"37";"com vítima";"186,15";"BR-050/MG";"Norte";"Capotamento";1;0;0;0;0;0;0;0;0;0;0;0;1;0;0
"24/10/2015";"14:13:00";"151";"com vítima";"130";"BR-050/MG";"Sul";"Colisão Traseira";0;0;2;0;0;0;0;0;0;0;0;2;0;0;0
"24/10/2015";"16:06:00";"161";"com vítima";"42,6";"BR-050/MG";"Sul";"Queda de Moto";0;0;0;1;0;0;0;0;0;0;0;2;0;0;0
"24/10/2015";"16:53:00";"173";"sem vítima";"95,4";"BR-050/MG";"Norte";"Saida de Pista";0;0;1;0;0;0;0;0;0;0;1;0;0;0;0
"25/10/2015";"05:07:00";"26";"sem vítima";"29,8";"BR-050/MG";"Norte";"Choque - Defensa, barreira ou meio fio";1;0;0;0;0;0;0;0;0;0;1;0;0;0;0
"25/10/2015";"10:32:00";"105";"sem vítima";"147,42";"BR-050/GO";"Sul";"Capotamento";1;0;0;0;0;0;0;0;0;0;5;0;0;0;0
"25/10/2015";"13:03:00";"122";"com vítima";"124,8";"BR-050/GO";"Sul";"Queda de Moto";0;0;0;1;0;0;0;0;0;0;0;2;0;0;0
"25/10/2015";"17:29:00";"162";"com vítima";"81";"BR-050/MG";"Norte";"Queda de Moto";0;0;0;1;0;0;0;0;0;0;0;0;1;0;0
"25/10/2015";"17:51:00";"166";"sem vítima";"137,5";"BR-050/MG";"Norte";"Saida de Pista";1;0;0;0;0;0;0;0;0;0;2;0;0;0;0
"26/10/2015";"06:47:00";"35";"sem vítima";"47,3";"BR-050/MG";"Sul";"Choque - Talude";1;0;0;0;0;0;0;0;0;0;1;0;0;0;0
"26/10/2015";"07:00:00";"49";"sem vítima";"178,1";"BR-050/MG";"Sul";"Saida de Pista";1;0;0;0;0;0;0;0;0;0;1;0;0;0;0
"26/10/2015";"15:38:00";"192";"com vítima";"137,94";"BR-050/MG";"Sul";"Queda de Moto";0;0;0;1;0;0;0;0;0;0;0;1;1;0;0
"27/10/2015";"02:57:00";"18";"com vítima";"54";"BR-050/MG";"Sul";"Capotamento";0;0;1;0;0;0;0;0;0;0;1;0;1;0;0
"27/10/2015";"14:34:00";"179";"sem vítima";"118,9";"BR-050/MG";"Sul";"Capotamento";0;0;0;0;0;0;0;0;0;1;4;0;0;0;0
"27/10/2015";"22:11:00";"295";"com vítima";"111,38";"BR-050/MG";"Norte";"Atropelamento - Animal";0;0;2;0;0;0;0;0;0;0;0;0;1;0;2
"27/10/2015";"22:45:00";"300";"sem vítima";"129";"BR-050/GO";"Sul";"Colisão Traseira";0;0;2;0;0;0;0;0;0;0;2;0;0;0;0
"28/10/2015";"10:07:00";"121";"sem vítima";"166,7";"BR-050/MG";"Norte";"Choque - Defensa, barreira ou meio fio";0;0;1;0;0;0;0;0;0;0;1;0;0;0;0
"28/10/2015";"10:15:00";"123";"sem vítima";"166,58";"BR-050/MG";"Norte";"Colisão Traseira";0;0;2;0;0;0;0;0;0;0;2;0;0;0;0
"28/10/2015";"10:48:00";"133";"sem vítima";"177,744";"BR-050/MG";"Sul";"Choque - Defensa, barreira ou meio fio";0;0;1;0;0;0;0;0;0;0;1;0;0;0;0
"28/10/2015";"14:37:00";"183";"sem vítima";"119,62";"BR-050/MG";"Norte";"Capotamento";1;0;0;0;0;0;0;0;0;0;2;0;0;0;0
"28/10/2015";"15:07:00";"195";"com vítima";"313,1";"BR-050/GO";"Norte";"Choque - Arvore";0;0;1;0;0;0;0;0;0;0;0;0;1;0;0
"28/10/2015";"15:16:00";"199";"sem vítima";"116,6";"BR-050/MG";"Sul";"Capotamento";1;0;0;0;0;0;0;0;0;0;1;0;0;0;0
"28/10/2015";"16:32:00";"215";"com vítima";"24,8";"BR-050/MG";"Norte";"Tombamento";0;0;1;0;0;0;0;0;0;0;0;0;1;0;0
"28/10/2015";"16:44:00";"216";"com vítima";"180";"BR-050/MG";"Norte";"Colisão Frontal";0;1;0;0;0;0;0;0;0;1;1;0;0;1;0
"28/10/2015";"17:28:00";"220";"sem vítima";"47";"BR-050/MG";"Sul";"Capotamento";1;0;0;0;0;0;0;0;0;0;1;0;0;0;0
"29/10/2015";"09:13:00";"110";"sem vítima";"147,5";"BR-050/GO";"Sul";"Colisão Transversal";2;0;0;0;0;0;0;0;0;0;6;0;0;0;0
"29/10/2015";"11:30:00";"147";"sem vítima";"81,8";"BR-050/MG";"Norte";"Colisão Lateral";0;0;2;0;0;0;0;0;0;0;4;0;0;0;0
"29/10/2015";"12:07:00";"155";"com vítima";"280,5";"BR-050/GO";"Norte";"Colisão Lateral";1;0;1;0;0;0;0;0;0;0;2;1;0;0;0
"29/10/2015";"12:22:00";"158";"com vítima";"293";"BR-050/GO";"Norte";"Queda de Moto";0;0;0;1;0;0;0;0;0;0;0;2;0;0;0
"29/10/2015";"14:09:00";"184";"sem vítima";"169";"BR-050/MG";"Norte";"Colisão Traseira";0;0;2;0;0;0;0;0;0;0;3;0;0;0;0
"29/10/2015";"17:59:00";"229";"sem vítima";"180";"BR-050/MG";"Sul";"Colisão Lateral";1;0;0;0;1;0;0;0;0;0;12;0;0;0;0
"30/10/2015";"04:36:00";"22";"sem vítima";"64,6";"BR-050/MG";"Norte";"Saida de Pista";1;0;0;0;0;0;0;0;0;0;1;0;0;0;0
"30/10/2015";"06:37:00";"37";"com vítima";"47";"BR-050/MG";"Sul";"Queda de Moto";0;0;0;1;0;0;0;0;0;0;0;0;1;0;0
"31/10/2015";"01:43:00";"18";"sem vítima";"29";"BR-050/MG";"Norte";"Saida de Pista";1;0;0;0;0;0;0;0;0;0;5;0;0;0;0
"31/10/2015";"07:13:00";"68";"com vítima";"168,5";"BR-050/MG";"Sul";"Atropelamento - Sem Informação";1;0;0;0;0;0;0;0;0;0;1;0;0;0;1
"31/10/2015";"08:18:00";"90";"sem vítima";"140,3";"BR-050/MG";"Norte";"Saida de Pista";1;0;0;0;0;0;0;0;0;0;4;0;0;0;0
"31/10/2015";"08:30:00";"92";"sem vítima";"95,7";"BR-050/GO";"Norte";"Colisão Traseira";1;0;0;0;0;0;0;0;0;1;2;0;0;0;0
"31/10/2015";"15:40:00";"179";"com vítima";"241,6";"BR-050/GO";"Norte";"Capotamento";1;0;0;0;0;0;0;0;0;0;0;1;0;0;0
"31/10/2015";"19:36:00";"246";"com vítima";"178,1";"BR-050/MG";"Sul";"Tombamento";1;0;0;0;0;0;0;0;0;0;4;1;0;0;0
"31/10/2015";"20:50:00";"255";"sem vítima";"29";"BR-050/MG";"Norte";"Saida de Pista";1;0;0;0;0;0;0;0;0;0;1;0;0;0;0
"31/10/2015";"21:46:00";"268";"sem vítima";"63,4";"BR-050/MG";"Sul";"Choque - Elemento de Drenagem";1;0;0;0;0;0;0;0;0;0;2;0;0;0;0
"01/11/2015";"07:07:00";"44";"com vítima";"178";"BR-050/GO";"Sul";"Choque - Arvore";1;0;0;0;0;0;0;0;0;0;0;0;1;1;0
"01/11/2015";"13:30:00";"113";"com vítima";"204,12";"BR-050/MG";"Sul";"Capotamento";1;0;0;0;0;0;0;0;0;0;0;0;0;1;0
"02/11/2015";"12:36:00";"91";"com vítima";"20,1";"CT-UDI-MG";"Norte";"Queda de Moto";0;0;0;1;0;0;0;0;0;0;0;2;0;0;0
"02/11/2015";"16:15:00";"120";"sem vítima";"288,7";"BR-050/GO";"Norte";"Saida de Pista";1;0;0;0;0;0;0;0;0;0;2;0;0;0;0
"04/11/2015";"03:21:00";"8";"sem vítima";"54,3";"BR-050/MG";"Norte";"Choque - Defensa, barreira ou meio fio";1;0;0;0;0;0;0;0;0;0;1;0;0;0;0
"04/11/2015";"17:03:00";"207";"sem vítima";"52,5";"BR-050/MG";"Norte";"Tombamento";1;0;0;0;0;0;0;0;0;0;1;0;0;0;0
"04/11/2015";"18:59:00";"248";"com vítima";"280";"BR-050/GO";"Norte";"Colisão Traseira";1;0;0;1;0;0;0;0;0;0;1;2;0;0;0
"05/11/2015";"00:41:00";"8";"sem vítima";"163,3";"BR-050/MG";"Norte";"Choque - Elemento de Drenagem";0;0;1;0;0;0;0;0;0;0;1;0;0;0;0
"05/11/2015";"14:18:00";"167";"sem vítima";"200,8";"BR-050/GO";"Sul";"Queda de Moto";0;0;0;1;0;0;0;0;0;0;2;0;0;0;0
"05/11/2015";"15:44:00";"187";"com vítima";"179,15";"BR-050/MG";"Sul";"Queda de Moto";0;0;0;1;0;0;0;0;0;0;0;1;0;0;0
"05/11/2015";"18:54:00";"236";"sem vítima";"280";"BR-050/GO";"Sul";"Colisão Lateral";2;0;0;0;0;0;0;0;0;0;2;0;0;0;0
"05/11/2015";"22:58:00";"303";"sem vítima";"132,2";"BR-050/GO";"Norte";"Tombamento";0;0;1;0;0;0;0;0;0;0;2;0;0;0;0
"06/11/2015";"04:34:00";"19";"sem vítima";"50,8";"BR-050/MG";"Norte";"Choque - Defensa, barreira ou meio fio";1;0;0;0;0;0;0;0;0;0;2;0;0;0;0
"06/11/2015";"11:04:00";"151";"sem vítima";"304,6";"BR-050/GO";"Sul";"Choque - Suporte de Sinalização";1;0;0;0;0;0;0;0;0;0;1;0;0;0;0
"06/11/2015";"14:06:00";"182";"sem vítima";"56,7";"BR-050/MG";"Sul";"Queda de Moto";0;0;0;1;0;0;0;0;0;0;2;0;0;0;0
"06/11/2015";"15:07:00";"192";"sem vítima";"107,9";"BR-050/GO";"Norte";"Saida de Pista";0;0;0;0;0;0;0;0;0;1;1;0;0;0;0
"06/11/2015";"17:29:00";"219";"sem vítima";"29,9";"BR-050/MG";"Sul";"Saida de Pista";1;0;0;0;0;0;0;0;0;0;2;0;0;0;0
"07/11/2015";"18:48:00";"223";"sem vítima";"29,2";"BR-050/MG";"Norte";"Saida de Pista";1;0;0;0;0;0;0;0;0;0;1;0;0;0;0
"08/11/2015";"01:38:00";"3";"com vítima";"110,5";"BR-050/GO";"Norte";"Saida de Pista";1;0;0;0;0;0;0;0;0;0;1;1;0;0;0
"08/11/2015";"04:06:00";"7";"com vítima";"204,2";"BR-050/MG";"Norte";"Choque - Defensa, barreira ou meio fio";0;0;0;1;0;0;0;0;0;0;0;1;0;0;0
"08/11/2015";"04:42:00";"8";"com vítima";"178,85";"BR-050/MG";"Sul";"Colisão Transversal";1;0;0;1;0;0;0;0;0;0;1;0;0;1;0
"08/11/2015";"12:02:00";"96";"sem vítima";"313,5";"BR-050/GO";"Norte";"Colisão Lateral";2;0;0;0;0;0;0;0;0;0;4;0;0;0;0
"08/11/2015";"18:10:00";"156";"com vítima";"176,9";"BR-050/MG";"Norte";"Colisão Lateral";0;0;0;0;1;0;0;0;0;1;43;0;2;0;0
"08/11/2015";"19:43:00";"190";"sem vítima";"177,3";"BR-050/MG";"Norte";"Colisão Traseira";1;0;1;0;0;0;0;0;0;0;7;0;0;0;0
"09/11/2015";"07:46:00";"79";"com vítima";"64,3";"BR-050/MG";"Sul";"Queda de Moto";0;0;0;1;0;0;0;0;0;0;1;1;0;0;0
"09/11/2015";"08:32:00";"100";"sem vítima";"177";"BR-050/MG";"Sul";"Choque - Poste";0;0;0;0;0;0;0;0;0;1;1;0;0;0;0
"09/11/2015";"17:50:00";"210";"sem vítima";"15,5";"BR-050/MG";"Norte";"Saida de Pista";1;0;0;0;0;0;0;0;0;0;2;0;0;0;0
"10/11/2015";"16:28:00";"194";"sem vítima";"172";"BR-050/MG";"Sul";"Tombamento";0;0;1;0;0;0;0;0;0;0;1;0;0;0;0
"11/11/2015";"10:17:00";"128";"com vítima";"183";"BR-050/MG";"Sul";"Queda de Ciclista";0;1;0;0;0;0;0;0;0;0;0;0;0;1;0
"11/11/2015";"11:37:00";"146";"sem vítima";"159";"BR-050/MG";"Norte";"Tombamento";0;0;0;0;0;0;0;0;0;1;2;0;0;0;0
"11/11/2015";"17:16:00";"209";"com vítima";"281";"BR-050/GO";"Norte";"Colisão Traseira";0;0;2;0;0;0;0;0;0;0;1;1;0;0;0
"12/11/2015";"11:16:00";"142";"sem vítima";"279";"BR-050/GO";"Norte";"Colisão Lateral";0;0;1;0;0;0;0;0;0;1;3;0;0;0;0
"12/11/2015";"18:11:00";"213";"com vítima";"19,8";"BR-050/MG";"Sul";"Choque - Defensa, barreira ou meio fio";1;0;0;0;0;0;0;0;0;0;0;1;0;0;0
"12/11/2015";"21:58:00";"272";"sem vítima";"123,9";"BR-050/MG";"Sul";"Objeto lançado contra veículo";2;0;1;0;0;0;0;0;0;0;7;0;0;0;0
"13/11/2015";"03:32:00";"14";"sem vítima";"61,5";"BR-050/MG";"Norte";"Saida de Pista";1;0;0;0;0;0;0;0;0;0;1;0;0;0;0
"13/11/2015";"22:46:00";"334";"sem vítima";"175,3";"BR-050/MG";"Norte";"Choque - Elemento de Drenagem";1;0;0;0;0;0;0;0;0;0;1;0;0;0;0
"14/11/2015";"08:07:00";"69";"sem vítima";"168";"BR-050/MG";"Sul";"Colisão Lateral";1;0;1;0;0;0;0;0;0;0;2;0;0;0;0
"14/11/2015";"11:00:00";"119";"com vítima";"172,8";"BR-050/MG";"Norte";"Queda de Moto";0;0;0;1;0;0;0;0;0;0;1;1;0;0;0
"14/11/2015";"11:28:00";"125";"com vítima";"226,5";"BR-050/GO";"Sul";"Queda de Ciclista";0;1;0;0;0;0;0;0;0;0;0;0;1;0;0
"14/11/2015";"13:33:00";"136";"sem vítima";"196";"BR-050/MG";"Norte";"Choque - Veiculo parado na pista";1;0;0;0;0;0;0;0;0;1;3;0;0;0;0
"14/11/2015";"15:18:00";"155";"sem vítima";"172";"BR-050/MG";"Norte";"Choque - Defensa, barreira ou meio fio";1;0;0;0;0;0;0;0;0;0;1;0;0;0;0
"14/11/2015";"19:56:00";"231";"sem vítima";"207,6";"BR-050/GO";"Sul";"Colisão Transversal";0;0;0;0;0;0;0;0;0;1;2;0;0;0;0
"15/11/2015";"03:38:00";"11";"sem vítima";"175";"BR-050/MG";"Norte";"Capotamento";1;0;0;0;0;0;0;0;0;0;1;0;0;0;0
"15/11/2015";"08:39:00";"84";"com vítima";"30";"BR-050/MG";"Sul";"Capotamento";1;0;0;0;0;0;0;0;0;0;0;1;0;0;0
"15/11/2015";"08:55:00";"88";"sem vítima";"3,7";"BR-050/MG";"Sul";"Choque - Defensa, barreira ou meio fio";1;0;0;0;0;0;0;0;0;0;2;0;0;0;0
"15/11/2015";"11:44:00";"121";"sem vítima";"52";"BR-050/MG";"Sul";"Saida de Pista";1;0;0;0;0;0;0;0;0;0;3;0;0;0;0
"15/11/2015";"13:54:00";"130";"sem vítima";"175";"BR-050/MG";"Sul";"Tombamento";0;0;1;0;0;0;0;0;0;0;1;0;0;0;0
"15/11/2015";"15:28:00";"145";"sem vítima";"106,9";"BR-050/MG";"Norte";"Saida de Pista";1;0;0;0;0;0;0;0;0;0;2;0;0;0;0
"15/11/2015";"17:27:00";"162";"com vítima";"196,9";"BR-050/MG";"Norte";"Capotamento";1;0;0;0;0;0;0;0;0;0;1;0;2;0;0
"16/11/2015";"03:35:00";"10";"sem vítima";"130,8";"BR-050/MG";"Sul";"Choque - Defensa, barreira ou meio fio";0;0;0;0;0;0;0;0;0;1;1;0;0;0;0
"16/11/2015";"17:41:00";"204";"sem vítima";"265";"BR-050/GO";"Sul";"Colisão Lateral";0;0;1;0;0;0;0;0;0;1;3;0;0;0;0
"16/11/2015";"18:41:00";"219";"com vítima";"27,745";"BR-050/MG";"Sul";"Queda de Moto";0;0;0;1;0;0;0;0;0;0;0;0;0;1;0
"16/11/2015";"20:43:00";"264";"sem vítima";"189,38";"BR-050/MG";"Norte";"Saida de Pista";0;0;1;0;0;0;0;0;0;0;1;0;0;0;0
"17/11/2015";"06:41:00";"30";"sem vítima";"135";"BR-050/GO";"Norte";"Saida de Pista";1;0;0;0;0;0;0;0;0;0;2;0;0;0;0
"17/11/2015";"11:44:00";"112";"com vítima";"56,6";"BR-050/MG";"Sul";"Choque - Suporte de Sinalização";1;0;0;0;0;0;0;0;0;0;0;0;1;0;0
"17/11/2015";"15:01:00";"147";"sem vítima";"152,6";"BR-050/GO";"Sul";"Saida de Pista";1;0;0;0;0;0;0;0;0;0;2;0;0;0;0
"17/11/2015";"15:35:00";"154";"sem vítima";"280";"BR-050/GO";"Norte";"Colisão Transversal";1;0;0;1;0;0;0;0;0;0;2;0;0;0;0
"17/11/2015";"17:07:00";"174";"sem vítima";"108,2";"BR-050/GO";"Sul";"Saida de Pista";1;0;0;0;0;0;0;0;0;0;1;0;0;0;0
"17/11/2015";"18:57:00";"202";"sem vítima";"177,8";"BR-050/MG";"Sul";"Saida de Pista";2;0;0;0;0;0;0;0;0;0;2;0;0;0;0
"17/11/2015";"19:33:00";"226";"com vítima";"58,2";"BR-050/MG";"Norte";"Saida de Pista";1;0;0;0;0;0;0;0;0;0;0;0;1;0;0