data;horario;n_da_ocorrencia;tipo_de_ocorrencia;km;trecho;sentido;tipo_de_acidente;automovel;bicicleta;caminhao;moto;onibus;outros;tracao_animal;transporte_de_cargas_especiais;trator_maquinas;utilitarios;ilesos;levemente_feridos;moderadamente_feridos;gravemente_feridos;mortos
"12/03/2017";"18:22:00";"167";"com vítima";"178,2";"BR-050/MG";"Sul";"Colisão Traseira";2;0;0;0;0;0;0;0;0;0;7;0;1;0;0
"12/03/2017";"19:40:00";"203";"sem vítima";"112,6";"BR-050/MG";"Sul";"Saida de Pista";1;0;0;0;0;0;0;0;0;0;1;0;0;0;0
"13/03/2017";"11:43:00";"128";"sem vítima";"133,2";"BR-050/MG";"Sul";"Colisão Traseira";1;0;0;0;0;0;0;0;0;1;6;0;0;0;0
"13/03/2017";"17:21:00";"161";"com vítima";"274,5";"BR-050/GO";"Sul";"Choque - Arvore";0;0;0;0;0;0;0;0;0;1;0;1;0;0;0
"13/03/2017";"18:35:00";"183";"sem vítima";"179";"BR-050/MG";"Sul";"Colisão Lateral";1;0;1;0;0;0;0;0;0;0;3;0;0;0;0
"13/03/2017";"23:42:00";"250";"sem vítima";"179,2";"BR-050/MG";"Norte";"Choque - Defensa, barreira ou meio fio";0;0;1;0;0;0;0;0;0;0;1;0;0;0;0
"14/03/2017";"13:19:00";"139";"com vítima";"135";"BR-050/MG";"Sul";"Engavetamento";2;0;1;0;0;0;0;0;0;0;1;0;3;0;0
"14/03/2017";"13:35:00";"142";"sem vítima";"91,9";"BR-050/MG";"Norte";"Saida de Pista";0;0;1;0;0;0;0;0;0;0;1;0;0;0;0
"14/03/2017";"20:05:00";"241";"com vítima";"85";"BR-050/MG";"Sul";"Colisão Traseira";0;0;2;0;0;0;0;0;0;0;1;0;0;1;0
"15/03/2017";"07:54:00";"76";"com vítima";"206";"BR-050/MG";"Sul";"Capotamento";1;0;0;0;0;0;0;0;0;0;0;0;2;0;0
"15/03/2017";"19:23:00";"233";"sem vítima";"34";"BR-050/MG";"Norte";"Choque - Defensa, barreira ou meio fio";1;0;0;0;0;0;0;0;0;0;2;0;0;0;0
"15/03/2017";"21:43:00";"257";"sem vítima";"48,3";"BR-050/MG";"Norte";"Atropelamento de Animal";1;0;0;0;0;0;0;0;0;0;1;0;0;0;0
"16/03/2017";"13:04:00";"129";"sem vítima";"157,58";"BR-050/MG";"Norte";"Choque - Suporte de Sinalização";0;0;0;0;0;0;0;0;0;1;1;0;0;0;0
"16/03/2017";"13:39:00";"134";"sem vítima";"270,2";"BR-050/GO";"Norte";"Colisão Transversal";1;0;0;0;0;0;0;0;0;1;3;0;0;0;0
"16/03/2017";"18:48:00";"197";"sem vítima";"202,3";"BR-050/MG";"Sul";"Atropelamento de Animal";0;0;0;0;0;0;0;0;0;1;1;0;0;0;0
"17/03/2017";"15:44:00";"147";"sem vítima";"2,2";"CT-UDI-MG";"Norte";"Choque - Defensa, barreira ou meio fio";1;0;0;0;0;0;0;0;0;0;1;0;0;0;0
"18/03/2017";"10:54:00";"60";"com vítima";"111,4";"BR-050/GO";"Norte";"Tombamento";0;0;1;0;0;0;0;0;0;0;0;1;0;0;0
"18/03/2017";"12:40:00";"80";"sem vítima";"174,6";"BR-050/MG";"Norte";"Choque - Defensa, barreira ou meio fio";1;0;0;0;0;0;0;0;0;0;1;0;0;0;0
"18/03/2017";"14:12:00";"95";"sem vítima";"175,4";"BR-050/MG";"Sul";"Saida de Pista";0;0;0;0;0;0;0;0;0;1;2;0;0;0;0
"18/03/2017";"14:38:00";"100";"com vítima";"180,9";"BR-050/MG";"Norte";"Choque - Obstáculo Fixo";1;0;0;0;0;0;0;0;0;0;0;0;1;0;0
"18/03/2017";"20:35:00";"148";"com vítima";"177,3";"BR-050/MG";"Norte";"Capotamento";1;0;0;0;0;0;0;0;0;0;0;0;1;0;0
"18/03/2017";"22:15:00";"158";"sem vítima";"89,52";"BR-050/MG";"Sul";"Queda de Moto";0;0;0;1;0;0;0;0;0;0;1;0;0;0;0
"19/03/2017";"18:39:00";"103";"sem vítima";"121";"BR-050/MG";"Sul";"Queda de Moto";0;0;0;1;0;0;0;0;0;0;1;0;0;0;0
"19/03/2017";"19:29:00";"113";"com vítima";"11";"CT-UDI-MG";"Sul";"Capotamento";1;0;0;0;0;0;0;0;0;0;0;0;1;0;0
"19/03/2017";"22:04:00";"131";"sem vítima";"85,95";"BR-050/MG";"Norte";"Colisão Traseira";1;0;1;0;0;0;0;0;0;0;2;0;0;0;0
"20/03/2017";"14:53:00";"119";"sem vítima";"122,58";"BR-050/MG";"Norte";"Tombamento";0;0;0;0;0;0;0;0;0;1;3;0;0;0;0
"20/03/2017";"15:27:00";"121";"com vítima";"26,9";"BR-050/MG";"Sul";"Choque - Suporte de Sinalização";0;0;1;0;0;0;0;0;0;0;1;1;0;0;0
"20/03/2017";"17:14:00";"143";"com vítima";"193,76";"BR-050/MG";"Norte";"Queda de Moto";0;0;0;1;1;0;0;0;0;0;1;0;1;0;0
"21/03/2017";"15:57:00";"122";"com vítima";"4,2";"CT-UDI-MG";"Norte";"Capotamento";1;0;0;0;0;0;0;0;0;0;0;0;1;0;0
"21/03/2017";"22:25:00";"177";"sem vítima";"177,4";"BR-050/MG";"Norte";"Capotamento";0;0;0;0;0;0;0;0;0;1;1;0;0;0;0
"22/03/2017";"02:52:00";"14";"sem vítima";"146,4";"BR-050/MG";"Sul";"Choque - Defensa, barreira ou meio fio";1;0;0;0;0;0;0;0;0;0;2;0;0;0;0
"22/03/2017";"14:21:00";"96";"com vítima";"81,8";"BR-050/MG";"Norte";"Choque - Suporte de Sinalização";1;0;0;0;0;0;0;0;0;0;0;1;1;0;0
"22/03/2017";"18:37:00";"136";"com vítima";"123,4";"BR-050/GO";"Norte";"Tombamento";0;0;0;0;0;0;0;0;0;1;0;2;0;0;0
"22/03/2017";"19:27:00";"142";"com vítima";"102,3";"BR-050/GO";"Norte";"Colisão Traseira";0;0;2;0;0;0;0;0;0;0;1;1;0;0;0
"22/03/2017";"20:37:00";"147";"sem vítima";"208,5";"BR-050/GO";"Sul";"Saida de Pista";0;0;0;0;0;0;0;0;0;1;2;0;0;0;0
"22/03/2017";"21:21:00";"155";"com vítima";"140,3";"BR-050/MG";"Norte";"Capotamento";1;0;0;0;0;0;0;0;0;0;0;0;2;1;0
"23/03/2017";"22:53:00";"212";"sem vítima";"279,3";"BR-050/GO";"Norte";"Saida de Pista";1;0;0;0;0;0;0;0;0;0;1;0;0;0;0
"24/03/2017";"06:32:00";"25";"sem vítima";"154";"BR-050/GO";"Sul";"Saida de Pista";1;0;0;0;0;0;0;0;0;0;2;0;0;0;0
"24/03/2017";"10:47:00";"97";"sem vítima";"83,6";"BR-050/MG";"Sul";"Choque - Elemento de Drenagem";0;0;0;0;0;0;0;0;0;1;2;0;0;0;0
"24/03/2017";"13:54:00";"129";"sem vítima";"301";"BR-050/GO";"Norte";"Choque - Talude";1;0;0;0;0;0;0;0;0;0;2;0;0;0;0
"24/03/2017";"16:56:00";"170";"com vítima";"174";"BR-050/MG";"Sul";"Colisão Transversal";1;1;0;0;0;0;0;0;0;0;1;1;0;0;0
"24/03/2017";"20:12:00";"211";"sem vítima";"114,323";"BR-050/MG";"Norte";"Capotamento";1;0;0;0;0;0;0;0;0;0;1;0;0;0;0
"24/03/2017";"22:26:00";"233";"sem vítima";"127,06";"BR-050/MG";"Norte";"Colisão Lateral";1;0;1;0;0;0;0;0;0;0;4;0;0;0;0
"25/03/2017";"00:56:00";"4";"com vítima";"1,3";"BR-050/MG";"Sul";"Choque - Suporte de Sinalização";0;0;0;0;1;0;0;0;0;0;29;0;1;0;0
"25/03/2017";"07:10:00";"28";"com vítima";"122,8";"BR-050/GO";"Norte";"Tombamento";0;0;0;0;0;0;0;0;0;1;0;2;0;0;0
"25/03/2017";"16:23:00";"104";"com vítima";"62,3";"BR-050/MG";"Norte";"Tombamento";0;0;0;0;0;0;0;0;0;1;0;3;0;0;0
"25/03/2017";"17:17:00";"107";"com vítima";"173,88";"BR-050/MG";"Norte";"Queda de Moto";0;0;0;1;0;0;0;0;0;0;0;0;1;0;0
"25/03/2017";"19:41:00";"121";"sem vítima";"63,2";"BR-050/MG";"Norte";"Queda de Moto";0;0;0;1;0;0;0;0;0;0;2;0;0;0;0
"25/03/2017";"21:08:00";"132";"sem vítima";"179";"BR-050/MG";"Sul";"Colisão Traseira";0;0;1;0;0;1;0;0;0;0;3;0;0;0;0
"26/03/2017";"07:49:00";"29";"com vítima";"218,95";"BR-050/GO";"Norte";"Tombamento";0;0;1;0;0;0;0;0;0;0;2;1;0;0;0
"26/03/2017";"16:00:00";"104";"sem vítima";"174,02";"BR-050/MG";"Norte";"Choque - Defensa, barreira ou meio fio";0;0;0;0;0;0;0;0;0;1;1;0;0;0;0
"27/03/2017";"16:58:00";"149";"com vítima";"174,58";"BR-050/MG";"Sul";"Queda de Moto";0;0;0;1;0;0;0;0;0;0;0;1;0;0;0
"28/03/2017";"14:10:00";"105";"com vítima";"280,7";"BR-050/GO";"Sul";"Colisão Transversal";1;0;0;1;0;0;0;0;0;0;1;0;1;0;0
"28/03/2017";"14:40:00";"109";"com vítima";"175";"BR-050/MG";"Norte";"Colisão Lateral";1;0;0;1;0;0;0;0;0;0;1;0;2;0;0
"28/03/2017";"14:57:00";"110";"sem vítima";"59,5";"BR-050/MG";"Norte";"Choque - Elemento de Drenagem";1;0;0;0;0;0;0;0;0;0;3;0;0;0;0
"28/03/2017";"15:24:00";"114";"com vítima";"58,5";"BR-050/MG";"Norte";"Choque - Defensa, barreira ou meio fio";1;0;0;0;0;0;0;0;0;0;1;1;0;0;0
"28/03/2017";"19:46:00";"154";"sem vítima";"33,6";"BR-050/MG";"Norte";"Choque - Defensa, barreira ou meio fio";1;0;0;0;0;0;0;0;0;0;2;0;0;0;0
"29/03/2017";"09:22:00";"60";"sem vítima";"280";"BR-050/GO";"Sul";"Colisão Transversal";1;0;1;0;0;0;0;0;0;0;3;0;0;0;0
"29/03/2017";"14:18:00";"96";"com vítima";"104";"BR-050/MG";"Sul";"Choque - Suporte de Sinalização";0;0;0;0;0;0;0;0;0;1;1;0;1;0;0
"29/03/2017";"14:28:00";"98";"com vítima";"92,8";"BR-050/MG";"Sul";"Capotamento";1;0;0;0;0;0;0;0;0;0;2;0;2;0;0
"29/03/2017";"15:30:00";"104";"com vítima";"179,84";"BR-050/MG";"Sul";"Colisão Lateral";1;0;0;1;0;0;0;0;0;0;1;1;0;0;0
"29/03/2017";"19:11:00";"144";"com vítima";"164,22";"BR-050/MG";"Norte";"Colisão Traseira";0;0;2;0;0;0;0;0;0;0;2;1;0;0;0
"29/03/2017";"23:16:00";"171";"com vítima";"60,8";"BR-050/MG";"Sul";"Queda de Moto";0;0;0;1;0;0;0;0;0;0;0;2;0;0;0
"30/03/2017";"14:37:00";"100";"com vítima";"280,6";"BR-050/GO";"Sul";"Colisão Lateral";1;0;0;1;0;0;0;0;0;0;2;2;0;0;0
"30/03/2017";"17:40:00";"129";"sem vítima";"188,54";"BR-050/MG";"Norte";"Colisão Traseira";0;0;2;0;0;0;0;0;0;0;2;0;0;0;0
"30/03/2017";"19:14:00";"145";"sem vítima";"5,5";"BR-050/MG";"Sul";"Saida de Pista";1;0;0;0;0;0;0;0;0;0;2;0;0;0;0
"31/03/2017";"07:38:00";"36";"sem vítima";"281";"BR-050/GO";"Sul";"Colisão Transversal";0;0;0;0;0;0;0;0;0;2;3;0;0;0;0
"01/04/2017";"08:07:00";"36";"com vítima";"279";"BR-050/GO";"Sul";"Queda de Moto";0;0;0;1;0;0;0;0;0;0;0;0;1;0;0
"01/04/2017";"20:51:00";"157";"sem vítima";"175,2";"BR-050/MG";"Norte";"Choque - Defensa, barreira ou meio fio";0;0;0;0;0;0;0;0;0;1;1;0;0;0;0
"02/04/2017";"00:35:00";"4";"com vítima";"119,8";"BR-050/GO";"Norte";"Choque - Suporte de Sinalização";1;0;0;0;0;0;0;0;0;0;1;1;0;0;0
"02/04/2017";"16:24:00";"81";"com vítima";"141,2";"BR-050/GO";"Norte";"Tombamento";0;0;1;0;0;0;0;0;0;0;0;1;0;0;0
"02/04/2017";"18:52:00";"116";"sem vítima";"22";"BR-050/MG";"Sul";"Engavetamento";3;0;0;0;0;0;0;0;0;0;12;0;0;0;0
"02/04/2017";"19:48:00";"128";"com vítima";"90,25";"BR-050/MG";"Norte";"Capotamento";1;0;0;0;0;0;0;0;0;0;0;0;1;0;0
"02/04/2017";"20:24:00";"141";"sem vítima";"182,2";"BR-050/MG";"Sul";"Objeto lançado contra veículo";0;0;1;0;0;0;0;0;0;0;1;0;0;0;0
"02/04/2017";"21:52:00";"150";"com vítima";"77";"BR-050/MG";"Norte";"Capotamento";0;0;0;0;0;0;0;0;0;1;0;0;2;0;0
"03/04/2017";"13:19:00";"93";"sem vítima";"263,5";"BR-050/GO";"Sul";"Saida de Pista";1;0;0;0;0;0;0;0;0;0;1;0;0;0;0
"03/04/2017";"13:43:00";"96";"sem vítima";"177";"BR-050/MG";"Norte";"Capotamento";1;0;0;0;0;0;0;0;0;0;2;0;0;0;0
"03/04/2017";"15:05:00";"104";"sem vítima";"58";"BR-050/MG";"Norte";"Choque - Defensa, barreira ou meio fio";1;0;0;0;0;0;0;0;0;0;1;0;0;0;0
"03/04/2017";"20:21:00";"153";"com vítima";"174";"BR-050/MG";"Norte";"Queda de Moto";0;0;0;1;0;0;0;0;0;0;0;0;2;0;0
"04/04/2017";"10:43:00";"69";"sem vítima";"114,4";"BR-050/MG";"Norte";"Colisão Lateral";1;0;1;0;0;0;0;0;0;0;2;0;0;0;0
"04/04/2017";"13:13:00";"97";"sem vítima";"27,5";"BR-050/MG";"Sul";"Saida de Pista";1;0;0;0;0;0;0;0;0;0;2;0;0;0;0
"05/04/2017";"12:14:00";"110";"sem vítima";"231,26";"BR-050/GO";"Sul";"Choque - Arvore";0;0;1;0;0;0;0;0;0;0;1;0;0;0;0
"05/04/2017";"21:20:00";"193";"sem vítima";"58,7";"BR-050/MG";"Norte";"Atropelamento de Animal";1;0;0;0;0;0;0;0;0;0;2;0;0;0;0
"06/04/2017";"08:07:00";"36";"com vítima";"62,4";"BR-050/MG";"Sul";"Choque - Defensa, barreira ou meio fio";1;0;0;0;0;0;0;0;0;0;0;1;0;0;0
"06/04/2017";"08:55:00";"44";"sem vítima";"27,8";"BR-050/MG";"Sul";"Saida de Pista";1;0;0;0;0;0;0;0;0;0;4;0;0;0;0
"07/04/2017";"01:14:00";"3";"com vítima";"53,6";"BR-050/MG";"Norte";"Choque - Elemento de Drenagem";1;0;0;0;0;0;0;0;0;0;0;1;0;0;0
"07/04/2017";"08:19:00";"56";"com vítima";"167,125";"BR-050/MG";"Norte";"Colisão Traseira";1;0;0;1;0;0;0;0;0;0;1;0;0;1;0
"07/04/2017";"11:16:00";"100";"sem vítima";"132";"BR-050/MG";"Sul";"Saida de Pista";0;0;0;0;0;0;0;0;0;1;1;0;0;0;0
"07/04/2017";"11:23:00";"101";"sem vítima";"135";"BR-050/MG";"Norte";"Saida de Pista";1;0;0;0;0;0;0;0;0;0;3;0;0;0;0
"07/04/2017";"15:04:00";"133";"sem vítima";"10,8";"BR-050/MG";"Norte";"Colisão Traseira";2;0;0;0;0;0;0;0;0;0;3;0;0;0;0
"07/04/2017";"15:23:00";"134";"sem vítima";"10";"BR-050/MG";"Norte";"Choque - Defensa, barreira ou meio fio";1;0;0;0;0;0;0;0;0;0;5;0;0;0;0
"07/04/2017";"16:32:00";"148";"sem vítima";"44,7";"BR-050/MG";"Sul";"Choque - Elemento de Drenagem";0;0;0;0;0;0;0;0;0;1;1;0;0;0;0
"07/04/2017";"16:39:00";"150";"sem vítima";"41,4";"BR-050/MG";"Norte";"Choque - Barranco";1;0;0;0;0;0;0;0;0;0;4;0;0;0;0
"08/04/2017";"09:07:00";"44";"com vítima";"114,827";"BR-050/MG";"Norte";"Capotamento";1;0;0;0;0;0;0;0;0;0;1;0;1;0;0
"08/04/2017";"10:38:00";"60";"sem vítima";"21";"BR-050/MG";"Norte";"Choque - Defensa, barreira ou meio fio";1;0;0;0;0;0;0;0;0;0;5;0;0;0;0
"08/04/2017";"15:36:00";"108";"com vítima";"289,1";"BR-050/GO";"Sul";"Queda de Moto";0;0;0;1;0;0;0;0;0;0;1;1;0;0;0
"08/04/2017";"16:12:00";"116";"sem vítima";"165";"BR-050/MG";"Sul";"Choque - Arvore";0;0;0;0;0;0;0;0;0;1;1;0;0;0;0
"08/04/2017";"21:20:00";"166";"com vítima";"155,38";"BR-050/GO";"Sul";"Colisão Lateral";0;0;2;0;0;0;0;0;0;0;3;1;0;0;0
"08/04/2017";"22:06:00";"169";"com vítima";"99";"BR-050/GO";"Norte";"Colisão Traseira";1;0;0;0;0;1;0;0;0;0;2;0;1;0;0
"09/04/2017";"10:52:00";"60";"sem vítima";"111,9";"BR-050/GO";"Sul";"Queda de Moto";0;0;0;1;0;0;0;0;0;0;1;0;0;0;0
"09/04/2017";"15:49:00";"108";"sem vítima";"281";"BR-050/GO";"Norte";"Colisão Lateral";2;0;0;0;0;0;0;0;0;0;3;0;0;0;0
"09/04/2017";"19:01:00";"153";"sem vítima";"147,4";"BR-050/MG";"Norte";"Choque - Elemento de Drenagem";1;0;0;0;0;0;0;0;0;0;1;0;0;0;0
"09/04/2017";"19:02:00";"154";"sem vítima";"192,2";"BR-050/MG";"Sul";"Choque - Obstáculo Fixo";0;0;1;0;0;0;0;0;0;0;1;0;0;0;0
"09/04/2017";"20:42:00";"174";"sem vítima";"12";"CT-UDI-MG";"Sul";"Choque - Barranco";1;0;0;0;0;0;0;0;0;0;1;0;0;0;0
"09/04/2017";"20:59:00";"176";"com vítima";"265";"BR-050/GO";"Sul";"Colisão Frontal";1;0;0;1;0;0;0;0;0;0;1;1;0;0;0
"10/04/2017";"06:38:00";"19";"sem vítima";"24,5";"BR-050/MG";"Norte";"Saida de Pista";0;0;0;0;0;0;0;0;0;1;4;0;0;0;0
"10/04/2017";"08:13:00";"36";"sem vítima";"306,3";"BR-050/GO";"Norte";"Tombamento";0;0;1;0;0;0;0;0;0;0;1;0;0;0;0
"11/04/2017";"07:11:00";"21";"com vítima";"179,2";"BR-050/MG";"Sul";"Queda de Moto";0;0;0;1;0;0;0;0;0;0;0;0;1;0;0
"11/04/2017";"07:56:00";"33";"com vítima";"62,9";"BR-050/MG";"Sul";"Colisão Traseira";1;0;0;0;0;0;0;0;0;1;4;1;0;0;0
"11/04/2017";"16:45:00";"142";"sem vítima";"124,777";"BR-050/MG";"Norte";"Saida de Pista";0;0;1;0;0;0;0;0;0;0;1;0;0;0;0
"11/04/2017";"18:49:00";"158";"com vítima";"133";"BR-050/MG";"Norte";"Queda de Moto";0;0;0;1;0;0;0;0;0;0;1;0;1;0;0
"11/04/2017";"19:12:00";"163";"com vítima";"175";"BR-050/MG";"Sul";"Queda de Moto";0;0;0;1;0;0;0;0;0;0;1;1;1;0;0
"11/04/2017";"19:29:00";"166";"sem vítima";"8";"CT-UDI-MG";"Sul";"Saida de Pista";1;0;0;0;0;0;0;0;0;0;1;0;0;0;0
"12/04/2017";"20:53:00";"180";"sem vítima";"121,9";"BR-050/MG";"Norte";"Saida de Pista";0;0;1;0;0;0;0;0;0;0;1;0;0;0;0
"13/04/2017";"09:31:00";"77";"sem vítima";"122,06";"BR-050/MG";"Norte";"Saida de Pista";1;0;0;0;0;0;0;0;0;0;4;0;0;0;0
"13/04/2017";"16:57:00";"157";"sem vítima";"287,285";"BR-050/GO";"Sul";"Saida de Pista";1;0;0;0;0;0;0;0;0;0;1;0;0;0;0
"13/04/2017";"18:35:00";"171";"com vítima";"154,3";"BR-050/GO";"Norte";"Choque - Defensa, barreira ou meio fio";1;0;0;0;0;0;0;0;0;0;1;1;0;0;0
"13/04/2017";"19:16:00";"178";"com vítima";"21,3";"CT-UDI-MG";"Norte";"Colisão Lateral";1;0;0;1;0;0;0;0;0;0;1;1;0;0;0
"13/04/2017";"23:56:00";"220";"sem vítima";"178,5";"BR-050/MG";"Norte";"Choque - Defensa, barreira ou meio fio";1;0;0;0;0;0;0;0;0;0;2;0;0;0;0
"14/04/2017";"04:30:00";"20";"sem vítima";"1";"BR-050/MG";"Sul";"Saida de Pista";1;0;0;0;0;0;0;0;0;0;1;0;0;0;0
"14/04/2017";"08:31:00";"41";"sem vítima";"104,9";"BR-050/MG";"Norte";"Colisão Traseira";1;0;0;0;0;0;0;0;0;1;5;0;0;0;0
"14/04/2017";"09:27:00";"48";"sem vítima";"154,22";"BR-050/GO";"Norte";"Choque - Defensa, barreira ou meio fio";0;0;0;0;0;0;0;0;0;1;1;0;0;0;0
"14/04/2017";"10:58:00";"61";"sem vítima";"141";"BR-050/GO";"Sul";"Colisão Lateral";1;0;0;1;0;0;0;0;0;0;2;0;0;0;0
"14/04/2017";"21:00:00";"133";"com vítima";"18,2";"CT-UDI-MG";"Norte";"Queda de Moto";0;0;0;1;0;0;0;0;0;0;0;0;1;0;0
"14/04/2017";"21:45:00";"140";"com vítima";"160,4";"BR-050/MG";"Norte";"Colisão Traseira";1;0;0;1;0;0;0;0;0;0;4;0;0;2;0
"15/04/2017";"06:51:00";"13";"com vítima";"52,6";"BR-050/MG";"Norte";"Choque - Suporte de Sinalização";1;0;0;0;0;0;0;0;0;0;3;0;1;0;0
"15/04/2017";"19:22:00";"96";"sem vítima";"57,4";"BR-050/MG";"Norte";"Atropelamento de Animal";1;0;0;0;0;0;0;0;0;0;2;0;0;0;0
"15/04/2017";"20:09:00";"101";"com vítima";"33,68";"BR-050/MG";"Norte";"Capotamento";1;0;0;0;0;0;0;0;0;0;0;0;2;0;0
"16/04/2017";"05:35:00";"22";"sem vítima";"174,7";"BR-050/MG";"Norte";"Choque - Arvore";1;0;0;0;0;0;0;0;0;0;1;0;0;0;0
"16/04/2017";"06:47:00";"32";"com vítima";"239,15";"BR-050/GO";"Norte";"Capotamento";1;0;0;0;0;0;0;0;0;0;0;2;1;0;0
"16/04/2017";"09:11:00";"38";"sem vítima";"47,205";"BR-050/MG";"Norte";"Colisão Lateral";0;0;0;1;0;0;0;0;0;1;2;0;0;0;0
"16/04/2017";"15:37:00";"89";"com vítima";"78,82";"BR-050/MG";"Sul";"Queda de Moto";0;0;0;1;0;0;0;0;0;0;0;0;0;2;0
"16/04/2017";"15:54:00";"95";"sem vítima";"174";"BR-050/MG";"Norte";"Choque - Defensa, barreira ou meio fio";1;0;0;0;0;0;0;0;0;0;1;0;0;0;0
"16/04/2017";"16:15:00";"98";"com vítima";"127";"BR-050/MG";"Norte";"Colisão Traseira";1;0;1;0;0;0;0;0;0;0;5;0;0;1;0
"16/04/2017";"18:58:00";"135";"sem vítima";"33,7";"BR-050/MG";"Norte";"Saida de Pista";1;0;0;0;0;0;0;0;0;0;4;0;0;0;0
"16/04/2017";"21:24:00";"160";"sem vítima";"117,4";"BR-050/MG";"Sul";"Capotamento";1;0;0;0;0;0;0;0;0;0;5;0;0;0;0
"17/04/2017";"12:56:00";"101";"sem vítima";"177,52";"BR-050/GO";"Norte";"Colisão Traseira";1;0;1;0;0;0;0;0;0;0;3;0;0;0;0
"17/04/2017";"23:26:00";"188";"sem vítima";"1";"BR-050/MG";"Norte";"Choque - Defensa, barreira ou meio fio";1;0;0;0;0;0;0;0;0;0;1;0;0;0;0
"18/04/2017";"05:48:00";"19";"com vítima";"175,9";"BR-050/MG";"Norte";"Capotamento";1;0;0;0;0;0;0;0;0;0;0;1;0;0;0
"18/04/2017";"12:48:00";"99";"com vítima";"140,3";"BR-050/MG";"Norte";"Capotamento";0;0;0;0;0;0;0;0;0;1;0;0;1;0;0
"18/04/2017";"13:32:00";"106";"sem vítima";"35,92";"BR-050/MG";"Sul";"Capotamento";1;0;0;0;0;0;0;0;0;0;1;0;0;0;0
"18/04/2017";"16:05:00";"131";"com vítima";"203,91";"BR-050/GO";"Norte";"Choque - Arvore";0;0;0;0;0;0;0;0;0;1;0;0;1;0;0
"18/04/2017";"17:03:00";"143";"sem vítima";"152,96";"BR-050/MG";"Sul";"Saida de Pista";1;0;0;0;0;0;0;0;0;0;1;0;0;0;0
"19/04/2017";"06:07:00";"19";"sem vítima";"1,22";"BR-050/MG";"Norte";"Choque - Arvore";0;0;1;0;0;0;0;0;0;0;1;0;0;0;0
"20/04/2017";"07:09:00";"34";"com vítima";"47";"BR-050/MG";"Sul";"Capotamento";1;0;0;0;0;0;0;0;0;0;0;0;1;0;0
"20/04/2017";"07:19:00";"37";"com vítima";"47";"BR-050/MG";"Sul";"Colisão Lateral";0;0;0;1;1;0;0;0;0;0;1;0;0;1;0
"20/04/2017";"09:35:00";"72";"sem vítima";"21";"CT-UDI-MG";"Sul";"Colisão Transversal";1;0;0;0;0;0;0;0;0;1;6;0;0;0;0
"21/04/2017";"04:34:00";"26";"com vítima";"64,2";"BR-050/MG";"Norte";"Choque - Barranco";1;0;0;0;0;0;0;0;0;0;0;1;0;0;0
"21/04/2017";"05:09:00";"27";"sem vítima";"60,9";"BR-050/MG";"Norte";"Choque - Barranco";1;0;0;0;0;0;0;0;0;0;2;0;0;0;0
"21/04/2017";"05:31:00";"29";"com vítima";"118";"BR-050/MG";"Sul";"Colisão Lateral";1;0;1;0;0;0;0;0;0;0;2;0;1;0;0
"21/04/2017";"09:07:00";"56";"sem vítima";"118";"BR-050/MG";"Norte";"Choque - Elemento de Drenagem";1;0;0;0;0;0;0;0;0;0;2;0;0;0;0
"21/04/2017";"10:43:00";"63";"sem vítima";"273,3";"BR-050/GO";"Sul";"Colisão Traseira";1;0;0;0;0;0;0;0;0;1;4;0;0;0;0
"21/04/2017";"11:35:00";"77";"sem vítima";"3,8";"BR-050/MG";"Norte";"Saida de Pista";1;0;0;0;0;0;0;0;0;0;4;0;0;0;0
"21/04/2017";"14:10:00";"94";"sem vítima";"175,6";"BR-050/MG";"Norte";"Colisão Lateral";0;0;1;0;1;0;0;0;0;0;2;0;0;0;0
"21/04/2017";"19:45:00";"156";"sem vítima";"64";"BR-050/MG";"Norte";"Choque - Defensa, barreira ou meio fio";1;0;0;0;0;0;0;0;0;0;2;0;0;0;0
"21/04/2017";"19:58:00";"158";"com vítima";"78,43";"BR-050/MG";"Sul";"Capotamento";1;0;0;0;0;0;0;0;0;0;0;0;1;0;0
"22/04/2017";"06:32:00";"25";"sem vítima";"17";"BR-050/MG";"Norte";"Choque - Elemento de Drenagem";1;0;0;0;0;0;0;0;0;0;4;0;0;0;0
"22/04/2017";"13:46:00";"88";"com vítima";"17,1";"BR-050/MG";"Norte";"Choque - Suporte de Sinalização";0;0;0;1;0;0;0;0;0;0;0;0;1;0;0
"22/04/2017";"23:28:00";"145";"sem vítima";"60,62";"BR-050/MG";"Norte";"Atropelamento de Animal";1;0;0;0;0;0;0;0;0;0;2;0;0;0;0
"23/04/2017";"09:51:00";"38";"com vítima";"25,7";"BR-050/MG";"Norte";"Capotamento";0;0;0;0;0;0;0;0;0;1;0;0;0;1;0
"23/04/2017";"12:23:00";"60";"sem vítima";"271";"BR-050/GO";"Norte";"Saida de Pista";1;0;0;0;0;0;0;0;0;0;1;0;0;0;0
"23/04/2017";"14:44:00";"83";"sem vítima";"273,4";"BR-050/GO";"Sul";"Colisão Transversal";1;0;1;0;0;0;0;0;0;0;2;0;0;0;0