data;horario;n_da_ocorrencia;tipo_de_ocorrencia;km;trecho;sentido;tipo_de_acidente;automovel;bicicleta;caminhao;moto;onibus;outros;tracao_animal;transporte_de_cargas_especiais;trator_maquinas;utilitarios;ilesos;levemente_feridos;moderadamente_feridos;gravemente_feridos;mortos
"24/04/2017";"11:51:00";"73";"sem vítima";"14,1";"BR-050/MG";"Norte";"Colisão Traseira";0;0;1;0;0;0;0;0;0;1;2;0;0;0;0
"24/04/2017";"13:00:00";"89";"com vítima";"88,6";"BR-050/MG";"Norte";"Capotamento";1;0;0;0;0;0;0;0;0;0;0;0;0;1;0
"24/04/2017";"19:53:00";"146";"com vítima";"265";"BR-050/GO";"Sul";"Queda de Ciclista";0;1;0;0;0;0;0;0;0;0;0;1;0;0;0
"24/04/2017";"22:44:00";"156";"sem vítima";"43,3";"BR-050/MG";"Sul";"Choque - Defensa, barreira ou meio fio";1;0;0;0;0;0;0;0;0;0;2;0;0;0;0
"25/04/2017";"16:41:00";"141";"sem vítima";"17,1";"BR-050/MG";"Sul";"Choque - Talude";1;0;0;0;0;0;0;0;0;0;1;0;0;0;0
"26/04/2017";"04:41:00";"13";"com vítima";"123,48";"BR-050/MG";"Sul";"Capotamento";1;0;0;0;0;0;0;0;0;0;0;0;2;0;0
"26/04/2017";"05:17:00";"14";"com vítima";"27,2";"BR-050/MG";"Norte";"Queda de Ciclista";0;1;0;0;0;0;0;0;0;0;0;1;0;0;0
"26/04/2017";"13:54:00";"108";"com vítima";"63";"BR-050/MG";"Sul";"Colisão Traseira";0;0;0;1;0;0;0;0;0;0;0;0;1;0;0
"26/04/2017";"16:57:00";"144";"sem vítima";"262,35";"BR-050/GO";"Norte";"Saida de Pista";0;0;0;0;0;0;0;0;0;1;1;0;0;0;0
"26/04/2017";"17:12:00";"149";"com vítima";"289,8";"BR-050/GO";"Norte";"Queda de Moto";0;0;0;1;0;0;0;0;0;0;0;0;1;0;0
"26/04/2017";"17:39:00";"153";"sem vítima";"179,08";"BR-050/MG";"Norte";"Queda de Moto";0;0;0;1;0;0;0;0;0;0;1;0;0;0;0
"26/04/2017";"18:29:00";"159";"sem vítima";"51";"BR-050/MG";"Sul";"Colisão Traseira";0;0;1;0;0;0;0;0;0;1;4;0;0;0;0
"26/04/2017";"18:39:00";"164";"sem vítima";"51";"BR-050/MG";"Norte";"Colisão Traseira";0;0;1;0;1;0;0;0;0;0;22;0;0;0;0
"26/04/2017";"18:48:00";"165";"com vítima";"154,68";"BR-050/GO";"Norte";"Colisão Frontal";1;0;1;0;0;0;0;0;0;0;1;0;0;0;1
"26/04/2017";"20:01:00";"179";"sem vítima";"43,14";"BR-050/MG";"Norte";"Saida de Pista";1;0;0;0;0;0;0;0;0;0;2;0;0;0;0
"27/04/2017";"00:46:00";"8";"com vítima";"258,9";"BR-050/GO";"Sul";"Tombamento";0;0;1;0;0;0;0;0;0;0;0;1;0;0;0
"27/04/2017";"13:49:00";"91";"sem vítima";"39,9";"BR-050/MG";"Norte";"Colisão Traseira";1;0;1;0;0;0;0;0;0;0;2;0;0;0;0
"27/04/2017";"18:33:00";"133";"sem vítima";"283";"BR-050/GO";"Norte";"Colisão Traseira";2;0;0;0;0;0;0;0;0;0;2;0;0;0;0
"27/04/2017";"20:12:00";"144";"com vítima";"258";"BR-050/GO";"Sul";"Colisão Traseira";0;0;2;0;0;0;0;0;0;0;1;2;0;0;0
"27/04/2017";"23:14:00";"161";"sem vítima";"185";"BR-050/GO";"Sul";"Choque - Defensa, barreira ou meio fio";1;0;0;0;0;0;0;0;0;0;3;0;0;0;0
"28/04/2017";"08:11:00";"39";"com vítima";"107,6";"BR-050/GO";"Sul";"Capotamento";1;0;0;0;0;0;0;0;0;0;0;1;1;1;0
"28/04/2017";"14:07:00";"95";"com vítima";"169,16";"BR-050/MG";"Norte";"Queda de Moto";0;0;0;1;0;0;0;0;0;0;0;0;1;0;0
"28/04/2017";"19:01:00";"140";"sem vítima";"44,4";"BR-050/MG";"Norte";"Colisão Traseira";1;0;1;0;0;0;0;0;0;0;2;0;0;0;0
"28/04/2017";"19:50:00";"148";"sem vítima";"278";"BR-050/GO";"Norte";"Colisão Transversal";1;0;0;0;0;0;0;0;0;1;2;0;0;0;0
"29/04/2017";"13:38:00";"98";"com vítima";"219,02";"BR-050/GO";"Sul";"Queda de Moto";0;0;0;1;0;0;0;0;0;0;1;0;1;0;0
"29/04/2017";"14:22:00";"109";"com vítima";"109,6";"BR-050/MG";"Sul";"Choque - Barranco";1;0;0;0;0;0;0;0;0;0;0;0;2;0;0
"29/04/2017";"18:40:00";"142";"sem vítima";"59,96";"BR-050/MG";"Norte";"Choque - Defensa, barreira ou meio fio";1;0;0;0;0;0;0;0;0;0;4;0;0;0;0
"29/04/2017";"19:38:00";"154";"sem vítima";"272";"BR-050/GO";"Norte";"Saida de Pista";1;0;0;0;0;0;0;0;0;0;1;0;0;0;0
"30/04/2017";"02:10:00";"5";"com vítima";"18,42";"CT-UDI-MG";"Sul";"Capotamento";1;0;0;0;0;0;0;0;0;0;0;2;0;0;0
"30/04/2017";"05:48:00";"20";"sem vítima";"121,8";"BR-050/GO";"Norte";"Capotamento";1;0;0;0;0;0;0;0;0;0;4;0;0;0;0
"30/04/2017";"06:01:00";"21";"sem vítima";"17";"BR-050/MG";"Norte";"Choque - Elemento de Drenagem";1;0;0;0;0;0;0;0;0;0;4;0;0;0;0
"30/04/2017";"07:08:00";"29";"sem vítima";"108,68";"BR-050/MG";"Norte";"Saida de Pista";1;0;0;0;0;0;0;0;0;0;1;0;0;0;0
"30/04/2017";"11:52:00";"69";"com vítima";"3,76";"BR-050/MG";"Sul";"Queda de Moto";0;0;0;2;0;0;0;0;0;0;0;0;1;1;0
"30/04/2017";"22:16:00";"138";"sem vítima";"205,5";"BR-050/MG";"Sul";"Choque - Defensa, barreira ou meio fio";0;0;0;0;0;0;0;0;0;1;1;0;0;0;0
"01/05/2017";"15:31:00";"85";"com vítima";"174,3";"BR-050/MG";"Norte";"Choque - Defensa, barreira ou meio fio";1;0;0;0;0;0;0;0;0;0;0;2;4;0;0
"01/05/2017";"21:17:00";"138";"com vítima";"272,965";"BR-050/GO";"Norte";"Capotamento";1;0;0;0;0;0;0;0;0;1;1;1;0;4;0
"02/05/2017";"10:04:00";"58";"com vítima";"92,4";"BR-050/MG";"Norte";"Capotamento";1;0;0;0;0;0;0;0;0;0;0;3;0;0;0
"02/05/2017";"14:41:00";"100";"com vítima";"110,24";"BR-050/MG";"Norte";"Capotamento";0;0;0;0;0;0;0;0;0;1;0;0;0;4;0
"03/05/2017";"04:29:00";"20";"com vítima";"47,4";"BR-050/MG";"Sul";"Choque - Talude";0;0;0;0;0;0;0;0;0;1;0;0;1;1;0
"03/05/2017";"09:48:00";"79";"sem vítima";"180";"BR-050/MG";"Sul";"Capotamento";0;0;1;0;0;0;0;0;0;0;1;0;0;0;0
"04/05/2017";"12:16:00";"107";"sem vítima";"0,18";"BR-050/MG";"Sul";"Choque - Suporte de Sinalização";0;0;0;0;0;0;0;0;0;2;3;0;0;0;0
"04/05/2017";"16:02:00";"142";"com vítima";"155,3";"BR-050/MG";"Norte";"Choque - Barranco";0;0;0;0;0;0;0;0;0;1;0;0;1;0;0
"04/05/2017";"22:40:00";"207";"sem vítima";"51";"BR-050/MG";"Norte";"Atropelamento de Animal";1;0;0;0;0;0;0;0;0;0;1;0;0;0;0
"05/05/2017";"17:08:00";"139";"sem vítima";"257,2";"BR-050/GO";"Norte";"Choque - Elemento de Drenagem";1;0;0;0;0;0;0;0;0;0;3;0;0;0;0
"05/05/2017";"17:25:00";"140";"com vítima";"117,6";"BR-050/MG";"Norte";"Choque - Elemento de Drenagem";1;0;0;0;0;0;0;0;0;0;0;0;2;0;0
"05/05/2017";"22:27:00";"187";"com vítima";"162";"BR-050/MG";"Sul";"Choque - Suporte de Sinalização";1;0;0;0;0;0;0;0;0;0;0;0;1;0;0
"06/05/2017";"03:36:00";"14";"sem vítima";"204";"BR-050/GO";"Sul";"Tombamento";0;0;1;0;0;0;0;0;0;0;1;0;0;0;0
"06/05/2017";"04:09:00";"15";"com vítima";"162,5";"BR-050/MG";"Norte";"Capotamento";1;0;0;0;0;0;0;0;0;0;0;0;2;0;0
"06/05/2017";"04:51:00";"16";"sem vítima";"193,9";"BR-050/GO";"Norte";"Tombamento";0;0;1;0;0;0;0;0;0;0;1;0;0;0;0
"06/05/2017";"13:54:00";"74";"sem vítima";"175,5";"BR-050/MG";"Sul";"Queda de Moto";0;0;0;1;0;0;0;0;0;0;2;0;0;0;0
"06/05/2017";"14:30:00";"81";"com vítima";"80";"BR-050/MG";"Sul";"Capotamento";1;0;0;0;0;0;0;0;0;0;0;0;1;2;0
"06/05/2017";"17:03:00";"104";"com vítima";"97";"BR-050/GO";"Sul";"Colisão Frontal";1;0;0;1;0;0;0;0;0;0;0;2;0;0;0
"07/05/2017";"21:05:00";"154";"com vítima";"33,2";"BR-050/MG";"Sul";"Atropelamento de Animal";0;0;0;1;0;0;0;0;0;0;0;0;1;0;0
"07/05/2017";"21:54:00";"157";"com vítima";"154";"BR-050/GO";"Sul";"Colisão Lateral";0;0;2;0;0;0;0;0;0;0;2;1;0;0;0
"08/05/2017";"01:43:00";"8";"com vítima";"175,9";"BR-050/MG";"Sul";"Queda de Moto";0;0;0;1;0;0;0;0;0;0;0;1;0;0;0
"08/05/2017";"06:15:00";"25";"com vítima";"87,42";"BR-050/MG";"Sul";"Choque - Defensa, barreira ou meio fio";1;0;0;0;0;0;0;0;0;0;2;0;2;0;0
"08/05/2017";"07:17:00";"28";"com vítima";"178,4";"BR-050/MG";"Sul";"Atropelamento - Morador";0;0;0;0;0;0;0;0;0;1;1;0;1;0;0
"08/05/2017";"09:30:00";"59";"sem vítima";"186,5";"BR-050/MG";"Sul";"Tombamento";0;0;1;0;0;0;0;0;0;0;1;0;0;0;0
"08/05/2017";"20:24:00";"176";"sem vítima";"4,6";"CT-UDI-MG";"Norte";"Choque - Elemento de Drenagem";1;0;0;0;0;0;0;0;0;0;2;0;0;0;0
"09/05/2017";"10:40:00";"71";"com vítima";"105,7";"BR-050/MG";"Sul";"Capotamento";1;0;0;0;0;0;0;0;0;0;0;0;0;1;0
"09/05/2017";"10:43:00";"72";"com vítima";"2,66";"BR-050/MG";"Norte";"Choque - Talude";0;0;0;0;0;0;0;0;0;1;0;1;0;0;0
"09/05/2017";"11:29:00";"78";"com vítima";"181,52";"BR-050/MG";"Norte";"Queda de Moto";0;0;0;1;0;0;0;0;0;0;0;0;0;1;0
"09/05/2017";"15:02:00";"99";"sem vítima";"54,2";"BR-050/MG";"Norte";"Colisão Traseira";1;0;1;0;0;0;0;0;0;0;2;0;0;0;0
"09/05/2017";"15:25:00";"104";"sem vítima";"54,1";"BR-050/MG";"Norte";"Colisão Traseira";0;0;1;0;0;0;0;0;0;1;3;0;0;0;0
"09/05/2017";"16:29:00";"109";"sem vítima";"193";"BR-050/MG";"Sul";"Colisão Lateral";1;0;1;0;0;0;0;0;0;0;2;0;0;0;0
"09/05/2017";"18:38:00";"139";"com vítima";"172";"BR-050/MG";"Norte";"Queda de Moto";0;0;0;1;0;0;0;0;0;0;0;0;1;0;0
"09/05/2017";"20:26:00";"154";"sem vítima";"304,95";"BR-050/GO";"Sul";"Saida de Pista";0;0;1;0;0;0;0;0;0;0;1;0;0;0;0
"10/05/2017";"05:00:00";"21";"com vítima";"156,45";"BR-050/MG";"Sul";"Tombamento";0;0;1;0;0;0;0;0;0;0;0;0;1;0;0
"10/05/2017";"08:15:00";"44";"com vítima";"245,7";"BR-050/GO";"Sul";"Colisão Traseira";1;0;1;0;0;0;0;0;0;0;3;1;0;0;0
"10/05/2017";"09:58:00";"72";"com vítima";"140,6";"BR-050/MG";"Norte";"Capotamento";1;0;0;0;0;0;0;0;0;0;0;0;0;1;0
"12/05/2017";"06:42:00";"24";"com vítima";"171";"BR-050/MG";"Norte";"Colisão Lateral";0;1;0;1;0;0;0;0;0;0;1;0;0;1;0
"12/05/2017";"06:49:00";"28";"com vítima";"21,5";"CT-UDI-MG";"Sul";"Capotamento";1;0;0;0;0;0;0;0;0;0;0;0;1;0;0
"12/05/2017";"17:58:00";"177";"sem vítima";"271,05";"BR-050/GO";"Norte";"Colisão Lateral";1;0;1;0;0;0;0;0;0;0;4;0;0;0;0
"12/05/2017";"20:38:00";"206";"com vítima";"20,95";"BR-050/MG";"Sul";"Colisão Lateral";1;0;1;0;0;0;0;0;0;0;1;0;2;0;0
"12/05/2017";"21:24:00";"213";"sem vítima";"115,6";"BR-050/GO";"Norte";"Tombamento";1;0;0;0;0;0;0;0;0;0;2;0;0;0;0
"12/05/2017";"22:07:00";"219";"com vítima";"218";"BR-050/GO";"Sul";"Saida de Pista";1;0;0;0;0;0;0;0;0;0;4;0;1;0;0
"13/05/2017";"17:21:00";"128";"sem vítima";"27,7";"BR-050/MG";"Sul";"Choque - Veiculo parado na pista";0;0;2;0;0;0;0;0;0;0;3;0;0;0;0
"14/05/2017";"05:02:00";"25";"com vítima";"15";"CT-UDI-MG";"Norte";"Choque - Defensa, barreira ou meio fio";1;0;0;0;0;0;0;0;0;0;0;0;1;0;0
"15/05/2017";"09:41:00";"63";"com vítima";"64,4";"BR-050/MG";"Norte";"Capotamento";0;0;0;0;0;0;0;0;0;1;0;0;2;0;0
"15/05/2017";"12:23:00";"88";"sem vítima";"103";"BR-050/MG";"Sul";"Choque - Objeto sobre a pista";1;0;1;0;0;0;0;0;0;0;2;0;0;0;0
"16/05/2017";"10:45:00";"79";"com vítima";"57";"BR-050/MG";"Norte";"Capotamento";1;0;0;0;0;0;0;0;0;0;0;0;1;0;0
"16/05/2017";"19:47:00";"163";"sem vítima";"172,9";"BR-050/MG";"Norte";"Colisão Traseira";0;0;1;0;0;1;0;0;0;0;4;0;0;0;0
"16/05/2017";"19:57:00";"167";"sem vítima";"172,9";"BR-050/MG";"Norte";"Choque - Objeto sobre a pista";1;0;0;0;0;0;0;0;0;0;2;0;0;0;0
"17/05/2017";"18:57:00";"151";"com vítima";"96";"BR-050/GO";"Norte";"Colisão Lateral";1;0;1;0;0;0;0;0;0;0;1;2;1;0;0
"18/05/2017";"00:56:00";"3";"sem vítima";"282";"BR-050/GO";"Norte";"Atropelamento de Animal";0;0;0;0;1;0;0;0;0;0;1;0;0;0;0
"18/05/2017";"04:34:00";"16";"sem vítima";"180";"BR-050/MG";"Norte";"Choque - Defensa, barreira ou meio fio";0;0;1;0;0;0;0;0;0;0;1;0;0;0;0
"18/05/2017";"18:44:00";"143";"com vítima";"8";"BR-050/MG";"Norte";"Queda de Moto";0;0;0;1;0;0;0;0;0;0;0;0;1;0;0
"18/05/2017";"19:16:00";"153";"sem vítima";"40,4";"BR-050/MG";"Sul";"Choque - Elemento de Drenagem";1;0;0;0;0;0;0;0;0;0;2;0;0;0;0
"19/05/2017";"04:56:00";"15";"sem vítima";"61";"BR-050/MG";"Norte";"Choque - Elemento de Drenagem";1;0;0;0;0;0;0;0;0;0;1;0;0;0;0
"19/05/2017";"07:37:00";"40";"com vítima";"6,5";"CT-UDI-MG";"Norte";"Capotamento";1;0;0;0;0;0;0;0;0;0;0;2;1;0;0
"19/05/2017";"09:11:00";"73";"sem vítima";"148";"BR-050/MG";"Norte";"Saida de Pista";1;0;0;0;0;0;0;0;0;0;1;0;0;0;0
"19/05/2017";"16:46:00";"159";"sem vítima";"136";"BR-050/MG";"Norte";"Capotamento";1;0;0;0;0;0;0;0;0;0;1;0;0;0;0
"20/05/2017";"00:17:00";"3";"sem vítima";"177,98";"BR-050/MG";"Sul";"Choque - Defensa, barreira ou meio fio";1;0;0;0;0;0;0;0;0;0;2;0;0;0;0
"20/05/2017";"06:25:00";"23";"sem vítima";"9";"CT-UDI-MG";"Norte";"Saida de Pista";1;0;0;0;0;0;0;0;0;0;1;0;0;0;0
"20/05/2017";"13:22:00";"84";"sem vítima";"115,8";"BR-050/MG";"Sul";"Colisão Lateral";1;0;1;0;0;0;0;0;0;0;4;0;0;0;0
"20/05/2017";"16:36:00";"123";"com vítima";"144,75";"BR-050/MG";"Norte";"Capotamento";1;0;0;0;0;0;0;0;0;0;0;0;1;0;0
"20/05/2017";"21:36:00";"157";"com vítima";"179,1";"BR-050/MG";"Norte";"Choque - Obstáculo Fixo";1;0;0;0;0;0;0;0;0;0;0;1;1;0;0
"20/05/2017";"22:09:00";"161";"sem vítima";"179,15";"BR-050/MG";"Norte";"Colisão Traseira";2;0;0;0;0;0;0;0;0;0;2;0;0;0;0
"21/05/2017";"05:00:00";"19";"sem vítima";"178,4";"BR-050/MG";"Norte";"Choque - Elemento de Drenagem";1;0;0;0;0;0;0;0;0;0;2;0;0;0;0
"21/05/2017";"07:06:00";"29";"com vítima";"115";"BR-050/GO";"Norte";"Capotamento";1;0;0;0;0;0;0;0;0;0;0;1;1;0;0
"21/05/2017";"13:21:00";"66";"com vítima";"185,12";"BR-050/MG";"Sul";"Choque - Obstáculo Fixo";1;0;0;0;0;0;0;0;0;0;1;3;1;0;0
"21/05/2017";"19:22:00";"116";"com vítima";"191,6";"BR-050/MG";"Sul";"Choque - Defensa, barreira ou meio fio";1;0;0;0;0;0;0;0;0;0;3;0;2;0;0
"22/05/2017";"17:10:00";"125";"sem vítima";"286";"BR-050/GO";"Norte";"Colisão Traseira";1;0;1;0;0;0;0;0;0;0;2;0;0;0;0
"22/05/2017";"18:51:00";"139";"com vítima";"43";"BR-050/MG";"Norte";"Queda de Moto";0;0;0;1;0;0;0;0;0;0;0;1;1;0;0
"23/05/2017";"06:11:00";"25";"com vítima";"173";"BR-050/MG";"Norte";"Queda de Moto";0;0;0;1;0;0;0;0;0;0;0;0;1;0;0
"23/05/2017";"18:21:00";"174";"sem vítima";"3,7";"BR-050/MG";"Norte";"Choque - Elemento de Drenagem";1;0;0;0;0;0;0;0;0;0;1;0;0;0;0
"24/05/2017";"13:37:00";"119";"com vítima";"273,3";"BR-050/GO";"Norte";"Colisão Transversal";0;0;1;0;0;0;0;0;0;1;1;1;0;1;0
"25/05/2017";"04:41:00";"21";"com vítima";"54,31";"BR-050/MG";"Sul";"Colisão Traseira";0;0;1;0;1;0;0;0;0;0;26;0;10;1;0
"25/05/2017";"11:57:00";"97";"com vítima";"176";"BR-050/MG";"Norte";"Queda de Moto";1;0;0;1;0;0;0;0;0;0;1;0;1;0;0
"25/05/2017";"18:44:00";"177";"com vítima";"111,6";"BR-050/GO";"Norte";"Colisão Traseira";1;0;1;0;0;0;0;0;0;0;1;0;1;0;0
"26/05/2017";"04:44:00";"24";"sem vítima";"174,3";"BR-050/MG";"Sul";"Colisão Traseira";1;0;1;0;0;0;0;0;0;0;2;0;0;0;0
"27/05/2017";"03:26:00";"13";"com vítima";"119";"BR-050/GO";"Norte";"Capotamento";1;0;0;0;0;0;0;0;0;0;2;2;0;0;0
"27/05/2017";"04:29:00";"16";"com vítima";"46";"BR-050/MG";"Sul";"Colisão Lateral";1;0;0;0;0;0;0;0;0;1;1;3;0;0;0
"27/05/2017";"13:32:00";"105";"sem vítima";"184,5";"BR-050/GO";"Sul";"Colisão Traseira";0;0;2;0;0;0;0;0;0;0;2;0;0;0;0
"27/05/2017";"15:13:00";"129";"sem vítima";"207,3";"BR-050/MG";"Norte";"Choque - Defensa, barreira ou meio fio";0;0;0;0;0;0;0;0;0;1;3;0;0;0;0
"27/05/2017";"22:05:00";"191";"com vítima";"205,8";"BR-050/MG";"Norte";"Colisão Traseira";0;0;1;0;0;1;0;0;0;0;1;0;1;0;0
"27/05/2017";"23:13:00";"194";"com vítima";"95,9";"BR-050/GO";"Sul";"Colisão Transversal";1;0;0;1;0;0;0;0;0;0;2;2;0;0;0
"28/05/2017";"02:19:00";"8";"com vítima";"64,6";"BR-050/MG";"Norte";"Capotamento";1;0;0;0;0;0;0;0;0;0;0;0;1;0;0
"28/05/2017";"14:44:00";"89";"com vítima";"48,5";"BR-050/MG";"Sul";"Queda de Moto";0;0;0;1;0;0;0;0;0;0;0;2;0;0;0
"28/05/2017";"15:22:00";"98";"sem vítima";"133,4";"BR-050/MG";"Sul";"Colisão Traseira";2;0;0;0;0;0;0;0;0;0;10;0;0;0;0
"28/05/2017";"18:06:00";"132";"com vítima";"310";"BR-050/GO";"Norte";"Capotamento";0;0;0;0;0;0;0;0;0;1;0;0;1;0;0
"31/05/2017";"09:26:00";"75";"com vítima";"65";"BR-050/MG";"Norte";"Colisão Traseira";0;0;3;0;0;0;0;0;0;0;5;0;1;0;0
"31/05/2017";"09:52:00";"78";"sem vítima";"65";"BR-050/MG";"Norte";"Queda de Moto";0;0;0;1;0;0;0;0;0;0;1;0;0;0;0
"01/06/2017";"06:45:00";"18";"com vítima";"258,54";"BR-050/GO";"Sul";"Capotamento";1;0;0;0;0;0;0;0;0;0;0;1;0;0;0
"01/06/2017";"07:01:00";"22";"sem vítima";"180,15";"BR-050/MG";"Norte";"Colisão Traseira";2;0;0;0;0;0;0;0;0;0;3;0;0;0;0
"01/06/2017";"20:57:00";"210";"sem vítima";"123,9";"BR-050/GO";"Norte";"Saida de Pista";0;0;1;0;0;0;0;0;0;0;1;0;0;0;0
"01/06/2017";"22:04:00";"219";"com vítima";"191,1";"BR-050/MG";"Sul";"Colisão Traseira";1;0;1;0;0;0;0;0;0;1;3;0;2;0;0
"01/06/2017";"22:45:00";"226";"com vítima";"128,62";"BR-050/MG";"Sul";"Queda de Moto";0;0;0;1;0;0;0;0;0;0;0;0;2;0;0
"02/06/2017";"11:40:00";"93";"com vítima";"96,14";"BR-050/MG";"Norte";"Colisão Traseira";0;0;2;0;0;0;0;0;0;0;2;0;0;0;1
"02/06/2017";"14:59:00";"119";"com vítima";"166";"BR-050/MG";"Norte";"Colisão Lateral";1;0;1;0;0;0;0;0;0;0;3;0;1;0;0
"03/06/2017";"05:06:00";"22";"sem vítima";"281";"BR-050/GO";"Norte";"Choque - Defensa, barreira ou meio fio";1;0;0;0;0;0;0;0;0;0;2;0;0;0;0
"03/06/2017";"07:07:00";"37";"sem vítima";"5";"BR-050/MG";"Norte";"Saida de Pista";1;0;0;0;0;0;0;0;0;0;2;0;0;0;0
"03/06/2017";"17:23:00";"122";"sem vítima";"250,3";"BR-050/GO";"Sul";"Choque - Suporte de Sinalização";0;0;1;0;0;0;0;0;0;0;2;0;0;0;0
"03/06/2017";"22:16:00";"162";"com vítima";"119,05";"BR-050/MG";"Norte";"Capotamento";1;0;0;0;0;0;0;0;0;0;0;0;2;0;0
"04/06/2017";"05:50:00";"13";"sem vítima";"174,6";"BR-050/MG";"Norte";"Choque - Poste";1;0;0;0;0;0;0;0;0;0;1;0;0;0;0
"04/06/2017";"15:39:00";"95";"sem vítima";"118,5";"BR-050/GO";"Norte";"Choque - Suporte de Sinalização";1;0;0;0;0;0;0;0;0;0;1;0;0;0;0
"04/06/2017";"18:42:00";"124";"com vítima";"105";"BR-050/GO";"Norte";"Capotamento";0;0;0;0;0;0;0;0;0;1;0;3;1;0;0
"04/06/2017";"18:47:00";"126";"sem vítima";"51,38";"BR-050/MG";"Sul";"Colisão Lateral";2;0;0;0;0;0;0;0;0;0;4;0;0;0;0
"04/06/2017";"20:34:00";"138";"com vítima";"145,56";"BR-050/MG";"Sul";"Choque - Suporte de Sinalização";1;0;0;0;0;0;0;0;0;0;4;0;1;0;0
"04/06/2017";"22:02:00";"144";"sem vítima";"34";"BR-050/MG";"Norte";"Choque - Elemento de Drenagem";1;0;0;0;0;0;0;0;0;0;2;0;0;0;0
"04/06/2017";"22:32:00";"146";"com vítima";"79,9";"BR-050/MG";"Norte";"Colisão Traseira";2;0;0;0;0;0;0;0;0;0;0;0;6;0;0
"05/06/2017";"09:08:00";"49";"com vítima";"180";"BR-050/MG";"Sul";"Queda de Moto";0;0;0;1;0;0;0;0;0;0;1;0;1;0;0
"05/06/2017";"15:13:00";"131";"com vítima";"178,5";"BR-050/MG";"Sul";"Queda de Moto";0;0;0;1;0;0;0;0;0;0;1;0;1;0;0
"05/06/2017";"15:27:00";"133";"sem vítima";"52,5";"BR-050/MG";"Sul";"Tombamento";0;0;1;0;0;0;0;0;0;0;1;0;0;0;0
"05/06/2017";"19:03:00";"173";"sem vítima";"239";"BR-050/GO";"Norte";"Capotamento";1;0;0;0;0;0;0;0;0;0;1;0;0;0;0
"05/06/2017";"20:05:00";"178";"com vítima";"2,14";"BR-050/MG";"Norte";"Choque - Defensa, barreira ou meio fio";1;0;0;0;0;0;0;0;0;0;0;0;1;0;0
"07/06/2017";"13:45:00";"107";"com vítima";"132,1";"BR-050/MG";"Sul";"Colisão Lateral";0;0;1;0;0;0;0;0;0;1;0;5;0;0;0
"07/06/2017";"22:07:00";"178";"sem vítima";"283";"BR-050/GO";"Sul";"Colisão Lateral";1;0;1;0;0;0;0;0;0;0;2;0;0;0;0
"08/06/2017";"14:38:00";"131";"com vítima";"146,6";"BR-050/MG";"Norte";"Colisão Traseira";0;0;1;0;0;0;0;0;0;1;1;0;1;0;0
"08/06/2017";"18:26:00";"187";"sem vítima";"27,9";"BR-050/MG";"Sul";"Choque - Defensa, barreira ou meio fio";1;0;0;0;0;0;0;0;0;0;3;0;0;0;0
"09/06/2017";"06:46:00";"33";"com vítima";"79,6";"BR-050/MG";"Norte";"Capotamento";1;0;0;0;0;0;0;0;0;0;0;1;1;0;0
"09/06/2017";"08:52:00";"65";"com vítima";"116,9";"BR-050/GO";"Norte";"Saida de Pista";1;0;0;0;0;0;0;0;0;0;1;1;0;0;0
"09/06/2017";"09:47:00";"79";"com vítima";"17";"CT-UDI-MG";"Norte";"Colisão Transversal";0;0;0;1;0;0;0;0;0;1;1;1;0;0;0
"10/06/2017";"03:40:00";"10";"com vítima";"54,4";"BR-050/MG";"Sul";"Choque - Defensa, barreira ou meio fio";1;0;0;0;0;0;0;0;0;0;0;3;0;0;0
"10/06/2017";"09:03:00";"43";"com vítima";"52";"BR-050/MG";"Sul";"Queda de Moto";1;0;0;1;0;0;0;0;0;0;1;0;1;0;0
"10/06/2017";"16:01:00";"93";"com vítima";"181,7";"BR-050/MG";"Norte";"Colisão Lateral";1;0;1;0;0;0;0;0;0;0;2;1;0;0;0
"10/06/2017";"18:45:00";"122";"com vítima";"169";"BR-050/MG";"Norte";"Colisão Lateral";1;1;0;0;0;0;0;0;0;0;1;0;0;0;1
"11/06/2017";"06:50:00";"30";"com vítima";"46,27";"BR-050/MG";"Sul";"Capotamento";1;0;0;0;0;0;0;0;0;0;0;0;1;0;0
"11/06/2017";"13:49:00";"82";"sem vítima";"54";"BR-050/MG";"Sul";"Colisão Traseira";0;0;1;0;0;0;0;0;0;1;3;0;0;0;0
"11/06/2017";"16:55:00";"107";"com vítima";"114,1";"BR-050/GO";"Sul";"Capotamento";0;0;0;0;0;0;0;0;0;1;0;0;0;1;0
"11/06/2017";"21:18:00";"153";"sem vítima";"179";"BR-050/MG";"Norte";"Saida de Pista";1;0;0;0;0;0;0;0;0;0;5;0;0;0;0
"12/06/2017";"15:29:00";"130";"com vítima";"52,04";"BR-050/MG";"Norte";"Colisão Lateral";1;0;1;0;0;0;0;0;0;0;1;0;1;0;0
"12/06/2017";"17:45:00";"152";"com vítima";"97";"BR-050/GO";"Norte";"Colisão Transversal";1;0;0;1;0;0;0;0;0;0;1;1;0;0;0
"12/06/2017";"17:46:00";"153";"com vítima";"60,95";"BR-050/MG";"Sul";"Choque - Veiculo parado no acostamento";0;0;1;0;0;0;0;0;0;1;1;0;0;0;1