data;horario;n_da_ocorrencia;tipo_de_ocorrencia;km;trecho;sentido;tipo_de_acidente;automovel;bicicleta;caminhao;moto;onibus;outros;tracao_animal;transporte_de_cargas_especiais;trator_maquinas;utilitarios;ilesos;levemente_feridos;moderadamente_feridos;gravemente_feridos;mortos
"09/01/2018";"21:29:00";"228";"sem vítima";"0,28";"BR-050/MG";"Sul";"Colisão Traseira";1;0;0;0;1;0;0;0;0;0;52;0;0;0;0
"10/01/2018";"10:13:00";"82";"com vítima";"149,7";"BR-050/MG";"Sul";"Capotamento";1;0;0;0;0;0;0;0;0;0;0;0;3;0;0
"10/01/2018";"11:07:00";"88";"sem vítima";"272,8";"BR-050/GO";"Norte";"Colisão Lateral";1;0;1;0;0;0;0;0;0;0;4;0;0;0;0
"10/01/2018";"16:08:00";"155";"sem vítima";"178,05";"BR-050/MG";"Sul";"Choque - Defensa, barreira ou meio fio";1;0;0;0;0;0;0;0;0;0;1;0;0;0;0
"10/01/2018";"22:42:00";"220";"sem vítima";"79,4";"BR-050/MG";"Sul";"Queda de Moto";0;0;0;1;0;0;0;0;0;0;1;0;0;0;0
"11/01/2018";"07:11:00";"48";"sem vítima";"3,8";"BR-050/MG";"Norte";"Saida de Pista";1;0;0;0;0;0;0;0;0;0;2;0;0;0;0
"11/01/2018";"10:25:00";"96";"sem vítima";"179";"BR-050/MG";"Norte";"Engavetamento";0;0;3;0;0;0;0;0;0;1;4;0;0;0;0
"11/01/2018";"13:26:00";"119";"com vítima";"202,225";"BR-050/MG";"Sul";"Choque - Defensa, barreira ou meio fio";1;0;0;0;0;0;0;0;0;0;1;1;0;0;0
"11/01/2018";"17:34:00";"165";"sem vítima";"165,5";"BR-050/MG";"Sul";"Saida de Pista";0;0;1;0;0;0;0;0;0;0;1;0;0;0;0
"12/01/2018";"13:20:00";"123";"com vítima";"12,14";"BR-050/MG";"Sul";"Capotamento";1;0;0;0;0;0;0;0;0;0;0;1;0;0;0
"12/01/2018";"16:49:00";"178";"com vítima";"38";"BR-050/MG";"Norte";"Colisão Lateral";1;0;0;1;0;0;0;0;0;0;1;1;0;0;0
"13/01/2018";"08:02:00";"51";"com vítima";"41,25";"BR-050/MG";"Sul";"Choque - Defensa, barreira ou meio fio";1;0;0;0;0;0;0;0;0;0;0;5;0;0;0
"13/01/2018";"13:50:00";"132";"com vítima";"151,54";"BR-050/MG";"Sul";"Saida de Pista";1;0;0;0;0;0;0;0;0;0;0;1;0;0;0
"13/01/2018";"15:09:00";"153";"com vítima";"106,34";"BR-050/MG";"Norte";"Colisão Traseira";1;0;1;0;0;0;0;0;0;0;1;0;1;0;0
"13/01/2018";"15:34:00";"160";"com vítima";"206,17";"BR-050/MG";"Sul";"Choque - Defensa, barreira ou meio fio";1;0;0;0;0;0;0;0;0;0;0;2;0;0;0
"13/01/2018";"20:21:00";"206";"sem vítima";"143,6";"BR-050/GO";"Norte";"Saida de Pista";1;0;0;0;0;0;0;0;0;0;2;0;0;0;0
"14/01/2018";"02:18:00";"14";"com vítima";"49";"BR-050/MG";"Norte";"Choque - Arvore";1;0;0;0;0;0;0;0;0;0;0;1;0;0;0
"14/01/2018";"05:20:00";"20";"sem vítima";"61,5";"BR-050/MG";"Sul";"Saida de Pista";0;0;1;0;0;0;0;0;0;0;2;0;0;0;0
"14/01/2018";"08:13:00";"52";"com vítima";"188,9";"BR-050/GO";"Sul";"Capotamento";0;0;0;0;0;0;0;0;0;1;3;2;0;0;0
"14/01/2018";"08:20:00";"53";"com vítima";"179,2";"BR-050/MG";"Sul";"Queda de Moto";0;0;0;1;0;0;0;0;0;0;0;1;1;0;0
"14/01/2018";"08:29:00";"55";"sem vítima";"57,03";"BR-050/MG";"Sul";"Colisão Traseira";1;0;1;0;0;0;0;0;0;0;3;0;0;0;0
"14/01/2018";"08:57:00";"58";"com vítima";"181,6";"BR-050/GO";"Norte";"Capotamento";0;0;0;0;0;0;0;0;0;1;0;0;0;0;1
"14/01/2018";"19:01:00";"203";"sem vítima";"7,64";"CT-UDI-MG";"Sul";"Saida de Pista";1;0;0;0;0;0;0;0;0;0;4;0;0;0;0
"14/01/2018";"19:29:00";"212";"sem vítima";"104";"BR-050/MG";"Sul";"Choque - Obstáculo Fixo";1;0;0;0;0;0;0;0;0;0;2;0;0;0;0
"14/01/2018";"20:32:00";"223";"sem vítima";"3,8";"CT-UDI-MG";"Norte";"Tombamento";1;0;0;0;0;1;0;0;0;0;4;0;0;0;0
"14/01/2018";"23:46:00";"249";"sem vítima";"25,9";"BR-050/MG";"Norte";"Saida de Pista";1;0;0;0;0;0;0;0;0;0;1;0;0;0;0
"15/01/2018";"12:21:00";"116";"sem vítima";"289,4";"BR-050/GO";"Norte";"Colisão Traseira";2;0;0;0;0;0;0;0;0;0;8;0;0;0;0
"16/01/2018";"13:44:00";"134";"com vítima";"121,98";"BR-050/MG";"Norte";"Saida de Pista";0;0;0;0;0;0;0;0;0;1;2;1;0;0;0
"17/01/2018";"15:26:00";"163";"sem vítima";"301,4";"BR-050/GO";"Norte";"Colisão Transversal";0;0;1;0;0;0;0;0;0;1;4;0;0;0;0
"18/01/2018";"21:24:00";"246";"com vítima";"112,6";"BR-050/GO";"Norte";"Colisão Lateral";0;0;1;2;0;0;0;0;0;0;1;0;2;0;0
"19/01/2018";"07:40:00";"50";"sem vítima";"97,2";"BR-050/GO";"Norte";"Colisão Transversal";1;0;0;0;0;0;0;0;0;1;2;0;0;0;0
"19/01/2018";"07:52:00";"53";"sem vítima";"97,97";"BR-050/GO";"Sul";"Colisão Lateral";1;0;0;0;0;0;0;0;0;1;2;0;0;0;0
"19/01/2018";"10:13:00";"91";"com vítima";"62,45";"BR-050/MG";"Norte";"Queda de Moto";0;0;0;1;0;0;0;0;0;0;0;1;1;0;0
"19/01/2018";"13:26:00";"146";"com vítima";"195,5";"BR-050/GO";"Sul";"Saida de Pista";1;0;0;0;0;0;0;0;0;0;2;0;2;0;0
"19/01/2018";"22:31:00";"247";"com vítima";"169,8";"BR-050/MG";"Sul";"Colisão Traseira";1;0;1;0;0;0;0;0;0;0;2;1;0;0;0
"19/01/2018";"22:55:00";"250";"com vítima";"93";"BR-050/MG";"Sul";"Colisão Traseira";1;0;0;0;0;0;0;0;0;1;5;0;1;0;0
"20/01/2018";"07:33:00";"39";"sem vítima";"36";"BR-050/MG";"Norte";"Choque - Defensa, barreira ou meio fio";1;0;0;0;0;0;0;0;0;0;3;0;0;0;0
"20/01/2018";"14:48:00";"119";"com vítima";"18,4";"BR-050/MG";"Sul";"Colisão Transversal";1;0;0;0;0;0;0;0;0;1;6;8;0;0;0
"20/01/2018";"17:44:00";"152";"com vítima";"21";"CT-UDI-MG";"Norte";"Tombamento";1;0;1;0;0;0;0;0;0;0;0;3;0;0;0
"20/01/2018";"19:54:00";"176";"com vítima";"78,1";"BR-050/MG";"Sul";"Queda de Moto";0;0;0;1;0;0;0;0;0;0;0;2;0;0;0
"20/01/2018";"20:25:00";"178";"com vítima";"180";"BR-050/MG";"Sul";"Colisão Traseira";0;0;0;1;0;1;0;0;0;0;1;2;0;0;0
"20/01/2018";"21:17:00";"181";"com vítima";"20,65";"CT-UDI-MG";"Sul";"Colisão Traseira";2;0;0;0;0;0;0;0;0;0;4;2;0;0;0
"20/01/2018";"21:35:00";"187";"sem vítima";"22";"BR-050/MG";"Norte";"Choque - Defensa, barreira ou meio fio";1;0;0;0;0;0;0;0;0;0;4;0;0;0;0
"21/01/2018";"17:31:00";"133";"com vítima";"141,8";"BR-050/GO";"Norte";"Choque - Arvore";1;0;0;0;0;0;0;0;0;0;1;4;1;0;0
"21/01/2018";"20:12:00";"162";"sem vítima";"112";"BR-050/GO";"Sul";"Capotamento";1;0;0;0;0;0;0;0;0;0;1;0;0;0;0
"23/01/2018";"08:37:00";"61";"com vítima";"158,4";"BR-050/MG";"Sul";"Choque - Defensa, barreira ou meio fio";0;0;0;0;1;0;0;0;0;0;0;1;0;0;0
"23/01/2018";"08:56:00";"64";"com vítima";"158,5";"BR-050/MG";"Norte";"Queda de Moto";0;0;0;1;0;0;0;0;0;0;0;1;0;0;0
"23/01/2018";"12:29:00";"121";"com vítima";"166";"BR-050/MG";"Sul";"Colisão Traseira";0;0;2;0;0;0;0;0;0;0;1;1;0;0;0
"23/01/2018";"16:39:00";"168";"com vítima";"28,3";"BR-050/MG";"Norte";"Tombamento";0;0;1;0;0;0;0;0;0;1;2;1;0;0;0
"24/01/2018";"19:38:00";"179";"sem vítima";"111";"BR-050/GO";"Norte";"Tombamento";0;0;1;0;0;0;0;0;0;0;1;0;0;0;0
"25/01/2018";"05:51:00";"20";"com vítima";"138,83";"BR-050/MG";"Sul";"Capotamento";0;0;1;0;0;0;0;0;0;0;0;1;0;0;0
"25/01/2018";"09:24:00";"60";"com vítima";"79,5";"BR-050/MG";"Sul";"Queda de Moto";0;0;0;1;0;0;0;0;0;0;0;2;0;0;0
"25/01/2018";"15:31:00";"140";"com vítima";"161,5";"BR-050/MG";"Sul";"Saida de Pista";0;0;0;0;0;0;0;0;0;1;0;1;0;0;0
"25/01/2018";"17:48:00";"165";"sem vítima";"49,72";"BR-050/MG";"Norte";"Choque - Suporte de Sinalização";1;0;0;0;0;0;0;0;0;0;2;0;0;0;0
"25/01/2018";"19:02:00";"178";"sem vítima";"59,22";"BR-050/MG";"Norte";"Saida de Pista";1;0;0;0;0;0;0;0;0;0;4;0;0;0;0
"26/01/2018";"06:55:00";"25";"com vítima";"143,6";"BR-050/GO";"Sul";"Capotamento";1;0;0;0;0;0;0;0;0;0;1;2;1;0;0
"26/01/2018";"07:45:00";"33";"sem vítima";"64";"BR-050/MG";"Norte";"Atropelamento de Animal";1;0;0;0;0;0;0;0;0;0;1;0;0;0;0
"26/01/2018";"08:38:00";"50";"sem vítima";"160,82";"BR-050/GO";"Sul";"Saida de Pista";0;0;0;0;0;0;0;0;0;1;3;0;0;0;0
"26/01/2018";"09:42:00";"73";"com vítima";"94,58";"BR-050/MG";"Norte";"Capotamento";1;0;0;0;0;0;0;0;0;0;0;0;2;0;0
"26/01/2018";"13:47:00";"118";"sem vítima";"105,08";"BR-050/MG";"Sul";"Colisão Transversal";1;0;1;0;0;0;0;0;0;0;4;0;0;0;0
"26/01/2018";"16:29:00";"148";"com vítima";"252,1";"BR-050/GO";"Norte";"Capotamento";1;0;0;0;0;0;0;0;0;0;0;0;1;0;0
"26/01/2018";"18:11:00";"162";"sem vítima";"197,3";"BR-050/MG";"Sul";"Saida de Pista";1;0;0;0;0;0;0;0;0;0;4;0;0;0;0
"26/01/2018";"23:56:00";"212";"com vítima";"104,3";"BR-050/GO";"Norte";"Capotamento";0;0;1;0;0;0;0;0;0;0;0;1;1;0;0
"27/01/2018";"07:53:00";"29";"sem vítima";"81,1";"BR-050/MG";"Sul";"Colisão Traseira";2;0;0;0;0;0;0;0;0;0;4;0;0;0;0
"27/01/2018";"08:44:00";"42";"sem vítima";"202,95";"BR-050/MG";"Norte";"Choque - Defensa, barreira ou meio fio";1;0;0;0;0;0;0;0;0;0;1;0;0;0;0
"27/01/2018";"09:00:00";"45";"com vítima";"17";"CT-UDI-MG";"Norte";"Queda de Ciclista";0;1;0;0;0;0;0;0;0;0;0;1;0;0;0
"27/01/2018";"12:05:00";"82";"com vítima";"112,2";"BR-050/GO";"Sul";"Capotamento";0;0;0;0;0;0;0;0;0;1;1;0;1;0;0
"27/01/2018";"12:26:00";"88";"com vítima";"80,794";"BR-050/MG";"Sul";"Colisão Traseira";1;0;0;1;0;0;0;0;0;0;2;1;0;0;0
"27/01/2018";"13:29:00";"98";"com vítima";"61,4";"BR-050/MG";"Norte";"Choque - Obstáculo Fixo";1;0;1;0;0;0;0;0;0;0;1;0;1;0;0
"27/01/2018";"20:11:00";"168";"com vítima";"25,34";"BR-050/MG";"Norte";"Atropelamento de Animal";0;0;0;1;0;0;0;0;0;0;0;1;0;0;0
"28/01/2018";"05:25:00";"23";"sem vítima";"175,6";"BR-050/MG";"Norte";"Choque - Elemento de Drenagem";0;0;0;0;0;0;0;0;0;1;1;0;0;0;0
"28/01/2018";"10:38:00";"55";"com vítima";"123,18";"BR-050/MG";"Norte";"Choque - Elemento de Drenagem";1;0;0;0;0;0;0;0;0;0;0;3;1;0;0
"28/01/2018";"15:37:00";"101";"sem vítima";"105";"BR-050/MG";"Sul";"Colisão Traseira";0;0;0;0;1;0;0;0;0;1;53;0;0;0;0
"28/01/2018";"16:48:00";"115";"sem vítima";"226";"BR-050/GO";"Norte";"Colisão Traseira";1;0;0;0;0;0;0;0;0;1;7;0;0;0;0
"28/01/2018";"18:23:00";"138";"com vítima";"21";"CT-UDI-MG";"Sul";"Queda de Moto";0;0;0;1;0;0;0;0;0;0;0;1;0;0;0
"29/01/2018";"06:38:00";"25";"sem vítima";"192,5";"BR-050/MG";"Norte";"Atropelamento de Animal";1;0;0;0;0;0;0;0;0;0;2;0;0;0;0
"29/01/2018";"07:50:00";"39";"com vítima";"240,6";"BR-050/GO";"Sul";"Tombamento";0;0;1;0;0;0;0;0;0;0;0;1;0;0;0
"29/01/2018";"11:59:00";"92";"sem vítima";"140,52";"BR-050/MG";"Sul";"Choque - Suporte de Sinalização";1;0;0;0;0;0;0;0;0;0;3;0;0;0;0
"29/01/2018";"17:26:00";"161";"com vítima";"178,85";"BR-050/MG";"Sul";"Choque - Barranco";0;0;1;0;0;0;0;0;0;0;0;0;2;0;0
"29/01/2018";"18:04:00";"169";"sem vítima";"155,4";"BR-050/MG";"Norte";"Choque - Elemento de Drenagem";0;0;1;0;0;0;0;0;0;0;1;0;0;0;0
"29/01/2018";"23:39:00";"210";"sem vítima";"45";"BR-050/MG";"Norte";"Choque - Defensa, barreira ou meio fio";1;0;0;0;0;0;0;0;0;0;1;0;0;0;0
"30/01/2018";"02:41:00";"13";"com vítima";"305";"BR-050/GO";"Sul";"Capotamento";1;0;0;0;0;0;0;0;0;0;0;1;0;0;0
"30/01/2018";"07:46:00";"37";"com vítima";"48";"BR-050/MG";"Norte";"Queda de Moto";0;0;0;1;0;0;0;0;0;0;0;2;0;0;0
"30/01/2018";"12:33:00";"114";"com vítima";"278,5";"BR-050/GO";"Sul";"Colisão Transversal";0;0;0;1;0;0;0;0;0;0;0;1;0;0;0
"30/01/2018";"20:36:00";"205";"com vítima";"113,4";"BR-050/MG";"Sul";"Capotamento";1;0;0;0;0;0;0;0;0;0;0;0;1;0;0
"31/01/2018";"08:59:00";"49";"com vítima";"140,58";"BR-050/MG";"Sul";"Capotamento";1;0;0;0;0;0;0;0;0;0;0;1;0;0;0
"31/01/2018";"13:12:00";"95";"com vítima";"203,78";"BR-050/MG";"Sul";"Capotamento";0;0;0;0;0;0;0;0;0;1;0;0;2;0;0
"31/01/2018";"13:17:00";"100";"sem vítima";"204,54";"BR-050/MG";"Sul";"Choque - Elemento de Drenagem";0;0;0;0;0;0;0;0;0;1;1;0;0;0;0
"31/01/2018";"15:35:00";"120";"com vítima";"278,6";"BR-050/GO";"Sul";"Colisão Transversal";1;0;1;0;0;0;0;0;0;0;1;1;0;0;0
"31/01/2018";"17:29:00";"132";"sem vítima";"180";"BR-050/MG";"Sul";"Colisão Traseira";1;0;0;0;0;0;0;0;0;1;7;0;0;0;0
"31/01/2018";"18:26:00";"144";"sem vítima";"185,4";"BR-050/GO";"Norte";"Choque - Suporte de Sinalização";1;0;0;0;0;0;0;0;0;0;5;0;0;0;0
"31/01/2018";"19:55:00";"154";"sem vítima";"186,3";"BR-050/MG";"Norte";"Tombamento";1;0;0;0;0;0;0;0;0;0;1;0;0;0;0
"31/01/2018";"23:31:00";"180";"com vítima";"149,5";"BR-050/GO";"Norte";"Choque - Arvore";1;0;0;0;0;0;0;0;0;0;0;2;0;0;0
"01/02/2018";"00:30:00";"4";"sem vítima";"125";"BR-050/MG";"Norte";"Choque - Arvore";0;0;1;0;0;0;0;0;0;0;1;0;0;0;0
"01/02/2018";"07:01:00";"26";"sem vítima";"145,52";"BR-050/MG";"Sul";"Choque - Arvore";0;0;0;0;0;0;0;0;0;1;2;0;0;0;0
"01/02/2018";"12:29:00";"98";"sem vítima";"192,54";"BR-050/GO";"Norte";"Atropelamento de Animal";0;0;0;0;0;0;0;0;0;1;1;0;0;0;0
"01/02/2018";"12:29:00";"99";"sem vítima";"192,58";"BR-050/GO";"Sul";"Atropelamento de Animal";1;0;0;0;0;0;0;0;0;0;2;0;0;0;0
"01/02/2018";"14:29:00";"118";"sem vítima";"134";"BR-050/MG";"Sul";"Saida de Pista";0;0;0;0;0;0;0;0;0;1;1;0;0;0;0
"01/02/2018";"17:30:00";"160";"sem vítima";"81";"BR-050/MG";"Norte";"Tombamento";0;0;1;0;0;0;0;0;0;0;2;0;0;0;0
"01/02/2018";"17:43:00";"166";"com vítima";"89,3";"BR-050/MG";"Norte";"Queda de Moto";0;0;0;1;0;0;0;0;0;0;0;1;0;0;0
"02/02/2018";"15:43:00";"107";"sem vítima";"5,2";"BR-050/MG";"Norte";"Choque - Defensa, barreira ou meio fio";0;0;0;0;0;0;0;0;0;1;1;0;0;0;0
"02/02/2018";"16:19:00";"115";"sem vítima";"129,34";"BR-050/MG";"Norte";"Saida de Pista";1;0;0;0;0;0;0;0;0;0;3;0;0;0;0
"02/02/2018";"17:58:00";"137";"com vítima";"271,2";"BR-050/GO";"Norte";"Colisão Traseira";0;0;0;1;0;0;0;0;0;1;1;0;1;0;0
"03/02/2018";"16:34:00";"153";"com vítima";"125,24";"BR-050/MG";"Sul";"Capotamento";1;0;0;0;0;0;0;0;0;0;0;0;2;0;0
"03/02/2018";"20:26:00";"192";"com vítima";"199,35";"BR-050/MG";"Norte";"Colisão Traseira";1;0;0;0;0;0;0;0;0;1;0;0;2;0;0
"04/02/2018";"01:38:00";"9";"sem vítima";"178,5";"BR-050/MG";"Norte";"Saida de Pista";1;0;0;0;0;0;0;0;0;0;1;0;0;0;0
"04/02/2018";"01:55:00";"10";"com vítima";"12,1";"CT-UDI-MG";"Sul";"Capotamento";1;0;0;0;0;0;0;0;0;0;0;0;2;0;0
"04/02/2018";"06:53:00";"31";"sem vítima";"30,36";"BR-050/MG";"Norte";"Saida de Pista";0;0;0;0;0;0;0;0;0;1;2;0;0;0;0
"04/02/2018";"14:31:00";"85";"com vítima";"49,7";"BR-050/MG";"Sul";"Capotamento";1;0;0;0;0;0;0;0;0;0;0;0;2;0;0
"04/02/2018";"15:11:00";"94";"com vítima";"10";"CT-UDI-MG";"Sul";"Capotamento";1;0;0;0;0;0;0;0;0;0;0;2;0;0;0
"04/02/2018";"15:18:00";"95";"com vítima";"175,95";"BR-050/MG";"Norte";"Atropelamento de Animal";0;0;0;1;0;0;0;0;0;0;0;2;0;0;0
"04/02/2018";"15:56:00";"103";"com vítima";"62,4";"BR-050/MG";"Norte";"Capotamento";1;0;0;0;0;0;0;0;0;0;0;3;1;0;0
"04/02/2018";"21:17:00";"158";"com vítima";"192,45";"BR-050/MG";"Norte";"Choque - Defensa, barreira ou meio fio";1;0;0;0;0;0;0;0;0;0;0;1;0;0;0
"04/02/2018";"22:41:00";"168";"sem vítima";"183";"BR-050/MG";"Norte";"Choque - Defensa, barreira ou meio fio";1;0;0;0;0;0;0;0;0;0;2;0;0;0;0
"05/02/2018";"04:15:00";"13";"sem vítima";"61,5";"BR-050/MG";"Sul";"Choque - Suporte de Sinalização";0;0;1;0;0;0;0;0;0;0;1;0;0;0;0
"05/02/2018";"10:00:00";"66";"com vítima";"59,1";"BR-050/MG";"Norte";"Capotamento";1;0;0;0;0;0;0;0;0;0;0;1;0;0;0
"05/02/2018";"10:10:00";"69";"sem vítima";"139,18";"BR-050/GO";"Sul";"Carreta deu L";0;0;1;0;0;0;0;0;0;0;1;0;0;0;0
"05/02/2018";"14:19:00";"97";"com vítima";"2";"CT-UDI-MG";"Norte";"Choque - Elemento de Drenagem";1;0;0;0;0;0;0;0;0;0;0;2;0;0;0
"05/02/2018";"14:52:00";"101";"sem vítima";"157,2";"BR-050/GO";"Norte";"Saida de Pista";1;0;0;0;0;0;0;0;0;0;1;0;0;0;0
"05/02/2018";"15:54:00";"114";"com vítima";"147,22";"BR-050/MG";"Norte";"Choque - Elemento de Drenagem";1;0;0;0;0;0;0;0;0;0;0;2;0;0;0
"05/02/2018";"18:18:00";"142";"com vítima";"151,1";"BR-050/MG";"Norte";"Capotamento";1;0;0;0;0;0;0;0;0;0;1;5;0;0;0
"05/02/2018";"20:35:00";"167";"com vítima";"21";"CT-UDI-MG";"Norte";"Colisão Traseira";0;0;0;1;0;0;0;0;0;1;1;1;0;0;0
"06/02/2018";"06:13:00";"21";"com vítima";"85,7";"BR-050/MG";"Norte";"Colisão Traseira";0;0;2;0;0;0;0;0;0;0;0;1;1;0;0
"06/02/2018";"10:53:00";"88";"sem vítima";"9,85";"BR-050/MG";"Sul";"Choque - Elemento de Drenagem";1;0;0;0;0;0;0;0;0;0;1;0;0;0;0
"06/02/2018";"12:21:00";"105";"sem vítima";"253,8";"BR-050/GO";"Norte";"Saida de Pista";0;0;0;0;0;0;0;0;0;1;2;0;0;0;0
"06/02/2018";"12:56:00";"110";"com vítima";"62,4";"BR-050/MG";"Norte";"Capotamento";1;0;0;0;0;0;0;0;0;0;0;1;0;0;0
"06/02/2018";"12:58:00";"111";"sem vítima";"106,035";"BR-050/GO";"Norte";"Tombamento";0;0;1;0;0;0;0;0;0;0;1;0;0;0;0
"06/02/2018";"14:20:00";"123";"sem vítima";"18,6";"BR-050/MG";"Sul";"Choque - Elemento de Drenagem";1;0;0;0;0;0;0;0;0;0;2;0;0;0;0
"06/02/2018";"19:09:00";"171";"sem vítima";"278,8";"BR-050/GO";"Norte";"Colisão Traseira";0;0;1;0;0;0;0;0;0;1;4;0;0;0;0
"07/02/2018";"15:08:00";"151";"sem vítima";"303,7";"BR-050/GO";"Norte";"Colisão Traseira";0;0;2;0;0;0;0;0;0;0;2;0;0;0;0
"07/02/2018";"15:51:00";"161";"sem vítima";"158,75";"BR-050/MG";"Sul";"Saida de Pista";0;0;0;0;0;0;0;0;0;1;1;0;0;0;0
"07/02/2018";"18:42:00";"192";"sem vítima";"6,7";"CT-UDI-MG";"Sul";"Choque - Defensa, barreira ou meio fio";0;0;0;0;0;0;0;0;0;1;7;0;0;0;0
"07/02/2018";"19:34:00";"203";"com vítima";"25,46";"BR-050/MG";"Sul";"Capotamento";1;0;0;0;0;0;0;0;0;0;0;1;1;0;0
"07/02/2018";"20:30:00";"210";"sem vítima";"33,97";"BR-050/MG";"Norte";"Tombamento";0;0;1;0;0;0;0;0;0;0;1;0;0;0;0
"08/02/2018";"14:45:00";"153";"sem vítima";"177,2";"BR-050/MG";"Norte";"Choque - Defensa, barreira ou meio fio";1;0;0;0;0;1;0;0;0;0;2;0;0;0;0
"08/02/2018";"22:15:00";"232";"com vítima";"12,1";"CT-UDI-MG";"Sul";"Choque - Defensa, barreira ou meio fio";0;0;0;1;0;0;0;0;0;0;0;1;0;0;0
"09/02/2018";"09:54:00";"74";"com vítima";"106";"BR-050/GO";"Norte";"Capotamento";1;0;0;0;0;0;0;0;0;0;1;0;2;0;0
"09/02/2018";"14:27:00";"141";"com vítima";"160,4";"BR-050/MG";"Sul";"Colisão Traseira";2;0;0;0;0;0;0;0;0;0;6;1;0;0;0
"09/02/2018";"15:15:00";"149";"com vítima";"156,1";"BR-050/MG";"Sul";"Capotamento";0;0;0;0;0;0;0;0;0;1;0;0;1;0;0
"09/02/2018";"18:52:00";"200";"sem vítima";"204";"BR-050/MG";"Sul";"Saida de Pista";1;0;0;0;0;0;0;0;0;0;2;0;0;0;0
"09/02/2018";"19:11:00";"206";"com vítima";"204";"BR-050/MG";"Sul";"Colisão Traseira";1;0;1;0;0;0;0;0;0;0;1;0;2;1;0
"09/02/2018";"20:14:00";"227";"com vítima";"106";"BR-050/GO";"Norte";"Capotamento";1;0;0;0;0;0;0;0;0;0;1;2;1;1;0
"09/02/2018";"21:44:00";"252";"sem vítima";"280";"BR-050/GO";"Sul";"Colisão Lateral";1;0;0;0;0;0;0;0;0;1;3;0;0;0;0
"10/02/2018";"08:01:00";"50";"sem vítima";"15,2";"BR-050/MG";"Norte";"Choque - Elemento de Drenagem";1;0;0;0;0;0;0;0;0;0;3;0;0;0;0
"10/02/2018";"13:31:00";"120";"sem vítima";"19,3";"BR-050/MG";"Norte";"Saida de Pista";1;0;0;0;0;0;0;0;0;0;2;0;0;0;0
"10/02/2018";"13:31:00";"119";"com vítima";"18,2";"BR-050/MG";"Sul";"Capotamento";0;0;0;0;0;0;0;0;0;1;0;2;3;0;0
"10/02/2018";"14:46:00";"132";"sem vítima";"26,88";"BR-050/MG";"Norte";"Capotamento";0;0;0;0;0;0;0;0;0;1;1;0;0;0;0
"10/02/2018";"16:06:00";"147";"sem vítima";"20,8";"CT-UDI-MG";"Sul";"Choque - Defensa, barreira ou meio fio";1;0;0;0;0;0;0;0;0;0;1;0;0;0;0
"11/02/2018";"05:51:00";"32";"com vítima";"113";"BR-050/GO";"Norte";"Queda de Moto";0;0;0;1;0;0;0;0;0;0;0;0;2;0;0
"11/02/2018";"09:17:00";"48";"com vítima";"149,7";"BR-050/MG";"Norte";"Capotamento";1;0;0;0;0;0;0;0;0;0;0;1;0;0;0
"11/02/2018";"09:37:00";"52";"com vítima";"32";"BR-050/MG";"Sul";"Carreta deu L";0;0;1;0;0;0;0;0;0;0;0;1;0;0;0
"11/02/2018";"10:57:00";"65";"sem vítima";"36";"BR-050/MG";"Norte";"Colisão Traseira";2;0;0;0;0;0;0;0;0;0;2;0;0;0;0
"11/02/2018";"12:01:00";"79";"sem vítima";"57,83";"BR-050/MG";"Sul";"Choque - Elemento de Drenagem";0;0;0;0;0;0;0;0;0;1;3;0;0;0;0
"11/02/2018";"12:54:00";"86";"sem vítima";"179,8";"BR-050/GO";"Sul";"Tombamento";1;0;0;0;0;0;0;0;0;0;4;0;0;0;0
"12/02/2018";"03:59:00";"17";"com vítima";"77,8";"BR-050/MG";"Sul";"Colisão Traseira";1;0;1;0;0;0;0;0;0;0;1;2;0;0;0
"12/02/2018";"11:14:00";"81";"com vítima";"118,05";"BR-050/MG";"Norte";"Colisão Traseira";2;0;0;0;0;0;0;0;0;0;6;1;0;0;0
"12/02/2018";"18:36:00";"149";"com vítima";"171,7";"BR-050/MG";"Sul";"Capotamento";2;0;0;0;0;0;0;0;0;0;0;2;1;0;0
"13/02/2018";"07:53:00";"27";"sem vítima";"178,95";"BR-050/MG";"Sul";"Choque - Defensa, barreira ou meio fio";1;0;0;0;0;0;0;0;0;0;1;0;0;0;0
"13/02/2018";"11:31:00";"67";"sem vítima";"310";"BR-050/GO";"Norte";"Colisão Transversal";1;0;1;0;0;0;0;0;0;0;2;0;0;0;0
"13/02/2018";"17:46:00";"130";"com vítima";"87,8";"BR-050/MG";"Sul";"Choque - Defensa, barreira ou meio fio";1;0;0;0;0;0;0;0;0;0;0;0;2;0;0
"14/02/2018";"04:33:00";"20";"sem vítima";"113,25";"BR-050/MG";"Norte";"Choque - Suporte de Sinalização";1;0;0;0;0;0;0;0;0;0;5;0;0;0;0
"14/02/2018";"06:26:00";"27";"sem vítima";"184,2";"BR-050/MG";"Norte";"Atropelamento de Animal";1;0;0;0;0;0;0;0;0;0;1;0;0;0;0
"14/02/2018";"12:32:00";"112";"sem vítima";"177,3";"BR-050/MG";"Sul";"Colisão Lateral";1;0;1;0;0;0;0;0;0;0;2;0;0;0;0