data;horario;n_da_ocorrencia;tipo_de_ocorrencia;km;trecho;sentido;tipo_de_acidente;automovel;bicicleta;caminhao;moto;onibus;outros;tracao_animal;transporte_de_cargas_especiais;trator_maquinas;utilitarios;ilesos;levemente_feridos;moderadamente_feridos;gravemente_feridos;mortos
"26/04/2018";"23:19:00";"191";"com vítima";"36,92";"BR-050/MG";"Sul";"Queda de Ciclista";0;1;0;0;0;0;0;0;0;0;0;1;0;0;0
"27/04/2018";"22:47:00";"224";"com vítima";"85,6";"BR-050/MG";"Norte";"Capotamento";0;0;0;0;0;0;0;0;0;1;0;4;0;1;0
"28/04/2018";"07:09:00";"38";"com vítima";"205,8";"BR-050/MG";"Sul";"Colisão Lateral";1;0;0;0;1;0;0;0;0;0;27;4;4;0;0
"28/04/2018";"15:09:00";"141";"sem vítima";"183,2";"BR-050/MG";"Sul";"Choque - Elemento de Drenagem";1;0;0;0;0;0;0;0;0;0;3;0;0;0;0
"28/04/2018";"17:07:00";"157";"sem vítima";"202,18";"BR-050/GO";"Sul";"Atropelamento de Animal";1;0;0;0;0;0;0;0;0;0;2;0;0;0;0
"28/04/2018";"17:40:00";"165";"com vítima";"35,5";"BR-050/MG";"Sul";"Colisão Lateral";0;0;0;1;0;0;0;0;0;1;2;0;1;0;0
"29/04/2018";"12:13:00";"75";"com vítima";"135,7";"BR-050/MG";"Sul";"Capotamento";0;0;0;0;0;0;0;0;0;1;0;2;0;0;0
"29/04/2018";"15:42:00";"107";"sem vítima";"16";"CT-UDI-MG";"Sul";"Choque - Defensa, barreira ou meio fio";1;0;0;0;0;0;0;0;0;0;5;0;0;0;0
"29/04/2018";"16:17:00";"113";"com vítima";"86,16";"BR-050/MG";"Norte";"Tombamento";1;0;0;0;0;0;0;0;0;0;0;0;2;0;0
"29/04/2018";"16:56:00";"120";"sem vítima";"280,6";"BR-050/GO";"Sul";"Colisão Transversal";0;1;0;1;0;0;0;0;0;0;2;0;0;0;0
"29/04/2018";"18:26:00";"137";"sem vítima";"269";"BR-050/GO";"Sul";"Colisão Lateral";1;0;0;0;0;0;0;0;0;1;3;0;0;0;0
"30/04/2018";"06:32:00";"27";"com vítima";"135,9";"BR-050/MG";"Norte";"Tombamento";1;0;0;0;0;0;0;0;0;0;0;0;1;0;0
"30/04/2018";"08:31:00";"45";"com vítima";"96,1";"BR-050/GO";"Sul";"Colisão Lateral";1;0;0;1;0;0;0;0;0;0;3;1;0;0;0
"30/04/2018";"15:48:00";"114";"com vítima";"250";"BR-050/GO";"Sul";"Capotamento";0;0;0;0;0;0;0;0;0;1;0;2;2;0;0
"30/04/2018";"18:58:00";"139";"com vítima";"152";"BR-050/MG";"Sul";"Colisão Traseira";0;0;2;0;0;0;0;0;0;0;1;0;1;0;0
"01/05/2018";"00:42:00";"4";"sem vítima";"110";"BR-050/MG";"Sul";"Atropelamento de Animal";1;0;0;0;0;0;0;0;0;0;2;0;0;0;0
"01/05/2018";"00:52:00";"5";"com vítima";"171";"BR-050/MG";"Sul";"Queda de Moto";0;0;0;1;0;0;0;0;0;0;0;1;0;0;0
"01/05/2018";"01:44:00";"8";"com vítima";"164,4";"BR-050/MG";"Norte";"Queda de Moto";0;0;0;1;0;0;0;0;0;0;0;0;0;1;0
"01/05/2018";"08:20:00";"33";"sem vítima";"174,3";"BR-050/MG";"Sul";"Choque - Defensa, barreira ou meio fio";1;0;0;0;0;0;0;0;0;0;1;0;0;0;0
"01/05/2018";"08:23:00";"34";"sem vítima";"186";"BR-050/MG";"Sul";"Colisão Traseira";0;0;2;0;0;0;0;0;0;0;2;0;0;0;0
"01/05/2018";"11:58:00";"61";"sem vítima";"162,1";"BR-050/MG";"Norte";"Colisão Traseira";2;0;0;0;0;0;0;0;0;0;7;0;0;0;0
"01/05/2018";"14:37:00";"85";"com vítima";"178,6";"BR-050/MG";"Norte";"Queda de Moto";0;0;0;1;0;0;0;0;0;0;1;1;0;0;0
"01/05/2018";"15:34:00";"96";"sem vítima";"27,75";"BR-050/MG";"Sul";"Choque - Suporte de Sinalização";1;0;0;0;0;0;0;0;0;0;1;0;0;0;0
"01/05/2018";"19:45:00";"143";"com vítima";"112,9";"BR-050/GO";"Norte";"Queda de Moto";0;0;0;1;0;0;0;0;0;0;0;2;0;0;0
"02/05/2018";"07:34:00";"41";"sem vítima";"125";"BR-050/MG";"Sul";"Atropelamento de Animal";1;0;0;0;0;0;0;0;0;0;2;0;0;0;0
"02/05/2018";"18:46:00";"211";"com vítima";"38,5";"BR-050/MG";"Norte";"Capotamento";2;0;0;0;0;0;0;0;0;0;1;1;0;0;0
"03/05/2018";"12:38:00";"119";"sem vítima";"136,8";"BR-050/MG";"Norte";"Colisão Traseira";2;0;0;0;0;0;0;0;0;0;5;0;0;0;0
"03/05/2018";"13:05:00";"122";"com vítima";"0";"CT-UDI-MG";"Sul";"Tombamento";0;0;1;0;0;0;0;0;0;0;0;0;1;0;0
"03/05/2018";"13:30:00";"124";"sem vítima";"98,5";"BR-050/MG";"Norte";"Choque - Elemento de Drenagem";1;0;0;0;0;0;0;0;0;0;3;0;0;0;0
"03/05/2018";"14:01:00";"127";"com vítima";"94";"BR-050/MG";"Sul";"Capotamento";1;0;0;0;0;0;0;0;0;0;0;3;1;0;0
"03/05/2018";"15:16:00";"142";"com vítima";"178,7";"BR-050/MG";"Norte";"Tombamento";0;0;1;0;0;0;0;0;0;0;0;0;1;0;0
"04/05/2018";"10:07:00";"72";"sem vítima";"108,12";"BR-050/MG";"Sul";"Choque - Suporte de Sinalização";0;0;0;0;0;0;0;0;0;1;1;0;0;0;0
"04/05/2018";"14:09:00";"108";"sem vítima";"194,15";"BR-050/GO";"Sul";"Colisão Traseira";0;0;2;0;0;0;0;0;0;0;2;0;0;0;0
"04/05/2018";"21:37:00";"186";"sem vítima";"79";"BR-050/MG";"Sul";"Saida de Pista";1;0;0;0;0;0;0;0;0;0;3;0;0;0;0
"05/05/2018";"11:55:00";"100";"com vítima";"198,2";"BR-050/MG";"Norte";"Engavetamento";1;0;1;1;0;0;0;0;0;0;4;0;1;0;0
"05/05/2018";"14:24:00";"114";"sem vítima";"197,4";"BR-050/GO";"Norte";"Colisão Traseira";1;0;1;0;0;0;0;0;0;0;4;0;0;0;0
"05/05/2018";"20:53:00";"173";"com vítima";"123,9";"BR-050/MG";"Norte";"Colisão Traseira";2;0;0;0;0;0;0;0;0;0;1;3;0;0;0
"05/05/2018";"21:18:00";"176";"sem vítima";"123,45";"BR-050/MG";"Norte";"Colisão Lateral";1;0;0;0;0;0;0;0;0;0;2;0;0;0;0
"06/05/2018";"07:15:00";"18";"com vítima";"41";"BR-050/MG";"Norte";"Saida de Pista";0;0;0;0;0;0;0;0;0;1;1;1;0;0;0
"06/05/2018";"17:39:00";"104";"com vítima";"190,56";"BR-050/MG";"Sul";"Capotamento";1;0;0;0;0;0;0;0;0;0;0;1;0;0;0
"07/05/2018";"07:59:00";"49";"sem vítima";"145,12";"BR-050/MG";"Sul";"Saida de Pista";1;0;0;0;0;0;0;0;0;0;3;0;0;0;0
"07/05/2018";"10:23:00";"90";"sem vítima";"98,95";"BR-050/GO";"Sul";"Colisão Lateral";0;0;2;0;0;0;0;0;0;0;2;0;0;0;0
"07/05/2018";"15:18:00";"145";"sem vítima";"176,96";"BR-050/MG";"Sul";"Engavetamento";1;0;2;0;0;0;0;0;0;0;4;0;0;0;0
"07/05/2018";"15:50:00";"149";"com vítima";"171,7";"BR-050/MG";"Sul";"Queda de Moto";0;0;0;1;0;0;0;0;0;0;0;1;0;0;0
"07/05/2018";"16:20:00";"152";"sem vítima";"45,03";"BR-050/MG";"Norte";"Colisão Traseira";0;0;2;0;0;0;0;0;0;0;2;0;0;0;0
"07/05/2018";"17:28:00";"163";"sem vítima";"260,7";"BR-050/GO";"Norte";"Saida de Pista";1;0;0;0;0;0;0;0;0;0;1;0;0;0;0
"08/05/2018";"14:38:00";"109";"sem vítima";"209,4";"BR-050/GO";"Sul";"Colisão Lateral";1;0;1;0;0;0;0;0;0;0;2;0;0;0;0
"08/05/2018";"17:01:00";"131";"com vítima";"313,6";"BR-050/GO";"Sul";"Tombamento";0;0;1;0;0;0;0;0;0;0;0;1;0;0;0
"09/05/2018";"05:31:00";"21";"com vítima";"106,1";"BR-050/GO";"Norte";"Capotamento";1;0;0;0;0;0;0;0;0;0;0;5;0;0;0
"09/05/2018";"06:28:00";"29";"sem vítima";"64,4";"BR-050/MG";"Sul";"Choque - Defensa, barreira ou meio fio";1;0;0;0;0;0;0;0;0;0;1;0;0;0;0
"09/05/2018";"07:39:00";"42";"com vítima";"58,1";"BR-050/MG";"Sul";"Colisão Traseira";1;0;0;1;0;0;0;0;0;0;1;1;0;0;0
"09/05/2018";"22:38:00";"207";"sem vítima";"27,218";"BR-050/MG";"Sul";"Choque - Defensa, barreira ou meio fio";1;0;0;0;0;0;0;0;0;0;1;0;0;0;0
"10/05/2018";"02:33:00";"9";"com vítima";"60,32";"BR-050/MG";"Norte";"Capotamento";0;0;0;0;0;0;0;0;0;1;0;1;0;0;0
"10/05/2018";"18:53:00";"200";"com vítima";"303";"BR-050/GO";"Norte";"Colisão Traseira";1;0;1;0;0;0;0;0;0;0;4;1;0;0;0
"11/05/2018";"07:57:00";"45";"sem vítima";"178,8";"BR-050/MG";"Sul";"Atropelamento de Animal";0;0;0;0;0;0;0;0;0;1;1;0;0;0;0
"11/05/2018";"09:32:00";"83";"com vítima";"95,9";"BR-050/GO";"Norte";"Colisão Transversal";1;0;0;0;0;0;0;0;0;2;2;0;1;0;0
"11/05/2018";"19:02:00";"205";"com vítima";"93";"BR-050/MG";"Norte";"Colisão Traseira";0;0;1;0;0;0;0;0;0;1;1;0;1;0;0
"11/05/2018";"22:01:00";"233";"com vítima";"80,1";"BR-050/MG";"Sul";"Queda de Moto";0;0;0;1;0;0;0;0;0;0;0;0;2;0;0
"12/05/2018";"10:44:00";"70";"sem vítima";"157,4";"BR-050/GO";"Norte";"Choque - Elemento de Drenagem";0;0;0;0;0;0;0;0;0;1;1;0;0;0;0
"12/05/2018";"11:02:00";"71";"com vítima";"176,99";"BR-050/MG";"Norte";"Capotamento";1;0;0;0;0;0;0;0;0;0;0;0;1;0;0
"13/05/2018";"02:02:00";"10";"sem vítima";"56,5";"BR-050/MG";"Norte";"Colisão Traseira";2;0;0;0;0;0;0;0;0;0;6;0;0;0;0
"13/05/2018";"05:41:00";"23";"com vítima";"246,28";"BR-050/GO";"Sul";"Colisão Frontal";0;0;0;0;1;0;0;0;0;1;41;10;2;0;1
"13/05/2018";"14:15:00";"80";"sem vítima";"203,45";"BR-050/MG";"Sul";"Choque - Defensa, barreira ou meio fio";1;0;0;0;0;0;0;0;0;0;2;0;0;0;0
"14/05/2018";"01:46:00";"7";"com vítima";"95,7";"BR-050/GO";"Norte";"Choque - Defensa, barreira ou meio fio";1;0;0;0;0;0;0;0;0;0;0;1;0;0;0
"15/05/2018";"00:05:00";"1";"sem vítima";"133,3";"BR-050/GO";"Sul";"Choque - Obstáculo Fixo";0;0;1;0;0;0;0;0;0;0;1;0;0;0;0
"15/05/2018";"10:42:00";"114";"com vítima";"233,5";"BR-050/GO";"Sul";"Tombamento";0;0;1;0;0;0;0;0;0;0;0;1;0;0;0
"16/05/2018";"04:01:00";"13";"sem vítima";"53,9";"BR-050/MG";"Sul";"Choque - Defensa, barreira ou meio fio";0;0;0;0;0;0;0;0;0;1;1;0;0;0;0
"16/05/2018";"08:19:00";"46";"com vítima";"268,945";"BR-050/GO";"Norte";"Colisão Traseira";1;0;0;1;0;1;0;0;0;0;2;0;1;0;0
"16/05/2018";"19:21:00";"175";"sem vítima";"46,4";"BR-050/MG";"Norte";"Choque - Defensa, barreira ou meio fio";0;0;0;0;0;0;0;0;0;1;2;0;0;0;0
"17/05/2018";"05:19:00";"19";"sem vítima";"296,5";"BR-050/GO";"Sul";"Choque - Elemento de Drenagem";1;0;0;0;0;0;0;0;0;0;4;0;0;0;0
"17/05/2018";"15:16:00";"156";"com vítima";"183,6";"BR-050/MG";"Sul";"Choque - Defensa, barreira ou meio fio";0;0;1;0;0;0;0;0;0;0;0;1;1;0;0
"17/05/2018";"16:30:00";"171";"sem vítima";"231,25";"BR-050/GO";"Norte";"Colisão Traseira";2;0;0;0;0;0;0;0;0;0;6;0;0;0;0
"17/05/2018";"19:12:00";"199";"com vítima";"17,8";"CT-UDI-MG";"Sul";"Colisão Traseira";1;0;1;0;0;0;0;0;0;0;1;0;1;0;0
"18/05/2018";"00:12:00";"2";"com vítima";"81";"BR-050/MG";"Norte";"Choque - Defensa, barreira ou meio fio";1;0;0;0;0;0;0;0;0;0;0;3;0;0;0
"18/05/2018";"03:40:00";"14";"com vítima";"60,5";"BR-050/MG";"Norte";"Capotamento";1;0;0;0;0;0;0;0;0;0;0;0;3;1;0
"18/05/2018";"05:23:00";"22";"sem vítima";"15";"CT-UDI-MG";"Sul";"Choque - Defensa, barreira ou meio fio";1;0;0;0;0;0;0;0;0;0;3;0;0;0;0
"18/05/2018";"06:40:00";"26";"sem vítima";"125,9";"BR-050/GO";"Norte";"Queda de Moto";0;0;0;1;0;0;0;0;0;0;1;0;0;0;0
"18/05/2018";"09:41:00";"85";"sem vítima";"29,9";"BR-050/MG";"Norte";"Carreta deu L";0;0;1;0;0;0;0;0;0;0;1;0;0;0;0
"18/05/2018";"15:27:00";"157";"com vítima";"45";"BR-050/MG";"Norte";"Colisão Traseira";0;0;2;0;0;0;0;0;0;0;2;1;0;0;0
"18/05/2018";"18:15:00";"185";"sem vítima";"240";"BR-050/GO";"Sul";"Tombamento";0;0;1;0;0;0;0;0;0;0;1;0;0;0;0
"18/05/2018";"18:25:00";"189";"sem vítima";"86";"BR-050/MG";"Norte";"Saida de Pista";0;0;1;0;0;0;0;0;0;0;1;0;0;0;0
"18/05/2018";"21:11:00";"223";"com vítima";"174,7";"BR-050/MG";"Norte";"Colisão Traseira";2;0;0;0;0;0;0;0;0;0;3;1;0;0;0
"19/05/2018";"08:13:00";"49";"sem vítima";"28,5";"BR-050/MG";"Sul";"Colisão Traseira";2;0;0;0;0;0;0;0;0;0;4;0;0;0;0
"19/05/2018";"08:19:00";"51";"sem vítima";"193";"BR-050/MG";"Sul";"Colisão Traseira";2;0;0;0;0;0;0;0;0;0;3;0;0;0;0
"19/05/2018";"13:34:00";"102";"sem vítima";"52";"BR-050/MG";"Sul";"Choque - Elemento de Drenagem";1;0;0;0;0;0;0;0;0;0;2;0;0;0;0
"19/05/2018";"17:07:00";"141";"sem vítima";"53,2";"BR-050/MG";"Sul";"Choque - Talude";1;0;0;0;0;0;0;0;0;0;2;0;0;0;0
"20/05/2018";"18:33:00";"117";"sem vítima";"280,5";"BR-050/GO";"Sul";"Colisão Transversal";2;0;0;0;0;0;0;0;0;0;6;0;0;0;0
"20/05/2018";"18:48:00";"123";"com vítima";"172,4";"BR-050/MG";"Sul";"Atropelamento de Animal";0;0;0;1;0;0;0;0;0;0;0;0;1;0;0
"20/05/2018";"20:26:00";"144";"com vítima";"77,8";"BR-050/MG";"Sul";"Colisão Traseira";2;0;0;0;0;0;0;0;0;0;2;1;0;0;0
"20/05/2018";"22:02:00";"157";"com vítima";"96,7";"BR-050/GO";"Norte";"Colisão Traseira";1;0;0;0;0;0;0;0;0;1;5;1;0;0;0
"21/05/2018";"07:34:00";"35";"com vítima";"60,3";"BR-050/MG";"Norte";"Colisão Lateral";1;0;0;0;0;0;0;0;0;1;0;2;0;0;0
"21/05/2018";"17:01:00";"150";"com vítima";"205,34";"BR-050/MG";"Sul";"Colisão Transversal";2;0;0;0;0;0;0;0;0;0;0;2;0;0;0
"22/05/2018";"10:07:00";"70";"com vítima";"16,6";"BR-050/MG";"Sul";"Capotamento";0;0;0;0;0;0;0;0;0;1;0;1;0;0;0
"22/05/2018";"13:44:00";"122";"sem vítima";"99";"BR-050/MG";"Sul";"Choque - Defensa, barreira ou meio fio";1;0;0;0;0;0;0;0;0;0;1;0;0;0;0
"22/05/2018";"15:03:00";"134";"sem vítima";"102,8";"BR-050/GO";"Norte";"Choque - Elemento de Drenagem";0;0;0;0;0;0;0;0;0;1;2;0;0;0;0
"22/05/2018";"18:37:00";"155";"sem vítima";"54";"BR-050/MG";"Sul";"Colisão Lateral";1;0;0;0;0;1;0;0;0;0;5;0;0;0;0
"22/05/2018";"19:54:00";"167";"com vítima";"6,03";"CT-UDI-MG";"Norte";"Capotamento";1;0;0;0;0;0;0;0;0;0;0;0;1;0;0
"23/05/2018";"09:50:00";"76";"com vítima";"279,5";"BR-050/GO";"Sul";"Colisão Transversal";1;1;0;0;0;0;0;0;0;0;3;1;0;0;0
"23/05/2018";"19:20:00";"158";"sem vítima";"118,4";"BR-050/MG";"Norte";"Saida de Pista";1;0;0;0;0;0;0;0;0;0;1;0;0;0;0
"23/05/2018";"19:34:00";"160";"sem vítima";"176,5";"BR-050/MG";"Sul";"Colisão Traseira";2;0;0;0;0;0;0;0;0;0;4;0;0;0;0
"26/05/2018";"08:32:00";"49";"sem vítima";"176,7";"BR-050/MG";"Sul";"Choque - Defensa, barreira ou meio fio";0;0;0;0;0;0;0;0;0;1;4;0;0;0;0
"26/05/2018";"18:48:00";"113";"com vítima";"180";"BR-050/MG";"Sul";"Capotamento";1;0;0;0;0;0;0;0;0;0;0;0;1;0;0
"27/05/2018";"20:01:00";"71";"com vítima";"280,4";"BR-050/GO";"Sul";"Atropelamento - Morador";0;0;0;0;0;1;0;0;0;0;1;1;0;0;0
"30/05/2018";"13:54:00";"77";"sem vítima";"281";"BR-050/GO";"Norte";"Colisão Transversal";2;0;0;0;0;0;0;0;0;0;4;0;0;0;0
"31/05/2018";"19:22:00";"123";"com vítima";"173,6";"BR-050/MG";"Norte";"Colisão Traseira";1;0;0;0;0;0;0;0;0;1;2;1;1;1;0
"01/06/2018";"18:58:00";"124";"com vítima";"58,9";"BR-050/MG";"Norte";"Capotamento";1;0;0;0;0;0;0;0;0;0;0;1;0;0;0
"02/06/2018";"06:54:00";"23";"com vítima";"165,065";"BR-050/GO";"Norte";"Capotamento";0;0;1;0;0;0;0;0;0;0;0;1;0;0;0
"02/06/2018";"14:08:00";"99";"com vítima";"279,2";"BR-050/GO";"Sul";"Colisão Traseira";0;0;0;1;0;0;0;0;0;1;2;1;0;0;0
"03/06/2018";"16:46:00";"120";"sem vítima";"87,84";"BR-050/MG";"Sul";"Colisão Traseira";1;0;1;0;0;0;0;0;0;0;5;0;0;0;0
"04/06/2018";"07:01:00";"30";"sem vítima";"206,6";"BR-050/GO";"Sul";"Colisão Traseira";0;0;1;0;0;0;0;0;0;1;2;0;0;0;0
"04/06/2018";"10:04:00";"82";"com vítima";"18";"CT-UDI-MG";"Sul";"Queda de Moto";0;0;0;1;0;0;0;0;0;0;0;1;0;0;0
"05/06/2018";"03:40:00";"26";"sem vítima";"169,1";"BR-050/MG";"Sul";"Atropelamento de Animal";0;0;1;0;0;0;0;0;0;0;1;0;0;0;0
"05/06/2018";"04:45:00";"31";"sem vítima";"178,36";"BR-050/MG";"Norte";"Choque - Objeto sobre a pista";0;0;0;1;0;0;0;0;0;0;1;0;0;0;0
"06/06/2018";"03:18:00";"15";"com vítima";"198,3";"BR-050/MG";"Norte";"Tombamento";0;0;1;0;0;0;0;0;0;0;0;1;0;0;0
"06/06/2018";"08:33:00";"50";"com vítima";"63,27";"BR-050/MG";"Sul";"Capotamento";1;0;0;0;0;0;0;0;0;0;0;1;0;0;0
"06/06/2018";"13:04:00";"121";"sem vítima";"282,3";"BR-050/GO";"Sul";"Atropelamento de Animal";0;0;1;0;0;0;0;0;0;0;1;0;0;0;0
"07/06/2018";"08:13:00";"48";"com vítima";"280,5";"BR-050/GO";"Norte";"Colisão Transversal";1;0;0;1;0;0;0;0;0;0;1;2;0;0;0
"08/06/2018";"00:51:00";"5";"sem vítima";"16,3";"CT-UDI-MG";"Sul";"Atropelamento de Animal";0;0;0;0;0;1;0;0;0;1;4;0;0;0;0
"08/06/2018";"07:02:00";"35";"com vítima";"278";"BR-050/GO";"Sul";"Colisão Transversal";1;0;0;1;0;0;0;0;0;0;1;1;0;0;0
"08/06/2018";"10:03:00";"77";"sem vítima";"86";"BR-050/MG";"Norte";"Saida de Pista";1;0;0;0;0;0;0;0;0;0;3;0;0;0;0
"08/06/2018";"15:25:00";"151";"com vítima";"130,1";"BR-050/MG";"Sul";"Capotamento";0;0;0;0;0;0;0;0;0;1;0;1;0;0;0
"08/06/2018";"17:41:00";"180";"sem vítima";"193";"BR-050/MG";"Norte";"Colisão Traseira";1;0;1;0;0;0;0;0;0;0;3;0;0;0;0
"09/06/2018";"04:09:00";"23";"sem vítima";"166,6";"BR-050/GO";"Norte";"Tombamento";0;0;1;0;0;0;0;0;0;0;1;0;0;0;0
"09/06/2018";"04:13:00";"25";"sem vítima";"166,6";"BR-050/GO";"Norte";"Saida de Pista";0;0;1;0;0;0;0;0;0;0;1;0;0;0;0
"09/06/2018";"04:35:00";"26";"sem vítima";"180,1";"BR-050/MG";"Sul";"Choque - Defensa, barreira ou meio fio";1;0;0;0;0;0;0;0;0;0;1;0;0;0;0
"09/06/2018";"05:15:00";"27";"com vítima";"271,3";"BR-050/GO";"Norte";"Colisão Frontal";1;0;1;0;0;0;0;0;0;0;1;0;0;0;1
"09/06/2018";"08:12:00";"48";"sem vítima";"190,9";"BR-050/MG";"Norte";"Colisão Traseira";1;0;1;0;0;0;0;0;0;0;3;0;0;0;0
"09/06/2018";"12:06:00";"86";"sem vítima";"179,05";"BR-050/MG";"Sul";"Carreta deu L";0;0;1;0;0;0;0;0;0;0;1;0;0;0;0
"09/06/2018";"19:39:00";"159";"sem vítima";"206,6";"BR-050/MG";"Norte";"Colisão Traseira";1;0;0;0;0;0;0;0;0;1;3;0;0;0;0
"09/06/2018";"21:16:00";"174";"com vítima";"97,4";"BR-050/GO";"Norte";"Colisão Transversal";2;0;0;0;0;0;0;0;0;0;0;4;0;0;0
"10/06/2018";"06:07:00";"21";"sem vítima";"38,6";"BR-050/MG";"Sul";"Choque - Defensa, barreira ou meio fio";1;0;0;0;0;0;0;0;0;0;1;0;0;0;0
"10/06/2018";"08:11:00";"30";"com vítima";"179,95";"BR-050/MG";"Sul";"Queda de Moto";0;0;0;1;0;0;0;0;0;0;1;1;0;0;0
"10/06/2018";"10:06:00";"46";"sem vítima";"206,2";"BR-050/GO";"Norte";"Colisão Traseira";2;0;0;0;0;0;0;0;0;0;5;0;0;0;0
"10/06/2018";"15:12:00";"85";"sem vítima";"146,7";"BR-050/MG";"Sul";"Saida de Pista";1;0;1;0;0;0;0;0;0;0;5;0;0;0;0
"10/06/2018";"20:40:00";"144";"sem vítima";"191,5";"BR-050/GO";"Norte";"Capotamento";1;0;0;0;0;0;0;0;0;0;5;0;0;0;0
"10/06/2018";"20:43:00";"145";"com vítima";"115,7";"BR-050/MG";"Sul";"Colisão Transversal";0;0;1;0;0;0;0;0;0;1;1;0;0;0;2
"11/06/2018";"13:26:00";"125";"com vítima";"21";"CT-UDI-MG";"Norte";"Queda de Moto";0;0;0;1;0;0;0;0;0;0;0;1;1;0;0
"11/06/2018";"18:15:00";"182";"com vítima";"279";"BR-050/GO";"Sul";"Colisão Transversal";0;0;0;2;0;0;0;0;0;0;0;2;0;0;0
"11/06/2018";"18:21:00";"183";"com vítima";"39";"BR-050/MG";"Norte";"Colisão Transversal";1;0;0;1;0;0;0;0;0;0;1;0;1;0;0
"12/06/2018";"19:36:00";"217";"com vítima";"172,68";"BR-050/MG";"Norte";"Atropelamento - Morador";0;0;0;0;0;1;0;0;0;0;1;0;0;0;1
"12/06/2018";"21:03:00";"225";"sem vítima";"116,1";"BR-050/MG";"Norte";"Saida de Pista";0;0;1;0;0;0;0;0;0;0;1;0;0;0;0
"12/06/2018";"23:06:00";"237";"sem vítima";"98,8";"BR-050/GO";"Sul";"Saida de Pista";1;0;0;0;0;0;0;0;0;0;1;0;0;0;0
"13/06/2018";"06:21:00";"32";"sem vítima";"14,6";"CT-UDI-MG";"Norte";"Choque - Defensa, barreira ou meio fio";0;0;1;0;0;0;0;0;0;0;1;0;0;0;0
"13/06/2018";"08:38:00";"63";"com vítima";"199,98";"BR-050/GO";"Sul";"Colisão Lateral";1;1;0;0;0;0;0;0;0;0;2;1;0;0;0
"13/06/2018";"16:27:00";"158";"com vítima";"174,6";"BR-050/MG";"Sul";"Queda de Moto";0;0;0;1;0;0;0;0;0;0;0;2;0;0;0
"13/06/2018";"18:44:00";"185";"com vítima";"176";"BR-050/MG";"Norte";"Colisão Traseira";2;0;0;0;0;0;0;0;0;0;1;1;0;0;0
"13/06/2018";"21:13:00";"209";"sem vítima";"173,5";"BR-050/MG";"Sul";"Colisão Lateral";0;0;2;0;0;0;0;0;0;0;2;0;0;0;0
"14/06/2018";"14:46:00";"132";"com vítima";"39,5";"BR-050/MG";"Norte";"Colisão Lateral";0;1;0;1;0;0;0;0;0;0;1;1;0;0;0
"14/06/2018";"20:32:00";"191";"sem vítima";"78,05";"BR-050/MG";"Norte";"Choque - Defensa, barreira ou meio fio";1;0;0;0;0;0;0;0;0;0;2;0;0;0;0
"14/06/2018";"20:59:00";"194";"sem vítima";"163,4";"BR-050/MG";"Sul";"Atropelamento de Animal";1;0;0;0;0;0;0;0;0;0;1;0;0;0;0
"14/06/2018";"21:34:00";"197";"com vítima";"154,8";"BR-050/MG";"Sul";"Capotamento";1;0;0;0;0;0;0;0;0;0;0;0;0;1;0
"14/06/2018";"22:58:00";"207";"sem vítima";"292";"BR-050/GO";"Norte";"Colisão Traseira";0;0;2;0;0;0;0;0;0;0;2;0;0;0;0
"15/06/2018";"07:22:00";"33";"sem vítima";"172,61";"BR-050/MG";"Sul";"Colisão Lateral";1;0;1;0;0;0;0;0;0;0;5;0;0;0;0
"15/06/2018";"19:45:00";"192";"sem vítima";"115,9";"BR-050/MG";"Sul";"Saida de Pista";0;0;1;0;0;1;0;0;0;0;2;0;0;0;0
"15/06/2018";"21:49:00";"206";"com vítima";"15,02";"CT-UDI-MG";"Norte";"Queda de Moto";0;0;0;1;0;0;0;0;0;0;0;1;0;0;0
"16/06/2018";"00:53:00";"7";"sem vítima";"169,8";"BR-050/MG";"Sul";"Atropelamento de Animal";0;0;0;0;1;0;0;0;0;0;15;0;0;0;0
"16/06/2018";"06:11:00";"20";"com vítima";"109,8";"BR-050/MG";"Norte";"Choque - Arvore";0;0;1;0;0;0;0;0;0;0;0;0;1;0;0
"17/06/2018";"06:22:00";"22";"com vítima";"38,6";"BR-050/MG";"Sul";"Choque - Defensa, barreira ou meio fio";0;0;0;1;0;0;0;0;0;0;0;1;0;0;0
"17/06/2018";"19:46:00";"123";"com vítima";"106,1";"BR-050/GO";"Norte";"Choque - Defensa, barreira ou meio fio";1;0;0;0;0;0;0;0;0;0;0;0;2;0;0
"18/06/2018";"19:08:00";"184";"com vítima";"100,7";"BR-050/GO";"Norte";"Atropelamento - Morador";0;0;0;0;0;1;0;0;0;0;1;1;0;0;0
"18/06/2018";"23:39:00";"214";"sem vítima";"195,1";"BR-050/GO";"Sul";"Colisão Traseira";0;0;1;0;1;0;0;0;0;0;7;0;0;0;0
"21/06/2018";"16:22:00";"159";"com vítima";"39,42";"BR-050/MG";"Sul";"Choque - Poste";1;0;0;0;0;0;0;0;0;0;0;0;1;0;0
"21/06/2018";"17:47:00";"169";"sem vítima";"27,9";"BR-050/MG";"Sul";"Choque - Suporte de Sinalização";1;0;0;0;0;0;0;0;0;0;1;0;0;0;0