data;horario;n_da_ocorrencia;tipo_de_ocorrencia;km;trecho;sentido;tipo_de_acidente;automovel;bicicleta;caminhao;moto;onibus;outros;tracao_animal;transporte_de_cargas_especiais;trator_maquinas;utilitarios;ilesos;levemente_feridos;moderadamente_feridos;gravemente_feridos;mortos
"01/12/2018";"21:44:00";"166";"sem vítima";"280";"BR-050/GO";"Sul";"Colisão Lateral";2;0;0;0;0;0;0;0;0;0;6;0;0;0;0
"02/12/2018";"00:15:00";"4";"sem vítima";"283";"BR-050/GO";"Sul";"Saida de Pista";1;0;0;0;0;0;0;0;0;0;3;0;0;0;0
"02/12/2018";"00:49:00";"12";"com vítima";"279,5";"BR-050/GO";"Norte";"Colisão Lateral";0;0;0;1;0;1;0;0;0;0;1;2;0;0;0
"02/12/2018";"11:52:00";"65";"sem vítima";"139,8";"BR-050/MG";"Norte";"Saida de Pista";1;0;0;0;0;0;0;0;0;0;1;0;0;0;0
"02/12/2018";"13:52:00";"83";"sem vítima";"158,4";"BR-050/MG";"Sul";"Choque - Elemento de Drenagem";1;0;0;0;0;0;0;0;0;0;1;0;0;0;0
"02/12/2018";"13:52:00";"82";"com vítima";"135,6";"BR-050/MG";"Sul";"Colisão Lateral";2;0;0;0;0;0;0;0;0;0;2;3;1;0;0
"02/12/2018";"16:58:00";"104";"com vítima";"59,04";"BR-050/MG";"Sul";"Capotamento";0;0;0;0;0;0;0;0;0;1;0;2;0;0;0
"02/12/2018";"18:33:00";"116";"sem vítima";"65";"BR-050/MG";"Norte";"Choque - Suporte de Sinalização";1;0;0;0;0;0;0;0;0;0;2;0;0;0;0
"02/12/2018";"23:19:00";"157";"com vítima";"106,25";"BR-050/GO";"Norte";"Tombamento";0;0;1;0;0;0;0;0;0;0;0;1;0;0;0
"03/12/2018";"13:55:00";"112";"sem vítima";"279,05";"BR-050/GO";"Sul";"Colisão Lateral";1;0;1;0;0;0;0;0;0;0;2;0;0;0;0
"03/12/2018";"15:29:00";"121";"sem vítima";"141";"BR-050/MG";"Sul";"Colisão Traseira";0;0;0;0;0;1;0;0;0;1;2;0;0;0;0
"03/12/2018";"23:23:00";"190";"sem vítima";"77,6";"BR-050/MG";"Norte";"Saida de Pista";0;0;0;0;0;0;0;0;0;1;2;0;0;0;0
"04/12/2018";"12:53:00";"126";"com vítima";"133,1";"BR-050/GO";"Sul";"Choque - Obstáculo Fixo";0;0;1;0;0;0;0;0;0;0;0;1;0;0;0
"04/12/2018";"19:53:00";"188";"sem vítima";"157,2";"BR-050/MG";"Sul";"Colisão Lateral";1;0;1;0;0;0;0;0;0;0;2;0;0;0;0
"04/12/2018";"22:01:00";"210";"sem vítima";"233,4";"BR-050/GO";"Norte";"Choque - Elemento de Drenagem";1;0;0;0;0;1;0;0;0;0;2;0;0;0;0
"05/12/2018";"08:43:00";"80";"com vítima";"57,56";"BR-050/MG";"Norte";"Queda de Moto";0;0;0;1;0;0;0;0;0;0;0;1;0;0;0
"05/12/2018";"14:38:00";"167";"sem vítima";"108,5";"BR-050/GO";"Norte";"Saida de Pista";1;0;0;0;0;0;0;0;0;0;3;0;0;0;0
"05/12/2018";"15:32:00";"169";"sem vítima";"196,6";"BR-050/GO";"Sul";"Capotamento";0;0;0;0;0;0;0;0;0;1;4;0;0;0;0
"05/12/2018";"19:06:00";"217";"com vítima";"20";"CT-UDI-MG";"Sul";"Colisão Lateral";0;0;0;1;0;1;0;0;0;1;3;0;1;0;0
"06/12/2018";"04:36:00";"24";"sem vítima";"84,1";"BR-050/MG";"Sul";"Colisão Lateral";0;0;2;0;0;0;0;0;0;0;2;0;0;0;0
"06/12/2018";"10:30:00";"82";"com vítima";"270,94";"BR-050/GO";"Norte";"Tombamento";0;0;1;0;0;0;0;0;0;0;0;1;0;0;0
"06/12/2018";"17:36:00";"172";"com vítima";"144";"BR-050/MG";"Norte";"Choque - Elemento de Drenagem";1;0;0;0;0;0;0;0;0;0;1;1;0;0;0
"06/12/2018";"19:13:00";"192";"sem vítima";"21";"CT-UDI-MG";"Sul";"Colisão Traseira";2;0;0;0;0;0;0;0;0;0;5;0;0;0;0
"07/12/2018";"15:00:00";"161";"sem vítima";"281,3";"BR-050/GO";"Norte";"Colisão Traseira";1;0;0;0;0;0;0;0;0;1;4;0;0;0;0
"07/12/2018";"16:22:00";"175";"com vítima";"150,2";"BR-050/MG";"Sul";"Capotamento";1;0;0;0;0;0;0;0;0;0;0;1;0;0;0
"07/12/2018";"19:36:00";"220";"sem vítima";"58";"BR-050/MG";"Norte";"Choque - Elemento de Drenagem";1;0;0;0;0;0;0;0;0;0;4;0;0;0;0
"08/12/2018";"00:34:00";"10";"sem vítima";"182,75";"BR-050/MG";"Norte";"Capotamento";0;0;0;0;0;0;0;0;0;1;1;0;0;0;0
"08/12/2018";"16:12:00";"152";"sem vítima";"0";"CT-UDI-MG";"Norte";"Tombamento";1;0;0;0;0;0;0;0;0;0;3;0;0;0;0
"08/12/2018";"22:43:00";"216";"sem vítima";"118,3";"BR-050/MG";"Norte";"Choque - Elemento de Drenagem";1;0;0;0;0;0;0;0;0;0;3;0;0;0;0
"08/12/2018";"23:29:00";"219";"sem vítima";"167,7";"BR-050/GO";"Norte";"Tombamento";0;0;1;0;0;0;0;0;0;0;1;0;0;0;0
"09/12/2018";"17:12:00";"121";"sem vítima";"157,27";"BR-050/MG";"Norte";"Tombamento";0;0;1;0;0;0;0;0;0;0;2;0;0;0;0
"10/12/2018";"04:18:00";"18";"com vítima";"156,2";"BR-050/MG";"Sul";"Colisão Traseira";0;0;0;0;2;0;0;0;0;0;88;6;0;0;0
"10/12/2018";"09:40:00";"65";"sem vítima";"113,1";"BR-050/MG";"Sul";"Choque - Suporte de Sinalização";1;0;0;0;0;0;0;0;0;0;3;0;0;0;0
"10/12/2018";"10:23:00";"79";"sem vítima";"51";"BR-050/MG";"Sul";"Colisão Traseira";2;0;0;0;0;0;0;0;0;0;5;0;0;0;0
"10/12/2018";"21:44:00";"197";"sem vítima";"175,3";"BR-050/MG";"Sul";"Colisão Traseira";0;0;1;0;0;0;0;0;0;1;2;0;0;0;0
"11/12/2018";"09:55:00";"78";"com vítima";"163";"BR-050/MG";"Norte";"Choque - Suporte de Sinalização";1;0;0;0;0;0;0;0;0;0;0;2;0;0;0
"11/12/2018";"12:15:00";"101";"sem vítima";"51";"BR-050/MG";"Sul";"Choque - Obstáculo Fixo";0;0;0;0;0;0;0;0;0;1;2;0;0;0;0
"12/12/2018";"01:12:00";"13";"sem vítima";"97,47";"BR-050/GO";"Norte";"Colisão Traseira";2;0;0;0;0;0;0;0;0;0;4;0;0;0;0
"12/12/2018";"06:18:00";"34";"com vítima";"287";"BR-050/GO";"Sul";"Queda de Ciclista";0;1;0;0;0;0;0;0;0;0;0;0;0;1;0
"12/12/2018";"12:01:00";"114";"sem vítima";"95,98";"BR-050/MG";"Sul";"Colisão Traseira";1;0;1;0;0;0;0;0;0;0;3;0;0;0;0
"12/12/2018";"15:09:00";"145";"sem vítima";"186";"BR-050/MG";"Norte";"Choque - Defensa, barreira ou meio fio";1;0;0;0;0;0;0;0;0;0;2;0;0;0;0
"12/12/2018";"22:47:00";"228";"sem vítima";"185,5";"BR-050/GO";"Norte";"Choque - Suporte de Sinalização";0;0;1;0;0;0;0;0;0;0;1;0;0;0;0
"13/12/2018";"18:11:00";"186";"sem vítima";"138,3";"BR-050/MG";"Sul";"Carreta deu L";0;0;1;0;0;0;0;0;0;0;1;0;0;0;0
"13/12/2018";"18:15:00";"187";"sem vítima";"179";"BR-050/MG";"Sul";"Colisão Traseira";1;0;0;0;1;0;0;0;0;0;6;0;0;0;0
"13/12/2018";"21:45:00";"220";"sem vítima";"10,3";"BR-050/MG";"Norte";"Choque - Defensa, barreira ou meio fio";0;0;0;0;0;0;0;0;0;1;3;0;0;0;0
"13/12/2018";"22:01:00";"223";"com vítima";"196,7";"BR-050/MG";"Norte";"Colisão Lateral";0;0;2;0;0;0;0;0;0;0;0;2;0;0;0
"14/12/2018";"00:02:00";"6";"com vítima";"103,5";"BR-050/GO";"Norte";"Capotamento";0;0;0;0;0;0;0;0;0;1;0;1;1;1;0
"14/12/2018";"01:33:00";"21";"sem vítima";"173";"BR-050/MG";"Sul";"Colisão Lateral";0;0;2;0;0;0;0;0;0;0;4;0;0;0;0
"14/12/2018";"02:43:00";"31";"sem vítima";"122";"BR-050/MG";"Norte";"Choque - Arvore";0;0;0;0;0;0;0;0;0;1;1;0;0;0;0
"14/12/2018";"02:52:00";"32";"sem vítima";"22";"BR-050/MG";"Sul";"Queda de Moto";0;0;0;1;0;0;0;0;0;0;1;0;0;0;0
"14/12/2018";"14:25:00";"142";"com vítima";"197,25";"BR-050/MG";"Sul";"Capotamento";0;0;0;0;0;0;0;0;0;1;0;1;0;0;0
"14/12/2018";"15:38:00";"154";"com vítima";"247,9";"BR-050/GO";"Sul";"Colisão Frontal";1;0;0;0;0;0;0;0;0;1;4;3;0;0;0
"14/12/2018";"20:38:00";"208";"com vítima";"178,9";"BR-050/MG";"Sul";"Queda de Moto";0;0;0;1;0;0;0;0;0;0;0;0;1;0;0
"14/12/2018";"22:24:00";"215";"sem vítima";"174,9";"BR-050/MG";"Sul";"Atropelamento de Animal";1;0;0;0;0;0;0;0;0;0;2;0;0;0;0
"14/12/2018";"23:43:00";"225";"sem vítima";"81,9";"BR-050/MG";"Sul";"Choque - Defensa, barreira ou meio fio";1;0;0;0;0;0;0;0;0;0;1;0;0;0;0
"15/12/2018";"15:07:00";"147";"com vítima";"174,3";"BR-050/MG";"Sul";"Choque - Elemento de Drenagem";1;0;0;0;0;0;0;0;0;0;1;1;0;0;0
"15/12/2018";"15:59:00";"161";"sem vítima";"198,08";"BR-050/MG";"Norte";"Choque - Obstáculo Fixo";0;0;0;0;0;0;0;0;0;1;4;0;0;0;0
"15/12/2018";"17:40:00";"180";"com vítima";"177";"BR-050/MG";"Sul";"Choque - Defensa, barreira ou meio fio";1;0;0;0;0;0;0;0;0;0;0;1;0;0;0
"15/12/2018";"21:43:00";"215";"com vítima";"170,84";"BR-050/MG";"Norte";"Colisão Traseira";1;0;1;0;0;0;0;0;0;0;1;0;1;0;0
"16/12/2018";"08:07:00";"42";"com vítima";"180";"BR-050/MG";"Sul";"Choque - Defensa, barreira ou meio fio";1;0;0;0;0;0;0;0;0;0;0;2;1;1;0
"16/12/2018";"20:34:00";"171";"sem vítima";"106";"BR-050/GO";"Norte";"Choque - Defensa, barreira ou meio fio";1;0;0;0;0;0;0;0;0;0;5;0;0;0;0
"16/12/2018";"20:36:00";"173";"com vítima";"16,5";"CT-UDI-MG";"Sul";"Colisão Traseira";1;0;0;1;0;0;0;0;0;0;1;0;1;0;0
"16/12/2018";"21:08:00";"178";"sem vítima";"153";"BR-050/MG";"Sul";"Saida de Pista";0;0;1;0;0;0;0;0;0;0;1;0;0;0;0
"17/12/2018";"05:48:00";"40";"sem vítima";"102,225";"BR-050/GO";"Norte";"Saida de Pista";0;0;0;0;0;0;0;0;0;1;1;0;0;0;0
"17/12/2018";"17:27:00";"203";"com vítima";"100,51";"BR-050/MG";"Sul";"Choque - Talude";1;0;0;0;0;0;0;0;0;0;0;1;1;0;0
"18/12/2018";"15:51:00";"152";"com vítima";"82,3";"BR-050/MG";"Norte";"Colisão Traseira";1;0;1;0;0;0;0;0;0;0;1;2;0;0;0
"18/12/2018";"17:26:00";"168";"sem vítima";"178";"BR-050/MG";"Norte";"Saida de Pista";1;0;0;0;0;0;0;0;0;0;2;0;0;0;0
"18/12/2018";"23:38:00";"229";"com vítima";"96,95";"BR-050/GO";"Sul";"Queda de Moto";0;0;0;1;1;0;0;0;0;0;1;0;0;1;0
"19/12/2018";"06:00:00";"34";"com vítima";"165,1";"BR-050/GO";"Norte";"Capotamento";0;0;1;0;0;0;0;0;0;0;0;0;1;0;0
"19/12/2018";"07:16:00";"42";"sem vítima";"273,5";"BR-050/GO";"Sul";"Colisão Transversal";0;0;1;0;0;0;0;0;0;1;2;0;0;0;0
"19/12/2018";"22:47:00";"238";"sem vítima";"39,8";"BR-050/MG";"Norte";"Colisão Traseira";2;0;0;0;0;0;0;0;0;0;5;0;0;0;0
"20/12/2018";"02:09:00";"30";"sem vítima";"106,5";"BR-050/GO";"Sul";"Atropelamento de Animal";1;0;0;0;0;0;0;0;0;0;1;0;0;0;0
"20/12/2018";"06:32:00";"42";"com vítima";"131,6";"BR-050/MG";"Norte";"Colisão Traseira";0;0;2;0;0;0;0;0;0;0;3;1;0;0;0
"20/12/2018";"07:34:00";"54";"com vítima";"102,7";"BR-050/MG";"Sul";"Tombamento";1;0;0;0;0;0;0;0;0;0;0;2;0;0;0
"20/12/2018";"08:16:00";"61";"sem vítima";"170,34";"BR-050/MG";"Norte";"Saida de Pista";1;0;0;0;0;0;0;0;0;0;1;0;0;0;0
"20/12/2018";"08:55:00";"67";"sem vítima";"177,7";"BR-050/MG";"Sul";"Choque - Suporte de Sinalização";0;0;0;0;0;0;0;0;0;1;1;0;0;0;0
"20/12/2018";"11:00:00";"97";"sem vítima";"105";"BR-050/MG";"Norte";"Colisão Traseira";2;0;0;0;0;0;0;0;0;0;7;0;0;0;0
"20/12/2018";"12:19:00";"116";"sem vítima";"57,356";"BR-050/MG";"Norte";"Colisão Traseira";0;0;2;0;0;0;0;0;0;0;2;0;0;0;0
"20/12/2018";"16:27:00";"168";"com vítima";"171,9";"BR-050/MG";"Norte";"Colisão Traseira";1;0;0;1;0;0;0;0;0;0;0;2;0;0;0
"20/12/2018";"16:59:00";"173";"com vítima";"150,4";"BR-050/GO";"Sul";"Capotamento";0;0;0;0;0;0;0;0;0;1;0;0;1;0;0
"20/12/2018";"17:19:00";"180";"sem vítima";"171,9";"BR-050/MG";"Norte";"Colisão Traseira";2;0;0;0;0;0;0;0;0;0;3;0;0;0;0
"20/12/2018";"17:24:00";"181";"com vítima";"280";"BR-050/GO";"Norte";"Colisão Lateral";1;0;0;1;0;0;0;0;0;0;5;1;0;0;0
"20/12/2018";"17:28:00";"182";"com vítima";"171,9";"BR-050/MG";"Norte";"Colisão Traseira";1;0;0;1;0;0;0;0;0;0;1;1;0;0;0
"20/12/2018";"18:55:00";"199";"sem vítima";"179,9";"BR-050/MG";"Sul";"Colisão Traseira";1;0;1;0;0;0;0;0;0;0;2;0;0;0;0
"21/12/2018";"00:59:00";"17";"sem vítima";"102,04";"BR-050/MG";"Norte";"Choque - Defensa, barreira ou meio fio";0;0;1;0;0;0;0;0;0;0;1;0;0;0;0
"21/12/2018";"08:44:00";"84";"sem vítima";"30,45";"BR-050/MG";"Sul";"Saida de Pista";1;0;0;0;0;0;0;0;0;0;2;0;0;0;0
"21/12/2018";"17:51:00";"212";"com vítima";"167,3";"BR-050/MG";"Norte";"Capotamento";1;0;0;0;0;0;0;0;0;0;0;1;1;0;0
"22/12/2018";"08:26:00";"70";"sem vítima";"148,2";"BR-050/MG";"Norte";"Choque - Defensa, barreira ou meio fio";1;0;0;0;0;0;0;0;0;0;5;0;0;0;0
"22/12/2018";"11:01:00";"109";"com vítima";"117";"BR-050/MG";"Norte";"Queda de Moto";0;0;0;1;0;0;0;0;0;0;0;2;0;0;0
"22/12/2018";"14:55:00";"167";"com vítima";"56,3";"BR-050/MG";"Sul";"Colisão Traseira";1;0;0;1;0;0;0;0;0;0;4;1;0;0;0
"22/12/2018";"15:03:00";"168";"sem vítima";"142";"BR-050/MG";"Norte";"Choque - Elemento de Drenagem";1;0;0;0;0;0;0;0;0;0;3;0;0;0;0
"22/12/2018";"15:52:00";"181";"com vítima";"89";"BR-050/MG";"Sul";"Queda de Moto";0;0;0;1;0;0;0;0;0;0;0;1;0;0;0
"22/12/2018";"17:54:00";"214";"sem vítima";"49,55";"BR-050/MG";"Sul";"Saida de Pista";1;0;0;0;0;0;0;0;0;0;4;0;0;0;0
"22/12/2018";"19:32:00";"238";"sem vítima";"25,43";"BR-050/MG";"Sul";"Capotamento";1;0;0;0;0;0;0;0;0;0;2;0;0;0;0
"22/12/2018";"21:21:00";"254";"sem vítima";"172,8";"BR-050/MG";"Norte";"Choque - Defensa, barreira ou meio fio";0;0;0;0;0;0;0;0;0;1;1;0;0;0;0
"23/12/2018";"04:32:00";"40";"sem vítima";"40";"BR-050/MG";"Norte";"Choque - Talude";1;0;0;0;0;0;0;0;0;0;1;0;0;0;0
"23/12/2018";"06:22:00";"47";"sem vítima";"179,38";"BR-050/MG";"Norte";"Saida de Pista";1;0;0;0;0;0;0;0;0;0;2;0;0;0;0
"23/12/2018";"09:31:00";"71";"sem vítima";"96,3";"BR-050/GO";"Sul";"Colisão Lateral";0;0;1;0;0;0;0;0;0;1;2;0;0;0;0
"23/12/2018";"21:07:00";"201";"com vítima";"106,075";"BR-050/GO";"Norte";"Tombamento";0;0;0;0;0;0;0;0;0;1;2;2;0;0;0
"24/12/2018";"03:50:00";"21";"com vítima";"177,45";"BR-050/MG";"Sul";"Capotamento";0;0;0;0;0;0;0;0;0;1;0;0;0;0;1
"24/12/2018";"21:22:00";"132";"com vítima";"171,8";"BR-050/MG";"Norte";"Colisão Traseira";1;0;0;1;0;0;0;0;0;0;3;1;0;0;0
"25/12/2018";"01:40:00";"16";"com vítima";"271,5";"BR-050/GO";"Sul";"Colisão Lateral";2;0;0;0;0;0;0;0;0;0;6;2;0;0;0
"25/12/2018";"06:49:00";"30";"com vítima";"79,04";"BR-050/MG";"Norte";"Capotamento";1;0;0;0;0;0;0;0;0;0;1;1;0;1;0
"25/12/2018";"14:15:00";"67";"sem vítima";"176";"BR-050/MG";"Norte";"Choque - Defensa, barreira ou meio fio";1;0;0;0;0;0;0;0;0;0;3;0;0;0;0
"25/12/2018";"14:22:00";"68";"sem vítima";"157";"BR-050/MG";"Norte";"Colisão Transversal";1;0;1;0;0;0;0;0;0;0;6;0;0;0;0
"25/12/2018";"21:14:00";"136";"sem vítima";"54,2";"BR-050/MG";"Norte";"Choque - Defensa, barreira ou meio fio";1;0;0;0;0;0;0;0;0;0;1;0;0;0;0
"26/12/2018";"06:17:00";"26";"com vítima";"157";"BR-050/MG";"Sul";"Colisão Frontal";1;0;0;0;0;0;0;0;0;1;2;3;0;0;0
"26/12/2018";"06:23:00";"27";"sem vítima";"33,65";"BR-050/MG";"Norte";"Saida de Pista";1;0;0;0;0;0;0;0;0;0;1;0;0;0;0
"26/12/2018";"06:55:00";"30";"com vítima";"47";"BR-050/MG";"Sul";"Capotamento";1;0;0;0;0;0;0;0;0;0;0;0;1;0;0
"26/12/2018";"07:47:00";"34";"sem vítima";"21";"CT-UDI-MG";"Norte";"Colisão Traseira";0;0;0;2;0;0;0;0;0;0;2;0;0;0;0
"26/12/2018";"14:47:00";"108";"com vítima";"103,325";"BR-050/GO";"Sul";"Capotamento";1;0;0;0;0;0;0;0;0;0;1;1;0;0;0
"26/12/2018";"18:23:00";"145";"sem vítima";"254,04";"BR-050/GO";"Norte";"Saida de Pista";1;0;0;0;0;0;0;0;0;0;3;0;0;0;0
"26/12/2018";"18:59:00";"161";"sem vítima";"178,8";"BR-050/MG";"Norte";"Saida de Pista";1;0;0;0;0;0;0;0;0;0;1;0;0;0;0
"27/12/2018";"00:15:00";"9";"sem vítima";"178,8";"BR-050/MG";"Norte";"Tombamento";0;0;1;0;0;0;0;0;0;0;1;0;0;0;0
"28/12/2018";"00:41:00";"11";"sem vítima";"196,7";"BR-050/GO";"Sul";"Saida de Pista";1;0;0;0;0;0;0;0;0;0;1;0;0;0;0
"28/12/2018";"05:40:00";"30";"sem vítima";"25,2";"BR-050/MG";"Sul";"Saida de Pista";1;0;0;0;0;0;0;0;0;0;4;0;0;0;0
"28/12/2018";"07:04:00";"37";"com vítima";"172,85";"BR-050/MG";"Sul";"Choque - Defensa, barreira ou meio fio";1;0;0;0;0;0;0;0;0;0;1;3;0;0;0
"28/12/2018";"07:31:00";"43";"sem vítima";"197,2";"BR-050/GO";"Sul";"Choque - Suporte de Sinalização";1;0;0;0;0;0;0;0;0;0;5;0;0;0;0
"28/12/2018";"11:23:00";"95";"com vítima";"101,363";"BR-050/GO";"Norte";"Choque - Barranco";0;0;0;0;0;0;0;0;0;1;0;1;0;0;0
"28/12/2018";"23:03:00";"210";"com vítima";"104,04";"BR-050/MG";"Sul";"Colisão Traseira";1;0;1;0;0;0;0;0;0;0;1;0;1;0;0
"29/12/2018";"07:56:00";"42";"com vítima";"61";"BR-050/MG";"Norte";"Colisão Lateral";0;2;0;0;0;0;0;0;0;0;1;0;1;0;0
"29/12/2018";"15:40:00";"111";"sem vítima";"99,08";"BR-050/GO";"Norte";"Choque - Elemento de Drenagem";1;0;0;0;0;0;0;0;0;0;2;0;0;0;0
"30/12/2018";"03:09:00";"18";"sem vítima";"11,45";"CT-UDI-MG";"Sul";"Choque - Barranco";1;0;0;0;0;0;0;0;0;0;1;0;0;0;0
"30/12/2018";"03:40:00";"19";"sem vítima";"45,9";"BR-050/MG";"Norte";"Choque - Defensa, barreira ou meio fio";0;0;1;0;0;0;0;0;0;0;1;0;0;0;0
"30/12/2018";"07:25:00";"34";"com vítima";"116,24";"BR-050/MG";"Sul";"Capotamento";1;0;0;0;0;0;0;0;0;0;2;0;1;0;0
"30/12/2018";"15:20:00";"94";"sem vítima";"226";"BR-050/GO";"Norte";"Colisão Traseira";1;0;0;0;0;0;0;0;0;1;3;0;0;0;0
"30/12/2018";"18:04:00";"117";"sem vítima";"53,55";"BR-050/MG";"Sul";"Choque - Elemento de Drenagem";1;0;0;0;0;0;0;0;0;0;4;0;0;0;0
"31/12/2018";"02:06:00";"19";"sem vítima";"117,9";"BR-050/MG";"Norte";"Saida de Pista";1;0;0;0;0;0;0;0;0;0;3;0;0;0;0
"31/12/2018";"10:13:00";"54";"com vítima";"172";"BR-050/MG";"Sul";"Choque - Defensa, barreira ou meio fio";1;0;0;0;0;1;0;0;0;0;1;1;0;0;0
"31/12/2018";"16:48:00";"95";"com vítima";"17,3";"CT-UDI-MG";"Norte";"Capotamento";1;0;0;0;0;0;0;0;0;0;0;3;0;0;0
"31/12/2018";"16:55:00";"99";"com vítima";"82,83";"BR-050/MG";"Norte";"Choque - Defensa, barreira ou meio fio";1;0;0;0;0;0;0;0;0;0;1;1;0;0;0
"31/12/2018";"17:55:00";"111";"com vítima";"103,1";"BR-050/GO";"Norte";"Colisão Traseira";1;0;0;0;1;0;0;0;0;0;1;0;1;0;0
"01/01/2019";"00:42:00";"9";"com vítima";"280,38";"BR-050/GO";"Norte";"Colisão Transversal";1;0;0;1;0;0;0;0;0;0;1;2;0;0;0
"01/01/2019";"02:08:00";"12";"com vítima";"179,1";"BR-050/MG";"Sul";"Choque - Elemento de Drenagem";1;0;0;0;0;0;0;0;0;0;0;1;0;0;0
"01/01/2019";"02:11:00";"13";"com vítima";"77,3";"BR-050/MG";"Sul";"Colisão Lateral";0;0;0;1;0;0;0;0;0;1;2;0;2;0;0
"01/01/2019";"02:57:00";"15";"com vítima";"65,32";"BR-050/MG";"Sul";"Atropelamento - Usuário";1;0;0;0;0;0;0;0;0;0;1;0;1;0;0
"01/01/2019";"05:16:00";"24";"sem vítima";"200,9";"BR-050/MG";"Norte";"Choque - Defensa, barreira ou meio fio";1;0;0;0;0;0;0;0;0;0;2;0;0;0;0
"01/01/2019";"07:07:00";"30";"sem vítima";"171,98";"BR-050/MG";"Sul";"Choque - Defensa, barreira ou meio fio";1;0;0;0;0;0;0;0;0;0;2;0;0;0;0
"01/01/2019";"11:20:00";"45";"sem vítima";"206,62";"BR-050/MG";"Norte";"Colisão Traseira";1;0;0;0;0;0;0;0;0;1;9;0;0;0;0
"01/01/2019";"16:20:00";"77";"com vítima";"175,4";"BR-050/GO";"Norte";"Capotamento";1;0;0;0;0;0;0;0;0;0;0;1;1;0;0
"01/01/2019";"16:27:00";"81";"com vítima";"38";"BR-050/MG";"Norte";"Choque - Poste";0;0;0;0;0;0;0;0;0;1;0;0;2;0;0
"01/01/2019";"17:31:00";"90";"sem vítima";"186,35";"BR-050/MG";"Sul";"Choque - Suporte de Sinalização";1;0;0;0;0;0;0;0;0;0;2;0;0;0;0
"01/01/2019";"20:58:00";"124";"com vítima";"64,5";"BR-050/MG";"Sul";"Choque - Defensa, barreira ou meio fio";1;0;0;0;0;0;0;0;0;0;1;2;0;0;0
"01/01/2019";"22:10:00";"129";"sem vítima";"40";"BR-050/MG";"Norte";"Capotamento";1;0;0;0;1;0;0;0;0;0;4;0;0;0;0
"02/01/2019";"11:01:00";"85";"com vítima";"45";"BR-050/MG";"Sul";"Tombamento";1;0;0;0;0;0;0;0;0;0;0;3;0;0;0
"02/01/2019";"11:45:00";"92";"com vítima";"45,06";"BR-050/MG";"Sul";"Colisão Traseira";1;0;0;0;0;0;0;0;0;1;0;10;0;0;0
"02/01/2019";"19:48:00";"166";"sem vítima";"132";"BR-050/MG";"Norte";"Colisão Traseira";0;0;1;0;0;0;0;0;0;1;2;0;0;0;0
"03/01/2019";"09:37:00";"73";"com vítima";"145,2";"BR-050/MG";"Norte";"Capotamento";1;0;0;0;0;0;0;0;0;0;0;0;2;0;0
"03/01/2019";"13:19:00";"119";"com vítima";"287";"BR-050/GO";"Norte";"Colisão Traseira";1;0;1;0;0;0;0;0;0;0;3;2;0;0;0
"03/01/2019";"23:39:00";"192";"com vítima";"130";"BR-050/MG";"Sul";"Capotamento";1;0;0;0;0;0;0;0;0;0;3;1;0;0;0
"04/01/2019";"09:08:00";"50";"sem vítima";"179";"BR-050/MG";"Norte";"Tombamento";0;0;1;0;0;0;0;0;0;0;1;0;0;0;0
"04/01/2019";"14:01:00";"112";"com vítima";"0,12";"BR-050/MG";"Norte";"Choque - Talude";0;0;1;0;0;0;0;0;0;0;0;1;0;0;0
"04/01/2019";"17:23:00";"162";"com vítima";"7,82";"CT-UDI-MG";"Sul";"Choque - Elemento de Drenagem";0;0;0;1;0;0;0;0;0;0;0;1;0;0;0
"04/01/2019";"21:52:00";"207";"sem vítima";"174,6";"BR-050/MG";"Norte";"Tombamento";1;0;0;0;0;0;0;0;0;0;1;0;0;0;0
"04/01/2019";"23:23:00";"212";"com vítima";"269,4";"BR-050/GO";"Norte";"Queda de Moto";0;0;0;1;0;0;0;0;0;0;0;1;0;0;0
"05/01/2019";"05:05:00";"28";"com vítima";"93,4";"BR-050/MG";"Norte";"Capotamento";0;0;0;0;0;0;0;0;0;1;0;2;1;0;0
"05/01/2019";"08:48:00";"48";"com vítima";"77,02";"BR-050/MG";"Norte";"Colisão Traseira";0;0;1;0;0;0;0;0;0;1;1;1;0;0;0
"05/01/2019";"14:10:00";"108";"sem vítima";"177";"BR-050/MG";"Norte";"Choque - Defensa, barreira ou meio fio";0;0;0;0;0;0;0;0;0;1;1;0;0;0;0
"05/01/2019";"16:41:00";"128";"sem vítima";"15,8";"CT-UDI-MG";"Sul";"Colisão Traseira";2;0;0;0;0;0;0;0;0;0;2;0;0;0;0
"06/01/2019";"06:35:00";"47";"sem vítima";"15,785";"BR-050/MG";"Sul";"Saida de Pista";1;0;0;0;0;0;0;0;0;0;2;0;0;0;0
"06/01/2019";"06:41:00";"49";"com vítima";"39,6";"BR-050/MG";"Sul";"Colisão Traseira";0;0;0;0;0;0;0;0;0;2;8;1;0;0;0
"06/01/2019";"06:49:00";"50";"sem vítima";"210";"BR-050/GO";"Sul";"Colisão Traseira";1;0;0;0;0;0;0;0;0;0;1;0;0;0;0
"06/01/2019";"07:40:00";"54";"com vítima";"169,7";"BR-050/GO";"Norte";"Choque - Arvore";1;0;0;0;0;0;0;0;0;0;1;1;0;0;0