data;horario;n_da_ocorrencia;tipo_de_ocorrencia;km;trecho;sentido;tipo_de_acidente;automovel;bicicleta;caminhao;moto;onibus;outros;tracao_animal;transporte_de_cargas_especiais;trator_maquinas;utilitarios;ilesos;levemente_feridos;moderadamente_feridos;gravemente_feridos;mortos
"14/02/2019";"17:12:00";"153";"sem vítima";"165";"BR-050/MG";"Sul";"Tombamento";1;0;0;0;0;0;0;0;0;0;1;0;0;0;0
"14/02/2019";"18:03:00";"159";"com vítima";"59";"BR-050/MG";"Norte";"Queda de Ciclista";0;1;0;0;0;0;0;0;0;0;0;1;0;0;0
"14/02/2019";"20:02:00";"187";"sem vítima";"177,2";"BR-050/MG";"Norte";"Choque - Objeto sobre a pista";2;0;0;0;0;0;0;0;0;0;5;0;0;0;0
"14/02/2019";"21:58:00";"206";"com vítima";"137,9";"BR-050/MG";"Norte";"Capotamento";1;0;0;0;0;0;0;0;0;0;0;0;1;0;0
"15/02/2019";"04:44:00";"30";"sem vítima";"14,014";"BR-050/MG";"Sul";"Colisão Traseira";0;0;2;0;0;0;0;0;0;0;2;0;0;0;0
"15/02/2019";"06:52:00";"37";"sem vítima";"166,76";"BR-050/MG";"Norte";"Saida de Pista";0;0;1;0;0;0;0;0;0;0;3;0;0;0;0
"15/02/2019";"09:13:00";"61";"com vítima";"130,68";"BR-050/MG";"Sul";"Capotamento";1;0;0;0;0;0;0;0;0;0;0;0;2;0;0
"15/02/2019";"12:17:00";"113";"sem vítima";"61,15";"BR-050/MG";"Sul";"Atropelamento de Animal";1;0;0;0;0;0;0;0;0;0;4;0;0;0;0
"15/02/2019";"17:21:00";"160";"com vítima";"60,76";"BR-050/MG";"Sul";"Atropelamento - Ciclista";0;1;0;0;0;0;0;0;0;1;1;0;1;0;0
"16/02/2019";"06:37:00";"26";"sem vítima";"135,8";"BR-050/MG";"Sul";"Saida de Pista";0;0;1;0;0;0;0;0;0;0;1;0;0;0;0
"16/02/2019";"08:59:00";"44";"com vítima";"174,5";"BR-050/MG";"Sul";"Choque - Defensa, barreira ou meio fio";1;0;0;0;0;0;0;0;0;0;1;1;0;0;0
"16/02/2019";"12:04:00";"69";"sem vítima";"303,8";"BR-050/GO";"Sul";"Choque - Suporte de Sinalização";1;0;0;0;0;0;0;0;0;0;1;0;0;0;0
"16/02/2019";"16:02:00";"117";"sem vítima";"44,5";"BR-050/MG";"Sul";"Choque - Elemento de Drenagem";0;0;0;0;0;0;0;0;0;1;4;0;0;0;0
"16/02/2019";"20:48:00";"154";"sem vítima";"259,92";"BR-050/GO";"Sul";"Choque - Talude";1;0;0;0;0;0;0;0;0;0;1;0;0;0;0
"16/02/2019";"23:22:00";"168";"com vítima";"155";"BR-050/MG";"Sul";"Choque - Talude";1;0;0;0;0;0;0;0;0;0;4;1;0;0;0
"17/02/2019";"05:17:00";"20";"sem vítima";"273,5";"BR-050/GO";"Norte";"Tombamento";0;0;1;0;0;0;0;0;0;0;1;0;0;0;0
"17/02/2019";"05:39:00";"21";"sem vítima";"273,3";"BR-050/GO";"Sul";"Colisão Traseira";1;0;1;0;0;0;0;0;0;0;3;0;0;0;0
"17/02/2019";"14:54:00";"95";"com vítima";"25,36";"BR-050/MG";"Sul";"Capotamento";1;0;0;0;0;0;0;0;0;0;0;2;0;0;0
"17/02/2019";"15:19:00";"100";"com vítima";"45,92";"BR-050/MG";"Sul";"Choque - Elemento de Drenagem";1;0;0;0;0;0;0;0;0;0;4;1;0;0;0
"17/02/2019";"19:30:00";"132";"sem vítima";"9,3";"CT-UDI-MG";"Norte";"Atropelamento de Animal";0;0;1;0;0;0;0;0;0;0;1;0;0;0;0
"17/02/2019";"23:28:00";"158";"sem vítima";"280,8";"BR-050/GO";"Norte";"Choque - Defensa, barreira ou meio fio";1;0;0;0;0;0;0;0;0;0;1;0;0;0;0
"18/02/2019";"06:42:00";"33";"sem vítima";"159,91";"BR-050/MG";"Norte";"Capotamento";1;0;0;0;0;0;0;0;0;0;1;0;0;0;0
"18/02/2019";"09:07:00";"61";"com vítima";"203,6";"BR-050/GO";"Norte";"Capotamento";1;0;0;0;0;0;0;0;0;0;0;2;0;0;0
"19/02/2019";"10:08:00";"82";"sem vítima";"0";"CT-UDI-MG";"Sul";"Tombamento";0;0;1;0;0;0;0;0;0;0;1;0;0;0;0
"19/02/2019";"22:26:00";"176";"com vítima";"83,95";"BR-050/MG";"Sul";"Colisão Traseira";0;0;2;0;0;0;0;0;0;0;2;0;1;0;0
"20/02/2019";"20:58:00";"188";"sem vítima";"196,95";"BR-050/GO";"Norte";"Choque - Suporte de Sinalização";1;0;0;0;0;0;0;0;0;0;1;0;0;0;0
"20/02/2019";"21:23:00";"192";"sem vítima";"206,3";"BR-050/GO";"Norte";"Saida de Pista";0;0;1;0;0;0;0;0;0;0;1;0;0;0;0
"21/02/2019";"00:19:00";"12";"sem vítima";"118,8";"BR-050/MG";"Norte";"Saida de Pista";1;0;0;0;0;0;0;0;0;0;1;0;0;0;0
"21/02/2019";"02:59:00";"26";"sem vítima";"243,3";"BR-050/GO";"Norte";"Choque - Elemento de Drenagem";0;0;1;0;0;0;0;0;0;0;2;0;0;0;0
"21/02/2019";"03:29:00";"28";"com vítima";"191";"BR-050/MG";"Norte";"Colisão Traseira";0;0;2;0;0;0;0;0;0;0;1;1;0;0;0
"21/02/2019";"07:10:00";"40";"sem vítima";"105";"BR-050/MG";"Norte";"Choque - Obstáculo Fixo";0;0;0;0;0;0;0;0;0;1;1;0;0;0;0
"21/02/2019";"14:36:00";"123";"sem vítima";"277";"BR-050/GO";"Sul";"Engavetamento";1;0;3;0;0;0;0;0;0;0;5;0;0;0;0
"21/02/2019";"16:36:00";"149";"sem vítima";"187,35";"BR-050/GO";"Norte";"Saida de Pista";1;0;0;0;0;0;0;0;0;0;3;0;0;0;0
"21/02/2019";"17:18:00";"153";"sem vítima";"269,4";"BR-050/GO";"Norte";"Saida de Pista";1;0;0;0;0;0;0;0;0;0;2;0;0;0;0
"22/02/2019";"19:18:00";"178";"sem vítima";"177,2";"BR-050/MG";"Sul";"Engavetamento";4;0;0;0;0;0;0;0;0;0;4;0;0;0;0
"22/02/2019";"19:28:00";"179";"com vítima";"35";"BR-050/MG";"Sul";"Atropelamento - Ciclista";0;1;0;0;0;0;0;0;0;1;1;0;0;0;1
"22/02/2019";"20:15:00";"186";"sem vítima";"58";"BR-050/MG";"Sul";"Colisão Traseira";1;0;1;0;0;0;0;0;0;0;2;0;0;0;0
"23/02/2019";"09:36:00";"76";"sem vítima";"228,15";"BR-050/GO";"Norte";"Saida de Pista";0;0;1;0;0;0;0;0;0;0;1;0;0;0;0
"23/02/2019";"19:55:00";"196";"com vítima";"34,6";"BR-050/MG";"Norte";"Capotamento";1;0;0;0;0;0;0;0;0;0;0;1;0;0;0
"24/02/2019";"06:11:00";"23";"com vítima";"80,97";"BR-050/MG";"Sul";"Capotamento";1;0;0;0;0;0;0;0;0;0;0;1;0;0;0
"24/02/2019";"23:06:00";"159";"com vítima";"173,5";"BR-050/MG";"Norte";"Colisão Traseira";0;0;1;0;0;0;0;0;0;1;3;2;1;0;0
"24/02/2019";"23:10:00";"161";"com vítima";"100";"BR-050/GO";"Sul";"Colisão Traseira";2;0;0;0;0;0;0;0;0;0;0;2;0;0;0
"26/02/2019";"22:14:00";"219";"sem vítima";"174,8";"BR-050/MG";"Norte";"Choque - Defensa, barreira ou meio fio";1;0;0;0;0;0;0;0;0;0;1;0;0;0;0
"26/02/2019";"23:39:00";"224";"sem vítima";"157,35";"BR-050/MG";"Sul";"Saida de Pista";0;0;1;0;0;0;0;0;0;0;1;0;0;0;0
"27/02/2019";"00:56:00";"12";"sem vítima";"32,1";"BR-050/MG";"Sul";"Choque - Suporte de Sinalização";1;0;0;0;0;0;0;0;0;0;1;0;0;0;0
"27/02/2019";"05:57:00";"35";"sem vítima";"101,98";"BR-050/GO";"Norte";"Saida de Pista";0;0;1;0;0;0;0;0;0;0;1;0;0;0;0
"27/02/2019";"09:56:00";"83";"sem vítima";"46,63";"BR-050/MG";"Norte";"Choque - Elemento de Drenagem";1;0;0;0;0;0;0;0;0;0;1;0;0;0;0
"28/02/2019";"12:07:00";"98";"sem vítima";"167";"BR-050/MG";"Norte";"Tombamento";0;0;1;0;0;0;0;0;0;0;1;0;0;0;0
"28/02/2019";"13:20:00";"107";"com vítima";"166,7";"BR-050/GO";"Sul";"Choque - Suporte de Sinalização";0;0;1;0;0;0;0;0;0;0;0;0;1;0;0
"28/02/2019";"16:25:00";"142";"sem vítima";"59,08";"BR-050/MG";"Sul";"Saida de Pista";1;0;0;0;0;0;0;0;0;0;2;0;0;0;0
"28/02/2019";"16:30:00";"143";"sem vítima";"62,74";"BR-050/MG";"Norte";"Choque - Elemento de Drenagem";0;0;0;0;0;0;0;0;0;1;1;0;0;0;0
"28/02/2019";"19:25:00";"173";"com vítima";"43,645";"BR-050/MG";"Sul";"Capotamento";0;0;0;0;0;0;0;0;0;1;1;2;0;0;0
"28/02/2019";"21:19:00";"195";"sem vítima";"118";"BR-050/MG";"Norte";"Saida de Pista";1;0;0;0;0;0;0;0;0;0;3;0;0;0;0
"01/03/2019";"05:54:00";"30";"com vítima";"245";"BR-050/GO";"Sul";"Capotamento";1;0;0;0;0;0;0;0;0;0;0;0;1;0;0
"01/03/2019";"07:58:00";"46";"com vítima";"44,18";"BR-050/MG";"Sul";"Queda de Moto";0;0;0;1;0;0;0;0;0;0;0;1;0;1;0
"01/03/2019";"11:14:00";"79";"sem vítima";"175";"BR-050/MG";"Sul";"Choque - Defensa, barreira ou meio fio";0;0;0;0;0;0;0;0;0;1;1;0;0;0;0
"01/03/2019";"11:40:00";"84";"sem vítima";"245,88";"BR-050/GO";"Sul";"Choque - Outros";0;0;0;0;0;0;0;0;0;1;2;0;0;0;0
"01/03/2019";"14:27:00";"105";"sem vítima";"151,75";"BR-050/MG";"Norte";"Choque - Veiculo parado no acostamento";1;0;1;0;0;0;0;0;0;0;2;0;0;0;0
"01/03/2019";"14:40:00";"108";"sem vítima";"140,2";"BR-050/MG";"Sul";"Capotamento";1;0;0;0;0;0;0;0;0;0;1;0;0;0;0
"01/03/2019";"14:45:00";"110";"com vítima";"163,2";"BR-050/MG";"Norte";"Queda de Moto";0;0;0;1;0;0;0;0;0;0;0;1;0;0;0
"01/03/2019";"15:21:00";"119";"sem vítima";"244,25";"BR-050/GO";"Sul";"Choque - Elemento de Drenagem";0;0;1;0;0;0;0;0;0;0;1;0;0;0;0
"01/03/2019";"15:36:00";"122";"com vítima";"151";"BR-050/GO";"Norte";"Capotamento";0;0;0;0;0;0;0;0;0;1;0;1;1;0;0
"01/03/2019";"15:48:00";"125";"sem vítima";"147,6";"BR-050/MG";"Sul";"Choque - Defensa, barreira ou meio fio";1;0;0;0;0;0;0;0;0;0;2;0;0;0;0
"02/03/2019";"02:08:00";"15";"sem vítima";"99,6";"BR-050/GO";"Norte";"Saida de Pista";1;0;0;0;0;0;0;0;0;0;1;0;0;0;0
"02/03/2019";"08:18:00";"51";"sem vítima";"24,68";"BR-050/MG";"Sul";"Choque - Suporte de Sinalização";1;0;1;0;0;0;0;0;0;0;3;0;0;0;0
"02/03/2019";"11:12:00";"93";"sem vítima";"17,05";"BR-050/MG";"Norte";"Choque - Elemento de Drenagem";1;0;0;0;0;0;0;0;0;0;1;0;0;0;0
"02/03/2019";"11:25:00";"99";"sem vítima";"42,44";"BR-050/MG";"Norte";"Colisão Traseira";2;0;0;0;0;0;0;0;0;0;6;0;0;0;0
"02/03/2019";"12:38:00";"114";"sem vítima";"14,8";"CT-UDI-MG";"Sul";"Choque - Defensa, barreira ou meio fio";1;0;0;0;0;0;0;0;0;0;4;0;0;0;0
"02/03/2019";"13:34:00";"128";"com vítima";"153,03";"BR-050/MG";"Sul";"Capotamento";0;0;0;0;0;0;0;0;0;1;2;0;1;0;0
"02/03/2019";"19:01:00";"197";"com vítima";"279,6";"BR-050/GO";"Sul";"Colisão Transversal";1;0;0;1;0;0;0;0;0;0;3;1;0;0;0
"03/03/2019";"15:53:00";"111";"sem vítima";"198";"BR-050/MG";"Norte";"Colisão Traseira";2;0;0;0;0;0;0;0;0;0;3;0;0;0;0
"03/03/2019";"18:05:00";"133";"sem vítima";"15,34";"BR-050/MG";"Sul";"Saida de Pista";1;0;0;0;0;0;0;0;0;0;2;0;0;0;0
"03/03/2019";"18:58:00";"142";"com vítima";"39,5";"BR-050/MG";"Sul";"Atropelamento - Ciclista";0;1;0;0;0;0;0;0;0;0;0;1;0;0;0
"03/03/2019";"20:29:00";"156";"sem vítima";"178,25";"BR-050/MG";"Sul";"Tombamento";1;0;0;0;0;0;0;0;0;0;4;0;0;0;0
"04/03/2019";"12:02:00";"60";"com vítima";"262,52";"BR-050/GO";"Sul";"Choque - Suporte de Sinalização";1;0;0;0;0;0;0;0;0;0;0;1;0;0;0
"04/03/2019";"13:59:00";"71";"sem vítima";"9,78";"BR-050/MG";"Sul";"Saida de Pista";1;0;0;0;0;0;0;0;0;0;4;0;0;0;0
"05/03/2019";"06:21:00";"25";"com vítima";"173,8";"BR-050/MG";"Sul";"Choque - Suporte de Sinalização";0;0;0;0;0;0;0;0;0;1;0;2;0;0;0
"05/03/2019";"07:42:00";"32";"sem vítima";"36";"BR-050/MG";"Sul";"Choque - Defensa, barreira ou meio fio";1;0;0;0;0;0;0;0;0;0;1;0;0;0;0
"05/03/2019";"08:08:00";"35";"sem vítima";"60,3";"BR-050/MG";"Norte";"Queda de Moto";0;0;0;1;0;0;0;0;0;0;1;0;0;0;0
"05/03/2019";"18:57:00";"147";"com vítima";"53,9";"BR-050/MG";"Sul";"Queda de Moto";0;0;0;1;0;0;0;0;0;0;0;1;0;0;0
"06/03/2019";"07:19:00";"34";"com vítima";"185,95";"BR-050/GO";"Norte";"Choque - Veiculo parado no acostamento";0;0;1;0;0;0;0;0;0;1;1;0;1;0;0
"06/03/2019";"23:10:00";"192";"com vítima";"32";"BR-050/MG";"Sul";"Colisão Lateral";1;0;0;0;0;1;0;0;0;0;1;1;0;0;0
"07/03/2019";"13:50:00";"125";"sem vítima";"148,35";"BR-050/GO";"Norte";"Capotamento";1;0;0;0;0;0;0;0;0;0;1;0;0;0;0
"07/03/2019";"15:23:00";"139";"sem vítima";"78,48";"BR-050/MG";"Norte";"Colisão Traseira";0;0;1;0;0;0;0;0;0;1;2;0;0;0;0
"09/03/2019";"09:43:00";"70";"com vítima";"15";"CT-UDI-MG";"Norte";"Capotamento";0;0;1;0;0;0;0;0;0;0;0;1;0;0;0
"09/03/2019";"10:04:00";"73";"sem vítima";"188,1";"BR-050/GO";"Sul";"Saida de Pista";1;0;0;0;0;0;0;0;0;0;2;0;0;0;0
"09/03/2019";"23:07:00";"197";"sem vítima";"21";"BR-050/MG";"Sul";"Colisão Traseira";0;0;1;0;0;0;0;0;0;1;2;0;0;0;0
"10/03/2019";"06:17:00";"31";"com vítima";"21";"CT-UDI-MG";"Sul";"Colisão Frontal";0;0;0;0;1;0;0;0;0;1;5;2;0;0;0
"10/03/2019";"14:53:00";"124";"sem vítima";"136";"BR-050/MG";"Norte";"Colisão Lateral";1;0;1;0;0;0;0;0;0;0;3;0;0;0;0
"10/03/2019";"14:57:00";"125";"com vítima";"157";"BR-050/MG";"Norte";"Colisão Transversal";2;0;0;0;0;0;0;0;0;0;2;2;0;0;0
"11/03/2019";"01:53:00";"15";"sem vítima";"232,5";"BR-050/GO";"Sul";"Tombamento";0;0;1;0;0;0;0;0;0;0;2;0;0;0;0
"11/03/2019";"11:09:00";"88";"sem vítima";"172,6";"BR-050/MG";"Norte";"Queda de Ciclista";0;1;0;0;0;0;0;0;0;0;1;0;0;0;0
"11/03/2019";"16:18:00";"145";"sem vítima";"175,5";"BR-050/MG";"Sul";"Colisão Lateral";1;0;0;0;1;0;0;0;0;0;28;0;0;0;0
"11/03/2019";"21:02:00";"186";"com vítima";"64,9";"BR-050/MG";"Sul";"Colisão Traseira";0;0;2;0;0;0;0;0;0;0;1;1;0;0;0
"12/03/2019";"06:05:00";"27";"sem vítima";"95,8";"BR-050/MG";"Norte";"Tombamento";0;0;1;0;0;0;0;0;0;0;1;0;0;0;0
"12/03/2019";"07:42:00";"43";"sem vítima";"207,4";"BR-050/GO";"Sul";"Choque - Defensa, barreira ou meio fio";1;0;0;0;0;0;0;0;0;0;1;0;0;0;0
"12/03/2019";"15:08:00";"141";"com vítima";"171,9";"BR-050/GO";"Sul";"Capotamento";0;0;0;0;0;0;0;0;0;1;0;1;0;0;0
"12/03/2019";"19:16:00";"185";"sem vítima";"25,06";"BR-050/MG";"Sul";"Choque - Defensa, barreira ou meio fio";0;0;0;0;0;0;0;0;0;1;1;0;0;0;0
"12/03/2019";"21:28:00";"196";"com vítima";"207";"BR-050/MG";"Norte";"Capotamento";1;0;0;0;0;0;0;0;0;0;0;1;0;0;0
"13/03/2019";"16:01:00";"161";"com vítima";"180";"BR-050/MG";"Sul";"Engavetamento";1;0;0;2;0;0;0;0;0;0;2;1;0;0;0
"13/03/2019";"22:37:00";"213";"sem vítima";"152,2";"BR-050/GO";"Norte";"Colisão Lateral";0;0;2;0;0;0;0;0;0;0;2;0;0;0;0
"14/03/2019";"16:56:00";"176";"sem vítima";"176,98";"BR-050/MG";"Sul";"Choque - Defensa, barreira ou meio fio";0;0;1;0;0;0;0;0;0;0;1;0;0;0;0
"14/03/2019";"17:22:00";"187";"com vítima";"176,4";"BR-050/MG";"Sul";"Colisão Lateral";0;0;0;1;0;1;0;0;0;0;1;1;0;0;0
"14/03/2019";"20:52:00";"214";"sem vítima";"154";"BR-050/GO";"Norte";"Choque - Defensa, barreira ou meio fio";0;0;1;0;0;0;0;0;0;0;1;0;0;0;0
"14/03/2019";"21:43:00";"219";"sem vítima";"3,9";"BR-050/MG";"Norte";"Choque - Defensa, barreira ou meio fio";1;0;0;0;0;0;0;0;0;0;2;0;0;0;0
"15/03/2019";"01:44:00";"17";"sem vítima";"47,4";"BR-050/MG";"Norte";"Choque - Elemento de Drenagem";0;0;0;0;0;0;0;0;0;1;1;0;0;0;0
"15/03/2019";"12:46:00";"127";"sem vítima";"14,5";"BR-050/MG";"Sul";"Colisão Lateral";0;0;2;0;0;0;0;0;0;0;2;0;0;0;0
"15/03/2019";"13:16:00";"131";"sem vítima";"286,4";"BR-050/GO";"Norte";"Colisão Traseira";1;0;0;0;0;0;0;0;0;1;3;0;0;0;0
"15/03/2019";"19:20:00";"218";"sem vítima";"171,8";"BR-050/MG";"Norte";"Colisão Traseira";1;0;1;0;0;0;0;0;0;0;3;0;0;0;0
"16/03/2019";"01:22:00";"12";"sem vítima";"163,5";"BR-050/MG";"Norte";"Atropelamento de Animal";0;0;1;0;0;0;0;0;0;0;1;0;0;0;0
"16/03/2019";"17:35:00";"141";"com vítima";"174,3";"BR-050/MG";"Norte";"Colisão Lateral";0;1;0;0;0;1;0;0;0;0;1;0;1;0;0
"16/03/2019";"19:29:00";"152";"sem vítima";"178";"BR-050/MG";"Norte";"Engavetamento";1;0;0;0;0;4;0;0;0;0;5;0;0;0;0
"16/03/2019";"19:44:00";"157";"sem vítima";"112,3";"BR-050/GO";"Norte";"Saida de Pista";1;0;0;0;0;0;0;0;0;0;1;0;0;0;0
"16/03/2019";"20:28:00";"164";"sem vítima";"180";"BR-050/MG";"Norte";"Colisão Traseira";1;0;0;0;0;1;0;0;0;1;9;0;0;0;0
"17/03/2019";"14:03:00";"78";"sem vítima";"108,4";"BR-050/MG";"Norte";"Carreta deu L";0;0;1;0;0;0;0;0;0;0;1;0;0;0;0
"17/03/2019";"15:59:00";"95";"com vítima";"142,98";"BR-050/GO";"Norte";"Saida de Pista";1;0;0;0;0;0;0;0;0;0;0;0;1;0;0
"17/03/2019";"16:25:00";"103";"sem vítima";"198";"BR-050/MG";"Sul";"Colisão Transversal";0;0;1;0;0;0;0;0;0;1;4;0;0;0;0
"17/03/2019";"16:28:00";"104";"sem vítima";"177";"BR-050/MG";"Sul";"Colisão Lateral";1;0;1;0;0;0;0;0;0;0;3;0;0;0;0
"18/03/2019";"14:00:00";"117";"sem vítima";"167";"BR-050/MG";"Sul";"Choque - Defensa, barreira ou meio fio";1;0;0;0;0;0;0;0;0;0;1;0;0;0;0
"18/03/2019";"18:40:00";"154";"sem vítima";"59,2";"BR-050/MG";"Norte";"Choque - Arvore";1;0;0;0;0;0;0;0;0;0;3;0;0;0;0
"18/03/2019";"21:27:00";"174";"sem vítima";"78,55";"BR-050/MG";"Norte";"Atropelamento de Animal";0;0;0;0;0;0;0;0;0;1;1;0;0;0;0
"19/03/2019";"06:41:00";"27";"sem vítima";"8";"CT-UDI-MG";"Sul";"Saida de Pista";1;0;0;0;0;0;0;0;0;0;1;0;0;0;0
"19/03/2019";"16:40:00";"140";"sem vítima";"301";"BR-050/GO";"Norte";"Queda de Moto";0;0;0;1;0;0;0;0;0;0;1;0;0;0;0
"19/03/2019";"17:12:00";"146";"sem vítima";"118,9";"BR-050/GO";"Norte";"Tombamento";0;0;1;0;0;0;0;0;0;0;1;0;0;0;0
"19/03/2019";"18:24:00";"155";"sem vítima";"48";"BR-050/MG";"Norte";"Choque - Defensa, barreira ou meio fio";1;0;0;0;0;0;0;0;0;0;1;0;0;0;0
"19/03/2019";"18:59:00";"163";"com vítima";"104,9";"BR-050/GO";"Sul";"Capotamento";1;0;0;0;0;0;0;0;0;0;0;1;0;0;0
"20/03/2019";"08:49:00";"54";"com vítima";"0,2";"BR-050/MG";"Norte";"Saida de Pista";1;0;0;0;0;0;0;0;0;0;0;1;0;0;0
"20/03/2019";"10:18:00";"70";"sem vítima";"142";"BR-050/GO";"Sul";"Tombamento";0;0;0;0;0;0;0;0;0;1;2;0;0;0;0
"20/03/2019";"13:04:00";"101";"sem vítima";"6,59";"CT-UDI-MG";"Norte";"Choque - Defensa, barreira ou meio fio";1;0;0;0;0;0;0;0;0;0;2;0;0;0;0
"20/03/2019";"14:21:00";"115";"sem vítima";"147,5";"BR-050/MG";"Sul";"Saida de Pista";1;0;0;0;0;0;0;0;0;0;1;0;0;0;0
"20/03/2019";"17:43:00";"147";"sem vítima";"36";"BR-050/MG";"Norte";"Choque - Defensa, barreira ou meio fio";0;0;1;0;0;0;0;0;0;0;2;0;0;0;0
"21/03/2019";"18:01:00";"160";"sem vítima";"86";"BR-050/MG";"Norte";"Choque - Arvore";1;0;1;0;0;0;0;0;0;0;2;0;0;0;0
"21/03/2019";"19:09:00";"166";"com vítima";"175";"BR-050/MG";"Sul";"Atropelamento - Pedestre";1;0;0;0;0;0;0;0;0;0;1;0;1;0;0
"21/03/2019";"19:36:00";"182";"sem vítima";"0";"BR-050/MG";"Norte";"Choque - Defensa, barreira ou meio fio";1;0;0;0;0;0;0;0;0;0;3;0;0;0;0
"22/03/2019";"11:58:00";"100";"sem vítima";"40,89";"BR-050/MG";"Sul";"Choque - Defensa, barreira ou meio fio";0;0;0;0;0;0;0;0;0;1;1;0;0;0;0
"22/03/2019";"13:21:00";"110";"sem vítima";"140,8";"BR-050/MG";"Norte";"Choque - Defensa, barreira ou meio fio";1;0;0;0;0;0;0;0;0;0;2;0;0;0;0
"22/03/2019";"13:53:00";"113";"sem vítima";"304";"BR-050/GO";"Sul";"Choque - Obstáculo Fixo";0;0;0;0;0;0;0;0;0;1;2;0;0;0;0
"23/03/2019";"00:11:00";"2";"sem vítima";"260,9";"BR-050/GO";"Sul";"Colisão Lateral";0;0;1;0;0;1;0;0;0;0;3;0;0;0;0
"23/03/2019";"00:25:00";"6";"com vítima";"191,899";"BR-050/MG";"Sul";"Capotamento";1;0;0;0;0;0;0;0;0;0;0;1;0;0;0
"23/03/2019";"05:01:00";"23";"com vítima";"118,9";"BR-050/MG";"Sul";"Saida de Pista";0;0;0;1;0;0;0;0;0;0;0;0;1;0;0
"23/03/2019";"14:01:00";"99";"sem vítima";"77,3";"BR-050/MG";"Sul";"Choque - Defensa, barreira ou meio fio";1;0;0;0;0;0;0;0;0;0;1;0;0;0;0
"23/03/2019";"19:26:00";"146";"sem vítima";"98,85";"BR-050/GO";"Sul";"Colisão Traseira";1;0;0;0;0;1;0;0;0;0;2;0;0;0;0
"23/03/2019";"21:09:00";"163";"com vítima";"174,1";"BR-050/MG";"Norte";"Queda de Moto";0;0;0;1;0;0;0;0;0;0;1;1;0;0;0
"23/03/2019";"23:43:00";"179";"com vítima";"93,2";"BR-050/MG";"Norte";"Colisão Transversal";1;0;1;0;0;0;0;0;0;0;7;0;1;0;0
"24/03/2019";"03:44:00";"7";"sem vítima";"181,125";"BR-050/MG";"Norte";"Choque - Suporte de Sinalização";1;0;0;0;0;0;0;0;0;0;1;0;0;0;0
"24/03/2019";"08:58:00";"35";"sem vítima";"51";"BR-050/MG";"Sul";"Colisão Traseira";2;0;0;0;0;0;0;0;0;0;3;0;0;0;0
"24/03/2019";"10:17:00";"43";"com vítima";"157,2";"BR-050/MG";"Sul";"Colisão Lateral";0;0;0;1;0;1;0;0;0;0;1;0;1;0;0
"24/03/2019";"15:15:00";"91";"com vítima";"104,5";"BR-050/GO";"Sul";"Saida de Pista";1;0;0;0;0;0;0;0;0;0;0;1;0;0;0
"25/03/2019";"17:45:00";"157";"sem vítima";"273,3";"BR-050/GO";"Sul";"Colisão Traseira";2;0;0;0;0;0;0;0;0;0;5;0;0;0;0
"25/03/2019";"19:31:00";"182";"sem vítima";"39,6";"BR-050/MG";"Norte";"Colisão Transversal";1;0;1;0;0;0;0;0;0;0;4;0;0;0;0
"25/03/2019";"20:01:00";"189";"sem vítima";"114,3";"BR-050/GO";"Norte";"Colisão Traseira";0;0;2;0;0;0;0;0;0;0;2;0;0;0;0
"28/03/2019";"01:02:00";"4";"sem vítima";"21";"CT-UDI-MG";"Norte";"Capotamento";1;0;0;0;0;0;0;0;0;0;1;0;0;0;0
"28/03/2019";"07:29:00";"31";"com vítima";"148,3";"BR-050/MG";"Norte";"Tombamento";0;0;1;0;0;0;0;0;0;0;1;1;0;0;0
"29/03/2019";"11:25:00";"88";"sem vítima";"273,4";"BR-050/GO";"Norte";"Tombamento";0;0;1;0;0;0;0;0;0;0;2;0;0;0;0
"29/03/2019";"14:58:00";"114";"com vítima";"263,02";"BR-050/GO";"Sul";"Capotamento";0;0;1;0;0;0;0;0;0;0;0;1;1;0;0
"29/03/2019";"16:41:00";"131";"sem vítima";"124";"BR-050/MG";"Norte";"Choque - Suporte de Sinalização";1;0;0;0;0;0;0;0;0;0;1;0;0;0;0
"29/03/2019";"20:58:00";"192";"sem vítima";"57";"BR-050/MG";"Norte";"Colisão Traseira";1;0;1;0;0;0;0;0;0;0;2;0;0;0;0
"30/03/2019";"17:17:00";"144";"sem vítima";"52,8";"BR-050/MG";"Norte";"Saida de Pista";1;0;0;0;0;0;0;0;0;0;2;0;0;0;0
"31/03/2019";"04:23:00";"19";"sem vítima";"52,9";"BR-050/MG";"Norte";"Choque - Elemento de Drenagem";1;0;0;0;0;0;0;0;0;0;2;0;0;0;0
"31/03/2019";"10:35:00";"51";"com vítima";"87,8";"BR-050/MG";"Norte";"Capotamento";1;0;0;0;0;0;0;0;0;0;0;2;0;0;0
"31/03/2019";"13:59:00";"73";"com vítima";"126";"BR-050/MG";"Norte";"Capotamento";1;0;0;0;0;0;0;0;0;0;1;1;0;0;0
"31/03/2019";"15:12:00";"85";"com vítima";"133,6";"BR-050/GO";"Norte";"Saida de Pista";1;0;0;0;0;0;0;0;0;0;2;1;0;0;0