data;horario;n_da_ocorrencia;tipo_de_ocorrencia;km;trecho;sentido;tipo_de_acidente;automovel;bicicleta;caminhao;moto;onibus;outros;tracao_animal;transporte_de_cargas_especiais;trator_maquinas;utilitarios;ilesos;levemente_feridos;moderadamente_feridos;gravemente_feridos;mortos
"31/03/2019";"17:30:00";"104";"com vítima";"167";"BR-050/GO";"Norte";"Capotamento";1;0;0;0;0;0;0;0;0;0;0;1;0;0;0
"31/03/2019";"17:55:00";"109";"com vítima";"253,5";"BR-050/GO";"Sul";"Saida de Pista";1;0;0;0;0;0;0;0;0;0;0;1;0;0;0
"31/03/2019";"19:23:00";"127";"com vítima";"136,2";"BR-050/MG";"Norte";"Atropelamento - Andarilho";1;0;0;0;0;0;0;0;0;0;2;1;0;0;1
"31/03/2019";"19:28:00";"128";"sem vítima";"54,25";"BR-050/MG";"Sul";"Tombamento";0;0;1;0;0;0;0;0;0;0;1;0;0;0;0
"01/04/2019";"06:09:00";"11";"sem vítima";"158,6";"BR-050/MG";"Norte";"Choque - Defensa, barreira ou meio fio";1;0;0;0;0;0;0;0;0;0;1;0;0;0;0
"01/04/2019";"06:38:00";"14";"com vítima";"43,3";"BR-050/MG";"Norte";"Queda de Moto";0;0;0;1;0;0;0;0;0;0;0;2;0;0;0
"01/04/2019";"09:25:00";"41";"com vítima";"154";"BR-050/GO";"Norte";"Colisão Traseira";1;0;1;0;0;0;0;0;0;0;1;1;0;0;0
"01/04/2019";"09:59:00";"46";"com vítima";"147";"BR-050/GO";"Norte";"Capotamento";0;0;0;0;0;0;0;0;0;1;1;1;0;0;0
"01/04/2019";"13:46:00";"87";"com vítima";"94";"BR-050/MG";"Sul";"Capotamento";0;0;0;0;0;0;0;0;0;1;0;2;1;0;0
"01/04/2019";"20:09:00";"142";"sem vítima";"117,9";"BR-050/MG";"Norte";"Choque - Defensa, barreira ou meio fio";1;0;0;0;0;0;0;0;0;0;1;0;0;0;0
"02/04/2019";"03:32:00";"12";"sem vítima";"30,12";"BR-050/MG";"Norte";"Choque - Elemento de Drenagem";1;0;0;0;0;0;0;0;0;0;3;0;0;0;0
"02/04/2019";"12:53:00";"89";"sem vítima";"10,4";"BR-050/MG";"Sul";"Choque - Veiculo parado no acostamento";0;0;2;0;0;0;0;0;0;0;2;0;0;0;0
"02/04/2019";"19:11:00";"147";"com vítima";"85,95";"BR-050/MG";"Norte";"Colisão Traseira";0;0;1;0;0;0;0;0;0;1;2;1;1;0;0
"02/04/2019";"21:46:00";"164";"com vítima";"78,55";"BR-050/MG";"Norte";"Colisão Traseira";1;0;1;0;0;0;0;0;0;0;1;0;1;0;0
"04/04/2019";"14:59:00";"109";"sem vítima";"218,3";"BR-050/GO";"Norte";"Tombamento";0;0;0;0;0;0;0;0;0;1;1;0;0;0;0
"04/04/2019";"23:28:00";"186";"sem vítima";"113,1";"BR-050/GO";"Norte";"Saida de Pista";0;0;1;0;0;0;0;0;0;0;1;0;0;0;0
"05/04/2019";"08:35:00";"33";"sem vítima";"91";"BR-050/MG";"Norte";"Saida de Pista";1;0;0;0;0;0;0;0;0;0;2;0;0;0;0
"05/04/2019";"16:21:00";"132";"sem vítima";"85,6";"BR-050/MG";"Sul";"Choque - Obstáculo Fixo";0;0;0;0;0;0;0;0;0;1;1;0;0;0;0
"05/04/2019";"18:49:00";"163";"sem vítima";"241,5";"BR-050/GO";"Norte";"Atropelamento de Animal";0;0;0;0;0;0;0;0;0;1;3;0;0;0;0
"05/04/2019";"20:01:00";"184";"sem vítima";"97,2";"BR-050/GO";"Sul";"Saida de Pista";1;0;0;0;0;0;0;0;0;0;3;0;0;0;0
"06/04/2019";"10:52:00";"62";"com vítima";"140,48";"BR-050/GO";"Sul";"Capotamento";1;0;0;0;0;0;0;0;0;0;0;2;0;0;0
"06/04/2019";"17:12:00";"131";"com vítima";"29,85";"BR-050/MG";"Norte";"Choque - Defensa, barreira ou meio fio";1;0;0;0;0;0;0;0;0;0;0;5;0;0;0
"06/04/2019";"18:08:00";"135";"sem vítima";"27,7";"BR-050/MG";"Sul";"Choque - Defensa, barreira ou meio fio";1;0;0;0;0;0;0;0;0;0;5;0;0;0;0
"06/04/2019";"18:26:00";"138";"sem vítima";"227,85";"BR-050/GO";"Sul";"Queda de Moto";0;0;0;1;0;0;0;0;0;0;1;0;0;0;0
"06/04/2019";"21:47:00";"167";"com vítima";"165,38";"BR-050/GO";"Sul";"Choque - Defensa, barreira ou meio fio";1;0;0;0;0;0;0;0;0;0;0;1;0;0;0
"06/04/2019";"22:17:00";"169";"com vítima";"12";"CT-UDI-MG";"Norte";"Choque - Obstáculo Fixo";0;0;1;0;0;0;0;0;0;0;0;1;0;0;0
"06/04/2019";"23:37:00";"175";"com vítima";"279";"BR-050/GO";"Sul";"Queda de Moto";0;0;0;1;0;0;0;0;0;0;0;2;0;0;0
"07/04/2019";"06:09:00";"28";"com vítima";"174,3";"BR-050/MG";"Norte";"Choque - Defensa, barreira ou meio fio";1;0;0;0;0;0;0;0;0;0;0;1;0;0;0
"07/04/2019";"08:47:00";"43";"com vítima";"21,4";"CT-UDI-MG";"Norte";"Capotamento";1;0;0;0;0;0;0;0;0;0;0;1;0;0;0
"07/04/2019";"17:03:00";"109";"sem vítima";"51,45";"BR-050/MG";"Sul";"Colisão Traseira";2;0;0;0;0;0;0;0;0;0;3;0;0;0;0
"07/04/2019";"20:25:00";"133";"sem vítima";"177,3";"BR-050/MG";"Sul";"Capotamento";1;0;0;0;0;0;0;0;0;0;2;0;0;0;0
"07/04/2019";"21:33:00";"139";"com vítima";"117,698";"BR-050/MG";"Norte";"Colisão Traseira";0;0;2;0;0;0;0;0;0;0;1;1;0;0;0
"08/04/2019";"00:34:00";"4";"sem vítima";"80,97";"BR-050/MG";"Norte";"Capotamento";1;0;0;0;0;0;0;0;0;0;1;0;0;0;0
"08/04/2019";"09:14:00";"45";"com vítima";"90,68";"BR-050/MG";"Norte";"Tombamento";0;0;1;0;0;0;0;0;0;0;0;1;0;0;0
"08/04/2019";"11:44:00";"74";"sem vítima";"135,78";"BR-050/MG";"Norte";"Saida de Pista";1;0;0;0;0;0;0;0;0;0;1;0;0;0;0
"08/04/2019";"17:00:00";"121";"com vítima";"266";"BR-050/GO";"Norte";"Colisão Traseira";1;0;0;0;0;0;0;0;0;1;1;1;0;0;0
"08/04/2019";"20:38:00";"155";"com vítima";"179,1";"BR-050/MG";"Norte";"Queda de Moto";0;0;0;1;0;0;0;0;0;0;0;1;0;0;0
"08/04/2019";"21:14:00";"163";"sem vítima";"62";"BR-050/MG";"Norte";"Colisão Traseira";1;0;0;0;0;0;0;0;0;1;4;0;0;0;0
"09/04/2019";"07:13:00";"32";"com vítima";"174,9";"BR-050/MG";"Sul";"Colisão Traseira";0;1;1;0;0;0;0;0;0;0;1;0;1;0;0
"09/04/2019";"14:24:00";"117";"sem vítima";"129,5";"BR-050/MG";"Norte";"Choque - Suporte de Sinalização";1;0;0;0;0;0;0;0;0;0;1;0;0;0;0
"11/04/2019";"07:09:00";"24";"sem vítima";"30,2";"BR-050/MG";"Norte";"Capotamento";1;0;0;0;0;0;0;0;0;0;1;0;0;0;0
"11/04/2019";"15:00:00";"107";"com vítima";"191,75";"BR-050/GO";"Sul";"Choque - Elemento de Drenagem";0;0;1;0;0;0;0;0;0;0;0;1;0;0;0
"11/04/2019";"21:35:00";"174";"sem vítima";"170,7";"BR-050/MG";"Norte";"Colisão Traseira";0;0;2;0;0;0;0;0;0;0;2;0;0;0;0
"12/04/2019";"06:18:00";"26";"com vítima";"81";"BR-050/MG";"Norte";"Atropelamento de Animal";0;0;0;1;0;0;0;0;0;0;0;1;0;0;0
"12/04/2019";"07:02:00";"31";"com vítima";"15";"CT-UDI-MG";"Sul";"Tombamento";0;0;1;0;0;0;0;0;0;0;0;1;0;0;0
"12/04/2019";"15:28:00";"125";"sem vítima";"230,25";"BR-050/GO";"Norte";"Capotamento";1;0;0;0;0;0;0;0;0;0;1;0;0;0;0
"12/04/2019";"21:21:00";"182";"com vítima";"168,5";"BR-050/MG";"Sul";"Choque - Talude";0;0;0;0;0;0;0;0;0;1;0;0;1;0;0
"12/04/2019";"23:10:00";"195";"com vítima";"18";"CT-UDI-MG";"Norte";"Capotamento";1;0;0;0;0;0;0;0;0;0;0;0;3;0;0
"12/04/2019";"23:17:00";"196";"com vítima";"174,3";"BR-050/MG";"Norte";"Colisão Traseira";0;0;0;1;0;1;0;0;0;0;1;1;0;0;0
"13/04/2019";"01:24:00";"11";"sem vítima";"268";"BR-050/GO";"Sul";"Queda de Ciclista";0;0;0;1;0;0;0;0;0;0;2;0;0;0;0
"13/04/2019";"05:00:00";"21";"sem vítima";"255";"BR-050/GO";"Norte";"Choque - Elemento de Drenagem";1;0;0;0;0;0;0;0;0;0;1;0;0;0;0
"13/04/2019";"05:21:00";"22";"com vítima";"234,9";"BR-050/GO";"Norte";"Choque - Elemento de Drenagem";0;0;1;0;0;0;0;0;0;0;0;0;1;0;0
"13/04/2019";"06:12:00";"25";"sem vítima";"202,75";"BR-050/MG";"Sul";"Choque - Defensa, barreira ou meio fio";1;0;0;0;0;0;0;0;0;0;5;0;0;0;0
"13/04/2019";"18:42:00";"145";"sem vítima";"124,05";"BR-050/MG";"Norte";"Colisão Traseira";0;0;0;0;0;0;0;0;0;2;4;0;0;0;0
"15/04/2019";"17:11:00";"117";"com vítima";"235,85";"BR-050/GO";"Norte";"Capotamento";1;0;0;0;0;0;0;0;0;0;0;1;0;0;0
"15/04/2019";"18:53:00";"134";"sem vítima";"278";"BR-050/GO";"Norte";"Choque - Defensa, barreira ou meio fio";0;0;0;0;0;1;0;0;0;1;2;0;0;0;0
"16/04/2019";"05:37:00";"21";"sem vítima";"300";"BR-050/GO";"Sul";"Saida de Pista";1;0;0;0;0;0;0;0;0;0;2;0;0;0;0
"16/04/2019";"23:41:00";"176";"sem vítima";"56,15";"BR-050/MG";"Norte";"Saida de Pista";0;0;1;0;0;0;0;0;0;0;1;0;0;0;0
"17/04/2019";"11:27:00";"85";"sem vítima";"172,9";"BR-050/GO";"Norte";"Saida de Pista";1;0;0;0;0;0;0;0;0;0;5;0;0;0;0
"17/04/2019";"15:44:00";"127";"sem vítima";"54,1";"BR-050/MG";"Sul";"Choque - Defensa, barreira ou meio fio";0;0;0;0;0;0;0;0;0;1;1;0;0;0;0
"17/04/2019";"15:44:00";"129";"sem vítima";"54,3";"BR-050/MG";"Sul";"Choque - Defensa, barreira ou meio fio";0;0;0;0;0;0;0;0;0;1;1;0;0;0;0
"18/04/2019";"05:14:00";"25";"sem vítima";"258,68";"BR-050/GO";"Norte";"Tombamento";0;0;1;0;0;0;0;0;0;0;2;0;0;0;0
"18/04/2019";"11:18:00";"99";"com vítima";"115,69";"BR-050/GO";"Sul";"Capotamento";1;0;0;0;0;0;0;0;0;0;0;1;0;0;0
"18/04/2019";"20:10:00";"183";"com vítima";"6,35";"BR-050/MG";"Sul";"Capotamento";1;0;0;0;0;0;0;0;0;0;0;0;1;0;0
"19/04/2019";"06:14:00";"20";"com vítima";"106,2";"BR-050/MG";"Norte";"Colisão Traseira";0;0;2;0;0;0;0;0;0;0;0;2;0;0;0
"19/04/2019";"10:10:00";"49";"com vítima";"245,3";"BR-050/GO";"Norte";"Choque - Arvore";0;0;0;0;0;0;0;0;0;1;0;1;0;0;0
"19/04/2019";"11:06:00";"59";"com vítima";"78,62";"BR-050/MG";"Sul";"Queda de Moto";0;0;0;1;0;0;0;0;0;0;0;1;0;0;0
"20/04/2019";"17:16:00";"86";"sem vítima";"174,3";"BR-050/MG";"Sul";"Colisão Traseira";1;0;0;0;0;0;0;0;0;1;6;0;0;0;0
"21/04/2019";"06:32:00";"22";"com vítima";"65,35";"BR-050/MG";"Sul";"Colisão Traseira";1;0;1;0;0;0;0;0;0;0;1;1;2;0;0
"21/04/2019";"15:58:00";"107";"com vítima";"51,6";"BR-050/MG";"Norte";"Colisão Traseira";2;0;0;0;0;0;0;0;0;0;4;0;1;0;0
"21/04/2019";"18:20:00";"137";"sem vítima";"21";"CT-UDI-MG";"Norte";"Colisão Traseira";1;0;0;0;0;0;0;0;0;1;3;0;0;0;0
"21/04/2019";"18:56:00";"140";"com vítima";"96,05";"BR-050/GO";"Norte";"Atropelamento - Pedestre";1;0;0;0;0;0;0;0;0;0;4;0;1;0;0
"22/04/2019";"01:26:00";"7";"com vítima";"48,7";"BR-050/MG";"Norte";"Queda de Moto";0;0;0;1;0;0;0;0;0;0;1;0;1;0;0
"22/04/2019";"10:13:00";"61";"sem vítima";"123,76";"BR-050/MG";"Sul";"Choque - Defensa, barreira ou meio fio";1;0;0;0;0;0;0;0;0;0;3;0;0;0;0
"22/04/2019";"12:03:00";"91";"sem vítima";"1,9";"BR-050/MG";"Sul";"Colisão Traseira";0;0;2;0;0;0;0;0;0;0;2;0;0;0;0
"23/04/2019";"06:05:00";"18";"com vítima";"166,15";"BR-050/GO";"Norte";"Capotamento";1;0;0;0;0;0;0;0;0;0;0;1;0;0;0
"23/04/2019";"08:10:00";"30";"sem vítima";"51,7";"BR-050/MG";"Norte";"Colisão Lateral";2;0;0;0;0;0;0;0;0;0;4;0;0;0;0
"23/04/2019";"23:17:00";"182";"com vítima";"130,7";"BR-050/MG";"Sul";"Choque - Defensa, barreira ou meio fio";1;0;0;0;0;0;0;0;0;0;0;1;0;0;0
"24/04/2019";"20:39:00";"168";"sem vítima";"89,7";"BR-050/MG";"Norte";"Colisão Traseira";2;0;0;0;0;0;0;0;0;0;5;0;0;0;0
"25/04/2019";"00:02:00";"1";"sem vítima";"52,2";"BR-050/MG";"Norte";"Colisão Lateral";0;0;2;0;0;0;0;0;0;0;2;0;0;0;0
"25/04/2019";"00:45:00";"5";"sem vítima";"194,55";"BR-050/GO";"Norte";"Tombamento";0;0;1;0;0;0;0;0;0;0;1;0;0;0;0
"25/04/2019";"15:08:00";"116";"sem vítima";"98,64";"BR-050/MG";"Norte";"Saida de Pista";0;0;1;0;0;0;0;0;0;0;1;0;0;0;0
"25/04/2019";"16:21:00";"132";"com vítima";"180,5";"BR-050/MG";"Norte";"Choque - Suporte de Sinalização";0;0;1;0;0;0;0;0;0;0;0;0;1;0;0
"26/04/2019";"04:12:00";"19";"com vítima";"119";"BR-050/MG";"Norte";"Colisão Traseira";0;0;2;0;0;0;0;0;0;0;1;1;0;0;0
"26/04/2019";"07:04:00";"31";"sem vítima";"177,4";"BR-050/MG";"Norte";"Engavetamento";6;0;0;0;0;0;0;0;0;0;20;0;0;0;0
"26/04/2019";"09:49:00";"64";"sem vítima";"177,5";"BR-050/MG";"Sul";"Choque - Poste";0;0;0;0;1;0;0;0;0;0;35;0;0;0;0
"26/04/2019";"10:07:00";"69";"com vítima";"161,3";"BR-050/MG";"Norte";"Capotamento";0;0;0;0;0;0;0;0;0;1;0;1;0;0;0
"26/04/2019";"10:07:00";"70";"com vítima";"177,5";"BR-050/MG";"Sul";"Saida de Pista";1;0;0;0;0;0;0;0;0;0;1;3;0;0;0
"26/04/2019";"10:09:00";"71";"com vítima";"177,5";"BR-050/MG";"Sul";"Colisão Lateral";0;0;0;1;0;0;0;0;0;1;1;1;0;0;0
"26/04/2019";"15:11:00";"119";"sem vítima";"248,42";"BR-050/GO";"Sul";"Choque - Elemento de Drenagem";0;0;0;0;0;0;0;0;0;1;1;0;0;0;0
"27/04/2019";"04:59:00";"22";"com vítima";"84";"BR-050/MG";"Norte";"Tombamento";0;0;1;0;0;0;0;0;0;0;0;0;1;0;0
"27/04/2019";"06:54:00";"37";"com vítima";"176";"BR-050/MG";"Sul";"Colisão Traseira";0;0;0;1;0;0;0;0;0;1;3;1;0;0;0
"27/04/2019";"12:56:00";"94";"com vítima";"57,17";"BR-050/MG";"Sul";"Queda de Moto";0;0;0;1;0;0;0;0;0;0;0;0;1;0;0
"27/04/2019";"12:59:00";"95";"sem vítima";"57,2";"BR-050/MG";"Norte";"Colisão Traseira";2;0;0;0;0;0;0;0;0;0;2;0;0;0;0
"27/04/2019";"16:01:00";"120";"sem vítima";"177,2";"BR-050/MG";"Norte";"Saida de Pista";1;0;0;0;0;0;0;0;0;0;1;0;0;0;0
"27/04/2019";"19:06:00";"148";"com vítima";"47,1";"BR-050/MG";"Norte";"Atropelamento de Animal";0;0;0;1;0;0;0;0;0;0;0;1;0;0;0
"27/04/2019";"20:12:00";"159";"sem vítima";"135,9";"BR-050/MG";"Sul";"Choque - Outros";1;0;1;0;0;0;0;0;0;0;2;0;0;0;0
"28/04/2019";"16:10:00";"88";"sem vítima";"280";"BR-050/GO";"Norte";"Colisão Lateral";1;0;0;0;0;0;0;0;0;1;5;0;0;0;0
"28/04/2019";"23:49:00";"142";"sem vítima";"3,9";"BR-050/MG";"Sul";"Choque - Defensa, barreira ou meio fio";1;0;0;0;0;0;0;0;0;0;1;0;0;0;0
"29/04/2019";"02:58:00";"12";"com vítima";"105,8";"BR-050/GO";"Norte";"Tombamento";0;0;1;0;0;0;0;0;0;0;0;1;1;0;0
"29/04/2019";"12:58:00";"86";"sem vítima";"165,3";"BR-050/MG";"Norte";"Colisão Lateral";1;0;1;0;0;1;0;0;0;0;4;0;0;0;0
"30/04/2019";"12:02:00";"83";"com vítima";"264,8";"BR-050/GO";"Sul";"Tombamento";0;0;2;0;0;1;0;0;0;0;2;1;0;0;0
"01/05/2019";"08:48:00";"43";"sem vítima";"46,37";"BR-050/MG";"Norte";"Choque - Defensa, barreira ou meio fio";1;0;0;0;0;0;0;0;0;0;2;0;0;0;0
"02/05/2019";"03:27:00";"5";"com vítima";"148,45";"BR-050/GO";"Sul";"Capotamento";1;0;0;0;0;0;0;0;0;0;1;0;1;0;0
"02/05/2019";"07:22:00";"16";"sem vítima";"174,9";"BR-050/MG";"Sul";"Colisão Lateral";0;0;1;0;1;0;0;0;0;0;3;0;0;0;0
"02/05/2019";"12:37:00";"83";"com vítima";"65,3";"BR-050/MG";"Norte";"Colisão Transversal";1;0;0;1;0;0;0;0;0;0;4;0;1;0;0
"02/05/2019";"14:57:00";"103";"com vítima";"15";"CT-UDI-MG";"Sul";"Choque - Defensa, barreira ou meio fio";1;0;0;0;0;0;0;0;0;0;0;0;1;0;0
"02/05/2019";"20:49:00";"143";"sem vítima";"161,75";"BR-050/GO";"Sul";"Choque - Elemento de Drenagem";0;0;0;0;0;0;0;0;0;1;2;0;0;0;0
"03/05/2019";"00:18:00";"1";"sem vítima";"253,95";"BR-050/GO";"Sul";"Choque - Elemento de Drenagem";0;0;0;0;0;0;0;0;0;1;1;0;0;0;0
"04/05/2019";"03:25:00";"16";"sem vítima";"58,22";"BR-050/MG";"Norte";"Choque - Obstáculo Fixo";1;0;0;0;0;0;0;0;0;0;1;0;0;0;0
"04/05/2019";"07:28:00";"34";"com vítima";"174,1";"BR-050/MG";"Sul";"Choque - Defensa, barreira ou meio fio";1;0;0;0;0;0;0;0;0;0;0;1;0;0;0
"04/05/2019";"17:32:00";"116";"sem vítima";"3,8";"BR-050/MG";"Sul";"Choque - Elemento de Drenagem";0;0;0;0;0;0;0;0;0;1;1;0;0;0;0
"05/05/2019";"01:16:00";"6";"sem vítima";"133,1";"BR-050/GO";"Sul";"Choque - Obstáculo Fixo";1;0;0;0;0;0;0;0;0;0;3;0;0;0;0
"05/05/2019";"12:31:00";"65";"sem vítima";"29,5";"BR-050/MG";"Norte";"Choque - Defensa, barreira ou meio fio";1;0;0;0;0;0;0;0;0;0;2;0;0;0;0
"05/05/2019";"22:22:00";"139";"com vítima";"127,4";"BR-050/MG";"Norte";"Colisão Traseira";0;0;2;0;0;0;0;0;0;0;1;0;1;0;0
"07/05/2019";"10:20:00";"77";"com vítima";"39,2";"BR-050/MG";"Norte";"Capotamento";1;0;0;0;0;1;0;0;0;0;1;2;0;0;0
"07/05/2019";"10:25:00";"79";"sem vítima";"250,8";"BR-050/GO";"Norte";"Colisão Lateral";1;0;1;0;0;0;0;0;0;0;3;0;0;0;0
"07/05/2019";"11:52:00";"102";"com vítima";"280,6";"BR-050/GO";"Sul";"Colisão Transversal";0;0;0;1;0;1;0;0;0;0;1;0;1;0;0
"07/05/2019";"19:21:00";"196";"sem vítima";"95,7";"BR-050/GO";"Sul";"Colisão Lateral";1;0;1;0;0;0;0;0;0;0;4;0;0;0;0
"08/05/2019";"08:17:00";"34";"sem vítima";"15";"CT-UDI-MG";"Norte";"Tombamento";0;0;1;0;0;0;0;0;0;0;1;0;0;0;0
"08/05/2019";"09:31:00";"54";"sem vítima";"163,2";"BR-050/GO";"Sul";"Tombamento";0;0;1;0;0;0;0;0;0;0;1;0;0;0;0
"09/05/2019";"12:28:00";"105";"sem vítima";"51";"BR-050/MG";"Sul";"Engavetamento";2;0;1;0;0;0;0;0;0;1;7;0;0;0;0
"09/05/2019";"16:37:00";"153";"sem vítima";"51";"BR-050/MG";"Sul";"Colisão Traseira";0;0;2;0;0;0;0;0;0;0;2;0;0;0;0
"09/05/2019";"18:29:00";"171";"com vítima";"37,1";"BR-050/MG";"Norte";"Colisão Traseira";1;0;1;0;0;0;0;0;0;0;1;1;0;0;0
"09/05/2019";"18:42:00";"172";"com vítima";"270";"BR-050/GO";"Sul";"Queda de Moto";0;0;0;1;0;0;0;0;0;0;0;2;0;0;0
"10/05/2019";"00:52:00";"7";"sem vítima";"192";"BR-050/GO";"Norte";"Saida de Pista";1;0;0;0;0;0;0;0;0;0;1;0;0;0;0
"10/05/2019";"00:58:00";"8";"sem vítima";"171,8";"BR-050/MG";"Norte";"Choque - Defensa, barreira ou meio fio";1;0;0;0;0;0;0;0;0;0;1;0;0;0;0
"10/05/2019";"12:19:00";"95";"com vítima";"84,85";"BR-050/MG";"Sul";"Colisão Traseira";0;0;1;1;0;0;0;0;0;0;2;1;0;0;0
"10/05/2019";"21:59:00";"188";"sem vítima";"179";"BR-050/MG";"Norte";"Tombamento";0;0;1;0;0;0;0;0;0;0;1;0;0;0;0
"11/05/2019";"10:35:00";"76";"sem vítima";"39,5";"BR-050/MG";"Sul";"Choque - Poste";1;0;0;0;0;0;0;0;0;0;2;0;0;0;0
"11/05/2019";"18:55:00";"133";"com vítima";"54,7";"BR-050/MG";"Sul";"Capotamento";1;0;0;0;0;0;0;0;0;0;0;3;1;0;0
"11/05/2019";"19:41:00";"140";"com vítima";"270,5";"BR-050/GO";"Sul";"Queda de Moto";0;0;0;1;0;0;0;0;0;0;0;1;0;0;0
"11/05/2019";"22:20:00";"158";"sem vítima";"119,5";"BR-050/MG";"Norte";"Atropelamento de Animal";0;0;0;0;0;0;0;0;0;1;4;0;0;0;0
"12/05/2019";"05:17:00";"29";"sem vítima";"105,1";"BR-050/GO";"Sul";"Saida de Pista";1;0;0;0;0;0;0;0;0;0;2;0;0;0;0
"13/05/2019";"03:01:00";"12";"com vítima";"117,95";"BR-050/MG";"Norte";"Colisão Traseira";0;0;2;0;0;1;0;0;0;0;2;1;0;0;0
"13/05/2019";"06:17:00";"21";"com vítima";"81,92";"BR-050/MG";"Norte";"Colisão Traseira";0;0;2;0;0;0;0;0;0;0;1;1;0;0;0
"13/05/2019";"07:01:00";"28";"com vítima";"281";"BR-050/GO";"Sul";"Colisão Lateral";0;0;0;1;0;0;0;0;0;1;1;1;0;0;0
"13/05/2019";"17:51:00";"126";"sem vítima";"228";"BR-050/GO";"Sul";"Choque - Elemento de Drenagem";1;0;0;0;0;0;0;0;0;0;5;0;0;0;0
"13/05/2019";"18:54:00";"136";"sem vítima";"13,73";"BR-050/MG";"Norte";"Colisão Traseira";0;0;2;0;0;0;0;0;0;0;2;0;0;0;0
"14/05/2019";"11:31:00";"77";"sem vítima";"32";"BR-050/MG";"Sul";"Colisão Traseira";0;0;1;0;0;0;0;0;0;1;2;0;0;0;0
"14/05/2019";"14:42:00";"107";"sem vítima";"13";"BR-050/MG";"Norte";"Choque - Obstáculo Fixo";0;0;0;0;0;0;0;0;0;1;2;0;0;0;0
"14/05/2019";"18:54:00";"144";"com vítima";"194,1";"BR-050/MG";"Sul";"Choque - Outros";0;0;0;1;0;0;0;0;0;0;0;1;0;0;0
"14/05/2019";"21:48:00";"177";"sem vítima";"100,2";"BR-050/MG";"Norte";"Colisão Transversal";1;0;1;0;0;0;0;0;0;0;2;0;0;0;0
"16/05/2019";"18:15:00";"160";"com vítima";"148,199";"BR-050/MG";"Sul";"Choque - Arvore";0;0;1;0;0;0;0;0;0;0;0;1;1;0;0
"16/05/2019";"20:13:00";"177";"sem vítima";"178,1";"BR-050/MG";"Norte";"Choque - Defensa, barreira ou meio fio";1;0;0;0;0;0;0;0;0;0;1;0;0;0;0
"17/05/2019";"11:27:00";"75";"sem vítima";"29,9";"BR-050/MG";"Sul";"Saida de Pista";1;0;0;0;0;0;0;0;0;0;2;0;0;0;0
"17/05/2019";"18:16:00";"140";"sem vítima";"158,7";"BR-050/MG";"Norte";"Saida de Pista";1;0;0;0;0;0;0;0;0;0;2;0;0;0;0
"17/05/2019";"18:49:00";"145";"sem vítima";"185";"BR-050/MG";"Norte";"Colisão Traseira";0;0;0;0;0;1;0;0;0;1;2;0;0;0;0
"17/05/2019";"23:35:00";"172";"com vítima";"127,2";"BR-050/MG";"Norte";"Colisão Transversal";1;0;0;0;0;1;0;0;0;0;1;2;0;0;0
"21/05/2019";"07:19:00";"36";"sem vítima";"13,7";"BR-050/MG";"Norte";"Colisão Traseira";0;0;2;0;0;0;0;0;0;0;2;0;0;0;0
"22/05/2019";"06:57:00";"23";"sem vítima";"312,552";"BR-050/GO";"Norte";"Choque - Talude";1;0;0;0;0;0;0;0;0;0;1;0;0;0;0
"22/05/2019";"13:12:00";"94";"sem vítima";"170,01";"BR-050/MG";"Norte";"Choque - Defensa, barreira ou meio fio";0;0;1;0;0;0;0;0;0;0;1;0;0;0;0
"22/05/2019";"18:08:00";"153";"com vítima";"77,3";"BR-050/MG";"Norte";"Colisão Traseira";1;0;0;1;0;0;0;0;0;0;1;1;0;0;0
"23/05/2019";"06:26:00";"14";"sem vítima";"46,5";"BR-050/MG";"Sul";"Choque - Defensa, barreira ou meio fio";1;0;0;0;0;0;0;0;0;0;4;0;0;0;0
"24/05/2019";"08:37:00";"50";"com vítima";"273,4";"BR-050/GO";"Norte";"Tombamento";0;0;1;0;0;0;0;0;0;1;2;2;0;0;0
"24/05/2019";"13:46:00";"119";"com vítima";"174,4";"BR-050/MG";"Norte";"Colisão Lateral";0;0;0;1;0;0;0;0;0;1;1;2;0;0;0
"24/05/2019";"18:42:00";"166";"com vítima";"58";"BR-050/MG";"Sul";"Queda de Moto";0;0;0;1;0;0;0;0;0;0;0;1;0;0;0
"24/05/2019";"22:14:00";"191";"sem vítima";"175,25";"BR-050/MG";"Norte";"Choque - Defensa, barreira ou meio fio";1;0;0;0;0;0;0;0;0;0;1;0;0;0;0
"25/05/2019";"04:01:00";"9";"sem vítima";"151,6";"BR-050/MG";"Sul";"Tombamento";0;0;1;0;0;0;0;0;0;0;1;0;0;0;0
"25/05/2019";"05:41:00";"18";"sem vítima";"201,16";"BR-050/GO";"Sul";"Saida de Pista";0;0;0;0;0;0;0;0;0;1;1;0;0;0;0
"25/05/2019";"05:48:00";"19";"sem vítima";"122,5";"BR-050/GO";"Sul";"Saida de Pista";0;0;0;0;0;0;0;0;0;1;1;0;0;0;0
"25/05/2019";"06:43:00";"21";"sem vítima";"99";"BR-050/GO";"Sul";"Colisão Traseira";0;0;1;1;0;0;0;0;0;0;2;0;0;0;0