data;horario;n_da_ocorrencia;tipo_de_ocorrencia;km;trecho;sentido;tipo_de_acidente;automovel;bicicleta;caminhao;moto;onibus;outros;tracao_animal;transporte_de_cargas_especiais;trator_maquinas;utilitarios;ilesos;levemente_feridos;moderadamente_feridos;gravemente_feridos;mortos
"16/09/2019";"05:19:00";"19";"com vítima";"11";"CT-UDI-MG";"Norte";"Atropelamento de Animal";1;0;0;0;0;0;0;0;0;0;2;1;0;0;0
"16/09/2019";"15:31:00";"98";"com vítima";"157,1";"BR-050/MG";"Sul";"Colisão Traseira";1;0;0;0;0;1;0;0;0;0;2;1;0;0;0
"17/09/2019";"06:58:00";"27";"com vítima";"262,5";"BR-050/GO";"Norte";"Colisão Traseira";1;0;2;0;0;0;0;0;0;0;1;2;0;0;0
"17/09/2019";"18:31:00";"160";"sem vítima";"0,95";"CT-UDI-MG";"Sul";"Colisão Traseira";1;0;0;0;0;1;0;0;0;0;3;0;0;0;0
"18/09/2019";"14:38:00";"90";"com vítima";"173,95";"BR-050/MG";"Norte";"Queda de Moto";0;0;0;1;0;0;0;0;0;0;0;2;0;0;0
"20/09/2019";"13:43:00";"108";"com vítima";"107,62";"BR-050/MG";"Norte";"Capotamento";0;0;1;0;0;0;0;0;0;0;0;1;0;0;0
"20/09/2019";"16:47:00";"153";"sem vítima";"97,8";"BR-050/GO";"Sul";"Colisão Transversal";2;0;0;0;0;0;0;0;0;0;3;0;0;0;0
"20/09/2019";"17:52:00";"173";"sem vítima";"176,5";"BR-050/MG";"Sul";"Colisão Lateral";2;0;0;0;0;0;0;0;0;0;3;0;0;0;0
"20/09/2019";"18:31:00";"179";"sem vítima";"180";"BR-050/MG";"Norte";"Colisão Traseira";1;0;1;0;0;0;0;0;0;0;3;0;0;0;0
"21/09/2019";"08:13:00";"46";"com vítima";"8,33";"CT-UDI-MG";"Sul";"Queda de Ciclista";0;1;0;0;0;0;0;0;0;0;0;0;1;0;0
"22/09/2019";"15:40:00";"84";"com vítima";"80";"BR-050/MG";"Sul";"Capotamento";1;0;0;0;0;0;0;0;0;0;2;0;0;1;0
"22/09/2019";"16:34:00";"95";"com vítima";"293,53";"BR-050/GO";"Norte";"Colisão Traseira";0;0;0;1;0;1;0;0;0;0;1;1;0;0;0
"22/09/2019";"16:44:00";"100";"sem vítima";"196,25";"BR-050/GO";"Norte";"Saida de Pista";0;0;1;0;0;0;0;0;0;0;1;0;0;0;0
"22/09/2019";"20:10:00";"134";"sem vítima";"29";"BR-050/MG";"Norte";"Choque - Defensa, barreira ou meio fio";0;0;0;0;0;0;0;0;0;1;2;0;0;0;0
"22/09/2019";"20:18:00";"136";"com vítima";"101,3";"BR-050/GO";"Sul";"Capotamento";1;0;0;0;0;0;0;0;0;0;0;2;1;0;0
"22/09/2019";"20:49:00";"142";"sem vítima";"29";"BR-050/MG";"Norte";"Queda de Moto";0;0;0;1;0;0;0;0;0;0;1;0;0;0;0
"23/09/2019";"13:17:00";"81";"sem vítima";"20,08";"BR-050/MG";"Norte";"Saida de Pista";0;0;0;0;0;0;0;0;0;1;1;0;0;0;0
"23/09/2019";"13:47:00";"88";"com vítima";"261,115";"BR-050/GO";"Norte";"Choque - Suporte de Sinalização";0;0;0;0;0;0;0;0;0;1;0;1;0;0;0
"23/09/2019";"18:37:00";"141";"sem vítima";"171,8";"BR-050/MG";"Norte";"Tombamento";0;0;1;0;0;0;0;0;0;0;1;0;0;0;0
"23/09/2019";"19:04:00";"146";"sem vítima";"59,2";"BR-050/MG";"Norte";"Colisão Lateral";1;0;0;0;0;1;0;0;0;0;2;0;0;0;0
"23/09/2019";"21:49:00";"163";"com vítima";"43,4";"BR-050/MG";"Norte";"Colisão Lateral";0;0;2;0;0;0;0;0;0;0;1;0;1;0;0
"23/09/2019";"22:57:00";"168";"sem vítima";"9,8";"BR-050/MG";"Norte";"Choque - Elemento de Drenagem";0;0;0;0;0;0;0;0;0;1;1;0;0;0;0
"24/09/2019";"13:15:00";"82";"com vítima";"57,55";"BR-050/MG";"Sul";"Colisão Traseira";0;0;2;0;0;0;0;0;0;0;1;1;0;0;0
"24/09/2019";"17:29:00";"122";"com vítima";"195";"BR-050/MG";"Sul";"Colisão Traseira";0;0;1;0;0;0;0;0;0;1;7;1;0;0;0
"24/09/2019";"20:53:00";"149";"sem vítima";"132,05";"BR-050/MG";"Sul";"Choque - Talude";0;0;1;0;0;0;0;0;0;0;1;0;0;0;0
"25/09/2019";"00:02:00";"1";"com vítima";"170";"BR-050/MG";"Sul";"Colisão Traseira";0;0;2;0;0;0;0;0;0;0;1;1;0;0;0
"25/09/2019";"05:24:00";"30";"com vítima";"55,51";"BR-050/MG";"Norte";"Colisão Lateral";0;0;1;1;0;0;0;0;0;0;1;2;0;0;0
"25/09/2019";"08:19:00";"53";"sem vítima";"29,74";"BR-050/MG";"Norte";"Choque - Defensa, barreira ou meio fio";1;0;0;0;0;0;0;0;0;0;1;0;0;0;0
"25/09/2019";"11:08:00";"81";"com vítima";"29,75";"BR-050/MG";"Norte";"Choque - Defensa, barreira ou meio fio";1;0;0;0;0;0;0;0;0;0;1;1;0;0;0
"25/09/2019";"17:41:00";"147";"sem vítima";"116,5";"BR-050/MG";"Sul";"Choque - Defensa, barreira ou meio fio";1;0;0;0;0;0;0;0;0;0;3;0;0;0;0
"25/09/2019";"18:50:00";"157";"sem vítima";"312,8";"BR-050/GO";"Sul";"Colisão Lateral";0;0;1;0;0;0;0;0;0;1;2;0;0;0;0
"26/09/2019";"06:23:00";"23";"sem vítima";"170,2";"BR-050/GO";"Norte";"Saida de Pista";0;0;1;0;0;0;0;0;0;0;2;0;0;0;0
"26/09/2019";"14:17:00";"103";"com vítima";"193,1";"BR-050/MG";"Sul";"Colisão Traseira";0;0;2;0;0;0;0;0;0;0;1;0;1;0;0
"26/09/2019";"22:33:00";"177";"com vítima";"95,7";"BR-050/GO";"Sul";"Queda de Moto";0;0;0;1;0;0;0;0;0;0;0;1;0;0;0
"28/09/2019";"02:45:00";"15";"sem vítima";"244,3";"BR-050/GO";"Sul";"Choque - Defensa, barreira ou meio fio";1;0;0;0;0;0;0;0;0;0;2;0;0;0;0
"28/09/2019";"16:24:00";"91";"com vítima";"178,19";"BR-050/MG";"Sul";"Choque - Objeto sobre a pista";0;0;0;1;0;0;0;0;0;0;0;1;0;0;0
"29/09/2019";"03:42:00";"23";"sem vítima";"154,3";"BR-050/MG";"Norte";"Choque - Arvore";0;0;0;1;0;0;0;0;0;0;1;0;0;0;0
"29/09/2019";"09:01:00";"42";"com vítima";"102,7";"BR-050/GO";"Norte";"Tombamento";1;0;0;0;0;0;0;0;0;0;0;1;0;0;0
"29/09/2019";"15:28:00";"81";"com vítima";"188,5";"BR-050/MG";"Norte";"Queda de Moto";0;0;0;1;0;0;0;0;0;0;0;1;0;0;0
"29/09/2019";"20:25:00";"130";"sem vítima";"143,5";"BR-050/MG";"Sul";"Saida de Pista";1;0;0;0;0;0;0;0;0;0;5;0;0;0;0
"30/09/2019";"04:18:00";"14";"sem vítima";"296,3";"BR-050/GO";"Norte";"Saida de Pista";1;0;0;0;0;0;0;0;0;0;1;0;0;0;0
"30/09/2019";"11:56:00";"64";"com vítima";"268,4";"BR-050/GO";"Sul";"Tombamento";1;0;0;0;0;0;0;0;0;0;0;1;0;0;0
"30/09/2019";"15:38:00";"100";"com vítima";"268";"BR-050/GO";"Sul";"Capotamento";1;0;0;0;0;0;0;0;0;0;0;1;0;0;0
"30/09/2019";"16:54:00";"122";"com vítima";"280";"BR-050/GO";"Sul";"Atropelamento - Ciclista";0;1;0;0;0;0;0;0;0;1;1;1;0;0;0
"01/10/2019";"19:24:00";"158";"sem vítima";"178,9";"BR-050/MG";"Sul";"Saida de Pista";1;0;0;0;0;0;0;0;0;0;2;0;0;0;0
"01/10/2019";"20:19:00";"172";"sem vítima";"41";"BR-050/MG";"Norte";"Choque - Defensa, barreira ou meio fio";1;0;0;0;0;0;0;0;0;0;1;0;0;0;0
"02/10/2019";"07:26:00";"39";"com vítima";"282,4";"BR-050/GO";"Sul";"Atropelamento de Animal";0;0;0;1;0;0;0;0;0;0;0;1;0;0;0
"02/10/2019";"09:25:00";"61";"com vítima";"281";"BR-050/GO";"Norte";"Colisão Transversal";2;0;0;0;0;0;0;0;0;0;2;1;0;0;0
"02/10/2019";"10:14:00";"67";"com vítima";"183,5";"BR-050/MG";"Norte";"Colisão Frontal";1;0;0;0;0;0;0;0;0;1;0;0;1;1;0
"02/10/2019";"16:44:00";"127";"com vítima";"251,1";"BR-050/GO";"Norte";"Capotamento";1;0;0;0;0;0;0;0;0;0;0;0;1;0;0
"03/10/2019";"13:41:00";"125";"com vítima";"98,88";"BR-050/MG";"Norte";"Tombamento";0;0;1;0;0;0;0;0;0;0;1;0;0;0;1
"03/10/2019";"16:08:00";"144";"com vítima";"114,68";"BR-050/MG";"Sul";"Capotamento";1;0;0;0;0;0;0;0;0;0;0;2;0;0;0
"04/10/2019";"11:07:00";"68";"com vítima";"96,3";"BR-050/GO";"Sul";"Colisão Lateral";2;0;0;0;0;0;0;0;0;0;1;3;0;0;0
"04/10/2019";"14:48:00";"107";"com vítima";"28,1";"BR-050/MG";"Norte";"Choque - Defensa, barreira ou meio fio";1;0;0;0;0;0;0;0;0;0;0;1;0;0;0
"04/10/2019";"19:43:00";"177";"com vítima";"119";"BR-050/MG";"Norte";"Colisão Traseira";0;0;2;0;0;0;0;0;0;0;1;0;0;1;0
"05/10/2019";"03:02:00";"19";"sem vítima";"98,5";"BR-050/MG";"Norte";"Choque - Defensa, barreira ou meio fio";1;0;0;0;0;0;0;0;0;0;1;0;0;0;0
"05/10/2019";"03:35:00";"21";"sem vítima";"62";"BR-050/MG";"Sul";"Queda de Moto";0;0;0;1;0;0;0;0;0;0;2;0;0;0;0
"06/10/2019";"03:22:00";"7";"com vítima";"179,7";"BR-050/MG";"Norte";"Queda de Moto";0;0;0;1;0;0;0;0;0;0;0;0;1;0;0
"06/10/2019";"04:02:00";"12";"com vítima";"41";"BR-050/MG";"Norte";"Atropelamento de Animal";0;0;0;1;0;0;0;0;0;0;0;0;1;0;0
"06/10/2019";"20:50:00";"161";"sem vítima";"137,9";"BR-050/MG";"Sul";"Choque - Elemento de Drenagem";0;0;1;0;0;0;0;0;0;0;1;0;0;0;0
"06/10/2019";"21:49:00";"167";"sem vítima";"186";"BR-050/MG";"Norte";"Colisão Traseira";1;0;0;0;0;0;0;0;0;1;3;0;0;0;0
"07/10/2019";"02:14:00";"14";"com vítima";"81";"BR-050/MG";"Norte";"Colisão Traseira";1;0;0;0;0;0;0;0;0;0;0;0;1;0;0
"07/10/2019";"03:19:00";"16";"com vítima";"78";"BR-050/MG";"Norte";"Colisão Lateral";0;0;1;0;0;0;0;0;0;1;3;0;1;2;0
"07/10/2019";"04:35:00";"20";"com vítima";"158,33";"BR-050/GO";"Norte";"Tombamento";0;0;1;0;0;0;0;0;0;0;0;1;0;0;0
"07/10/2019";"06:25:00";"22";"sem vítima";"26,4";"BR-050/MG";"Sul";"Choque - Elemento de Drenagem";1;0;0;0;0;0;0;0;0;0;1;0;0;0;0
"07/10/2019";"17:21:00";"145";"com vítima";"233,501";"BR-050/GO";"Sul";"Capotamento";1;0;0;0;0;0;0;0;0;0;0;1;0;0;0
"07/10/2019";"23:37:00";"196";"com vítima";"180";"BR-050/MG";"Norte";"Colisão Lateral";1;0;0;0;0;0;0;0;0;1;1;1;1;0;0
"08/10/2019";"00:59:00";"4";"sem vítima";"153,5";"BR-050/MG";"Norte";"Colisão Traseira";0;0;0;0;0;1;0;0;0;1;2;0;0;0;0
"08/10/2019";"08:07:00";"30";"sem vítima";"167,2";"BR-050/MG";"Norte";"Saida de Pista";1;0;0;0;0;0;0;0;0;0;1;0;0;0;0
"10/10/2019";"01:29:00";"10";"com vítima";"263,5";"BR-050/GO";"Norte";"Choque - Elemento de Drenagem";0;0;0;1;0;0;0;0;0;0;0;0;1;0;0
"10/10/2019";"06:12:00";"24";"com vítima";"177,08";"BR-050/MG";"Sul";"Queda de Moto";0;0;0;1;0;0;0;0;0;0;0;2;0;0;0
"10/10/2019";"13:58:00";"95";"com vítima";"193,221";"BR-050/GO";"Norte";"Choque - Arvore";0;0;1;0;0;0;0;0;0;0;0;1;0;0;0
"10/10/2019";"21:19:00";"159";"sem vítima";"120,4";"BR-050/GO";"Sul";"Queda de Moto";0;0;0;1;0;0;0;0;0;0;1;0;0;0;0
"10/10/2019";"21:52:00";"163";"com vítima";"21";"CT-UDI-MG";"Norte";"Queda de Moto";1;0;0;0;0;0;0;0;0;0;0;1;0;0;0
"11/10/2019";"00:37:00";"5";"com vítima";"280,6";"BR-050/GO";"Sul";"Tombamento";1;0;0;0;0;0;0;0;0;0;0;2;0;0;0
"11/10/2019";"08:22:00";"54";"com vítima";"146,439";"BR-050/GO";"Norte";"Capotamento";1;0;0;0;0;0;0;0;0;0;0;3;1;0;0
"11/10/2019";"12:00:00";"92";"com vítima";"45";"BR-050/MG";"Sul";"Colisão Traseira";1;0;1;0;0;0;0;0;0;0;3;2;0;0;0
"11/10/2019";"14:31:00";"116";"sem vítima";"169,4";"BR-050/MG";"Sul";"Engavetamento";0;0;3;0;0;0;0;0;0;0;4;0;0;0;0
"11/10/2019";"20:32:00";"175";"com vítima";"117,8";"BR-050/MG";"Norte";"Colisão Traseira";1;0;1;0;0;0;0;0;0;0;1;0;0;1;0
"12/10/2019";"01:37:00";"13";"com vítima";"151,75";"BR-050/MG";"Sul";"Colisão Traseira";0;0;2;0;0;0;0;0;0;0;1;1;0;0;0
"12/10/2019";"08:55:00";"64";"com vítima";"16,94";"BR-050/MG";"Norte";"Tombamento";0;0;1;0;0;0;0;0;0;0;0;1;0;0;0
"12/10/2019";"15:30:00";"121";"sem vítima";"222,8";"BR-050/GO";"Sul";"Saida de Pista";0;0;1;0;0;0;0;0;0;0;1;0;0;0;0
"12/10/2019";"21:17:00";"167";"sem vítima";"77,3";"BR-050/MG";"Sul";"Choque - Obstáculo Fixo";1;0;0;0;0;0;0;0;0;0;2;0;0;0;0
"12/10/2019";"23:12:00";"182";"sem vítima";"27,6";"BR-050/MG";"Sul";"Choque - Elemento de Drenagem";0;0;1;0;0;0;0;0;0;0;1;0;0;0;0
"13/10/2019";"07:12:00";"27";"sem vítima";"206,65";"BR-050/MG";"Norte";"Colisão Traseira";1;0;0;0;0;0;0;0;0;1;7;0;0;0;0
"13/10/2019";"09:03:00";"38";"com vítima";"147,78";"BR-050/MG";"Norte";"Capotamento";1;0;0;0;0;0;0;0;0;0;0;2;0;0;0
"13/10/2019";"18:54:00";"127";"com vítima";"101,15";"BR-050/GO";"Norte";"Colisão Traseira";2;0;0;1;0;0;0;0;0;0;3;1;0;0;1
"13/10/2019";"19:59:00";"139";"com vítima";"280,6";"BR-050/GO";"Sul";"Colisão Transversal";1;0;1;0;0;0;0;0;0;0;3;1;0;0;0
"13/10/2019";"22:29:00";"164";"com vítima";"134";"BR-050/MG";"Norte";"Colisão Traseira";1;0;1;0;0;0;0;0;0;0;3;0;0;2;1
"14/10/2019";"13:43:00";"76";"com vítima";"107,76";"BR-050/MG";"Sul";"Capotamento";1;0;0;0;0;0;0;0;0;0;0;1;0;0;0
"14/10/2019";"17:11:00";"95";"com vítima";"79,32";"BR-050/MG";"Sul";"Queda de Moto";0;0;1;1;0;0;0;0;0;0;1;2;0;0;0
"15/10/2019";"01:57:00";"13";"sem vítima";"85,7";"BR-050/MG";"Norte";"Colisão Traseira";0;0;1;0;0;0;0;0;0;1;3;0;0;0;0
"15/10/2019";"11:21:00";"64";"com vítima";"34,2";"BR-050/MG";"Norte";"Colisão Traseira";1;0;0;1;0;0;0;0;0;0;1;2;0;0;0
"16/10/2019";"11:33:00";"91";"com vítima";"280";"BR-050/GO";"Norte";"Colisão Transversal";1;0;0;1;0;0;0;0;0;0;2;2;0;0;0
"16/10/2019";"16:03:00";"136";"sem vítima";"48,2";"BR-050/MG";"Sul";"Tombamento";0;0;1;0;0;0;0;0;0;0;3;0;0;0;0
"16/10/2019";"16:44:00";"144";"com vítima";"81";"BR-050/MG";"Sul";"Colisão Lateral";1;0;0;1;0;0;0;0;0;0;1;1;0;0;0
"16/10/2019";"17:11:00";"149";"com vítima";"168,98";"BR-050/MG";"Sul";"Colisão Traseira";1;0;1;0;0;0;0;0;0;0;1;2;0;0;0
"17/10/2019";"09:57:00";"57";"sem vítima";"290";"BR-050/GO";"Sul";"Saida de Pista";0;0;1;0;0;0;0;0;0;0;1;0;0;0;0
"18/10/2019";"10:47:00";"66";"sem vítima";"204,35";"BR-050/MG";"Sul";"Choque - Defensa, barreira ou meio fio";0;0;0;0;0;1;0;0;0;1;3;0;0;0;0
"18/10/2019";"11:23:00";"75";"sem vítima";"204,3";"BR-050/MG";"Sul";"Colisão Traseira";2;0;0;0;0;0;0;0;0;0;4;0;0;0;0
"19/10/2019";"17:44:00";"125";"sem vítima";"265";"BR-050/GO";"Norte";"Choque - Elemento de Drenagem";1;0;0;0;0;0;0;0;0;0;1;0;0;0;0
"19/10/2019";"20:51:00";"149";"sem vítima";"175";"BR-050/MG";"Norte";"Colisão Lateral";0;0;1;0;0;0;0;0;0;1;4;0;0;0;0
"20/10/2019";"01:12:00";"7";"sem vítima";"209,6";"BR-050/GO";"Sul";"Choque - Sinalização";1;0;0;0;0;0;0;0;0;0;2;0;0;0;0
"20/10/2019";"05:12:00";"25";"com vítima";"174,6";"BR-050/MG";"Sul";"Engavetamento";2;0;1;0;0;0;0;0;0;0;3;8;0;0;0
"20/10/2019";"06:31:00";"29";"sem vítima";"27,65";"BR-050/MG";"Sul";"Choque - Defensa, barreira ou meio fio";0;0;1;0;0;0;0;0;0;0;2;0;0;0;0
"20/10/2019";"09:44:00";"50";"com vítima";"153,3";"BR-050/GO";"Norte";"Queda de Moto";0;0;0;1;0;0;0;0;0;0;0;1;0;0;0
"20/10/2019";"10:13:00";"53";"com vítima";"81,04";"BR-050/MG";"Sul";"Capotamento";1;0;0;0;0;0;0;0;0;0;0;1;0;0;0
"20/10/2019";"11:30:00";"65";"com vítima";"89,84";"BR-050/MG";"Sul";"Capotamento";1;0;0;0;0;0;0;0;0;0;0;2;0;0;0
"21/10/2019";"03:50:00";"10";"sem vítima";"108,3";"BR-050/MG";"Norte";"Tombamento";0;0;1;0;0;0;0;0;0;0;1;0;0;0;0
"21/10/2019";"09:27:00";"47";"com vítima";"17";"BR-050/MG";"Norte";"Capotamento";1;0;0;0;0;0;0;0;0;0;0;2;0;0;0
"22/10/2019";"08:13:00";"23";"sem vítima";"39";"BR-050/MG";"Norte";"Colisão Traseira";1;0;0;0;0;0;0;0;0;1;5;0;0;0;0
"23/10/2019";"02:37:00";"16";"sem vítima";"273";"BR-050/GO";"Norte";"Choque - Defensa, barreira ou meio fio";1;0;0;0;0;0;0;0;0;0;2;0;0;0;0
"23/10/2019";"17:30:00";"114";"sem vítima";"313,8";"BR-050/GO";"Sul";"Tombamento";0;0;1;0;0;0;0;0;0;0;2;0;0;0;0
"23/10/2019";"17:45:00";"117";"com vítima";"174";"BR-050/MG";"Sul";"Colisão Lateral";0;1;1;0;0;0;0;0;0;0;1;2;0;0;0
"23/10/2019";"19:08:00";"131";"com vítima";"22";"BR-050/MG";"Norte";"Choque - Elemento de Drenagem";1;0;0;0;0;0;0;0;0;0;4;1;0;0;0
"23/10/2019";"21:26:00";"142";"com vítima";"119,5";"BR-050/MG";"Norte";"Queda de Moto";0;0;0;1;0;0;0;0;0;0;0;1;0;0;0
"24/10/2019";"17:44:00";"108";"com vítima";"27,64";"BR-050/MG";"Sul";"Colisão Lateral";0;0;0;1;0;1;0;0;0;0;1;0;0;1;0
"24/10/2019";"19:58:00";"136";"com vítima";"119";"BR-050/MG";"Norte";"Colisão Lateral";1;0;1;0;0;0;0;0;0;0;1;0;0;0;1
"24/10/2019";"21:40:00";"146";"com vítima";"119";"BR-050/MG";"Norte";"Colisão Traseira";0;0;1;0;1;0;0;0;0;0;2;1;0;0;0
"25/10/2019";"14:11:00";"111";"com vítima";"111,5";"BR-050/MG";"Norte";"Choque - Defensa, barreira ou meio fio";1;0;0;0;0;0;0;0;0;0;2;1;0;0;0
"25/10/2019";"19:25:00";"169";"sem vítima";"280,5";"BR-050/GO";"Sul";"Colisão Lateral";1;0;0;0;0;0;0;0;0;1;2;0;0;0;0
"26/10/2019";"01:17:00";"8";"com vítima";"148,8";"BR-050/GO";"Sul";"Choque - Elemento de Drenagem";1;0;0;0;0;0;0;0;0;0;3;1;0;0;0
"26/10/2019";"06:41:00";"21";"sem vítima";"29,6";"BR-050/MG";"Norte";"Choque - Defensa, barreira ou meio fio";1;0;0;0;0;0;0;0;0;0;5;0;0;0;0
"26/10/2019";"19:43:00";"126";"com vítima";"141,2";"BR-050/MG";"Sul";"Queda de Moto";0;0;0;1;0;0;0;0;0;0;0;1;0;0;0
"27/10/2019";"04:16:00";"17";"com vítima";"36,78";"BR-050/MG";"Norte";"Colisão Traseira";1;0;0;0;0;0;0;0;0;1;2;1;0;0;0
"27/10/2019";"07:23:00";"29";"com vítima";"81";"BR-050/MG";"Norte";"Choque - Defensa, barreira ou meio fio";0;0;0;1;0;0;0;0;0;0;0;1;0;0;0
"27/10/2019";"16:36:00";"93";"sem vítima";"53,9";"BR-050/MG";"Sul";"Saida de Pista";1;0;0;0;0;0;0;0;0;0;5;0;0;0;0
"27/10/2019";"16:41:00";"95";"com vítima";"53";"BR-050/MG";"Sul";"Choque - Talude";0;0;1;0;0;0;0;0;0;0;0;0;1;0;0
"27/10/2019";"16:50:00";"98";"sem vítima";"52,95";"BR-050/MG";"Sul";"Colisão Lateral";1;0;0;0;0;1;0;0;0;0;3;0;0;0;0
"28/10/2019";"10:07:00";"54";"com vítima";"96,72";"BR-050/MG";"Norte";"Capotamento";0;0;0;0;0;0;0;0;0;1;0;1;0;0;0
"28/10/2019";"13:24:00";"89";"sem vítima";"133,8";"BR-050/MG";"Sul";"Choque - Sinalização";1;0;0;0;0;0;0;0;0;0;1;0;0;0;0
"28/10/2019";"19:25:00";"140";"com vítima";"158,05";"BR-050/MG";"Sul";"Colisão Traseira";1;0;1;0;0;0;0;0;0;0;2;4;0;0;0
"29/10/2019";"08:24:00";"36";"sem vítima";"58,61";"BR-050/MG";"Norte";"Colisão Traseira";2;0;0;0;0;0;0;0;0;0;2;0;0;0;0
"29/10/2019";"12:50:00";"98";"com vítima";"64,68";"BR-050/MG";"Sul";"Capotamento";1;0;0;0;0;1;0;0;0;0;1;1;0;0;0
"29/10/2019";"12:59:00";"101";"sem vítima";"254,38";"BR-050/GO";"Sul";"Capotamento";1;0;0;0;0;0;0;0;0;0;2;0;0;0;0
"29/10/2019";"13:42:00";"110";"sem vítima";"147,16";"BR-050/MG";"Sul";"Choque - Defensa, barreira ou meio fio";0;0;1;0;0;0;0;0;0;0;2;0;0;0;0
"29/10/2019";"13:56:00";"115";"sem vítima";"147,16";"BR-050/MG";"Sul";"Choque - Elemento de Drenagem";0;0;1;0;0;0;0;0;0;0;2;0;0;0;0
"29/10/2019";"16:16:00";"138";"sem vítima";"147,45";"BR-050/MG";"Sul";"Colisão Traseira";0;0;1;0;0;0;0;0;0;1;2;0;0;0;0
"29/10/2019";"17:48:00";"155";"sem vítima";"147,45";"BR-050/MG";"Sul";"Colisão Traseira";1;0;1;0;0;0;0;0;0;0;2;0;0;0;0
"29/10/2019";"18:35:00";"161";"com vítima";"178,5";"BR-050/MG";"Norte";"Engavetamento";2;0;0;0;0;0;0;0;0;1;4;1;0;0;0
"30/10/2019";"06:09:00";"13";"sem vítima";"255";"BR-050/GO";"Norte";"Capotamento";0;0;0;0;0;0;0;0;0;1;2;0;0;0;0
"30/10/2019";"06:52:00";"16";"sem vítima";"50";"BR-050/MG";"Norte";"Choque - Defensa, barreira ou meio fio";1;0;0;0;0;0;0;0;0;0;1;0;0;0;0
"30/10/2019";"17:34:00";"111";"sem vítima";"157";"BR-050/MG";"Sul";"Choque - Defensa, barreira ou meio fio";1;0;0;0;0;0;0;0;0;0;1;0;0;0;0
"01/11/2019";"01:30:00";"6";"com vítima";"97,5";"BR-050/GO";"Sul";"Atropelamento de Animal";1;0;0;0;0;0;0;0;0;0;1;1;0;0;0
"01/11/2019";"09:24:00";"51";"sem vítima";"58,86";"BR-050/MG";"Sul";"Saida de Pista";1;0;0;0;0;0;0;0;0;0;1;0;0;0;0
"01/11/2019";"14:27:00";"109";"sem vítima";"301,6";"BR-050/GO";"Norte";"Choque - Sinalização";1;0;0;0;0;0;0;0;0;0;1;0;0;0;0
"01/11/2019";"15:41:00";"125";"com vítima";"10";"CT-UDI-MG";"Sul";"Choque - Sinalização";0;0;0;0;0;0;0;0;0;1;5;1;0;0;0
"01/11/2019";"19:41:00";"176";"sem vítima";"85,5";"BR-050/MG";"Norte";"Colisão Traseira";2;0;1;0;0;0;0;0;0;0;3;0;0;0;0
"01/11/2019";"21:32:00";"188";"sem vítima";"292,9";"BR-050/GO";"Sul";"Choque - Defensa, barreira ou meio fio";1;0;0;0;0;0;0;0;0;0;4;0;0;0;0
"02/11/2019";"09:58:00";"55";"sem vítima";"42,45";"BR-050/MG";"Norte";"Colisão Traseira";2;0;0;0;0;0;0;0;0;0;5;0;0;0;0
"02/11/2019";"12:35:00";"81";"com vítima";"20";"CT-UDI-MG";"Sul";"Queda de Moto";0;0;0;1;0;0;0;0;0;0;0;1;1;0;0
"02/11/2019";"15:27:00";"100";"com vítima";"278,61";"BR-050/GO";"Sul";"Colisão Transversal";1;0;1;0;0;0;0;0;0;0;1;3;0;0;0
"03/11/2019";"03:26:00";"9";"sem vítima";"179,4";"BR-050/MG";"Sul";"Choque - Sinalização";1;0;0;0;0;0;0;0;0;0;2;0;0;0;0
"03/11/2019";"13:34:00";"70";"sem vítima";"209,5";"BR-050/GO";"Norte";"Colisão Transversal";0;0;1;0;0;0;0;0;0;1;3;0;0;0;0
"03/11/2019";"22:03:00";"135";"com vítima";"170,8";"BR-050/GO";"Sul";"Atropelamento de Animal";1;0;0;0;0;0;0;0;0;0;0;1;0;0;0
"03/11/2019";"22:43:00";"144";"sem vítima";"180";"BR-050/MG";"Sul";"Choque - Obstáculo Fixo";1;0;0;0;0;0;0;0;0;0;1;0;0;0;0
"05/11/2019";"09:32:00";"52";"sem vítima";"100";"BR-050/MG";"Norte";"Colisão Traseira";1;0;1;0;0;0;0;0;0;0;2;0;0;0;0
"05/11/2019";"19:11:00";"128";"com vítima";"173";"BR-050/MG";"Norte";"Queda de Moto";0;0;0;1;0;0;0;0;0;0;1;1;0;0;0
"05/11/2019";"21:31:00";"136";"sem vítima";"81,2";"BR-050/MG";"Norte";"Choque - Defensa, barreira ou meio fio";1;0;0;0;0;0;0;0;0;0;1;0;0;0;0
"06/11/2019";"03:18:00";"8";"com vítima";"81,9";"BR-050/MG";"Norte";"Colisão Traseira";0;0;2;0;0;0;0;0;0;0;2;1;0;0;0
"06/11/2019";"06:10:00";"11";"com vítima";"179,8";"BR-050/MG";"Sul";"Queda de Moto";0;0;0;1;0;0;0;0;0;0;0;1;0;0;0
"07/11/2019";"23:34:00";"151";"com vítima";"188";"BR-050/MG";"Norte";"Colisão Traseira";0;0;2;0;0;0;0;0;0;1;2;1;0;0;0
"08/11/2019";"03:46:00";"18";"sem vítima";"272,8";"BR-050/GO";"Norte";"Choque - Elemento de Drenagem";1;0;0;0;0;0;0;0;0;0;1;0;0;0;0