data;horario;n_da_ocorrencia;tipo_de_ocorrencia;km;trecho;sentido;tipo_de_acidente;automovel;bicicleta;caminhao;moto;onibus;outros;tracao_animal;transporte_de_cargas_especiais;trator_maquinas;utilitarios;ilesos;levemente_feridos;moderadamente_feridos;gravemente_feridos;mortos
"08/11/2019";"12:40:00";"73";"com vítima";"98,8";"BR-050/GO";"Norte";"Colisão Transversal";0;0;0;1;0;0;0;0;0;1;1;0;1;0;0
"08/11/2019";"15:51:00";"100";"sem vítima";"108,63";"BR-050/GO";"Norte";"Saida de Pista";1;0;0;0;0;0;0;0;0;0;3;0;0;0;0
"08/11/2019";"16:58:00";"105";"sem vítima";"101,401";"BR-050/GO";"Sul";"Choque - Elemento de Drenagem";0;0;0;0;0;0;0;0;0;1;1;0;0;0;0
"08/11/2019";"17:40:00";"115";"com vítima";"171,6";"BR-050/MG";"Norte";"Queda de Moto";0;0;0;1;0;0;0;0;0;0;0;0;1;0;0
"08/11/2019";"19:23:00";"137";"com vítima";"95,5";"BR-050/MG";"Norte";"Capotamento";1;0;0;0;0;0;0;0;0;0;0;1;0;0;0
"09/11/2019";"02:21:00";"10";"com vítima";"282,001";"BR-050/GO";"Sul";"Choque - Talude";1;0;0;0;0;0;0;0;0;0;0;1;0;0;0
"09/11/2019";"11:35:00";"74";"sem vítima";"255,05";"BR-050/GO";"Norte";"Saida de Pista";1;0;0;0;0;0;0;0;0;0;1;0;0;0;0
"09/11/2019";"16:38:00";"120";"sem vítima";"280";"BR-050/GO";"Norte";"Colisão Transversal";2;0;0;0;0;0;0;0;0;0;5;0;0;0;0
"09/11/2019";"19:37:00";"150";"com vítima";"246,2";"BR-050/GO";"Sul";"Queda de Ciclista";0;0;0;1;0;0;0;0;0;0;0;1;0;0;0
"10/11/2019";"06:16:00";"13";"sem vítima";"52,7";"BR-050/MG";"Norte";"Saida de Pista";1;0;0;0;0;0;0;0;0;0;1;0;0;0;0
"10/11/2019";"11:22:00";"41";"sem vítima";"161,32";"BR-050/GO";"Norte";"Saida de Pista";0;0;1;0;0;0;0;0;0;0;1;0;0;0;0
"10/11/2019";"13:13:00";"50";"com vítima";"29";"BR-050/MG";"Sul";"Colisão Transversal";0;0;0;2;0;0;0;0;0;0;0;2;2;0;0
"10/11/2019";"16:11:00";"67";"sem vítima";"17";"CT-UDI-MG";"Norte";"Capotamento";0;0;0;0;0;0;0;0;0;1;1;0;0;0;0
"10/11/2019";"16:24:00";"70";"sem vítima";"17";"CT-UDI-MG";"Norte";"Saida de Pista";1;0;0;0;0;0;0;0;0;0;1;0;0;0;0
"10/11/2019";"17:00:00";"78";"sem vítima";"16,1";"CT-UDI-MG";"Norte";"Choque - Defensa, barreira ou meio fio";1;0;0;0;0;0;0;0;0;0;2;0;0;0;0
"11/11/2019";"01:39:00";"4";"sem vítima";"179,9";"BR-050/MG";"Norte";"Choque - Defensa, barreira ou meio fio";1;0;0;0;0;0;0;0;0;0;5;0;0;0;0
"11/11/2019";"05:11:00";"17";"com vítima";"168,4";"BR-050/MG";"Sul";"Choque - Talude";0;0;0;0;0;0;0;0;0;1;0;1;0;0;0
"11/11/2019";"08:32:00";"34";"com vítima";"171,69";"BR-050/MG";"Sul";"Atropelamento - Pedestre";0;0;1;0;0;0;0;0;0;0;1;1;0;0;0
"11/11/2019";"14:04:00";"76";"sem vítima";"108,38";"BR-050/MG";"Norte";"Choque - Elemento de Drenagem";1;0;0;0;0;0;0;0;0;0;3;0;0;0;0
"12/11/2019";"18:03:00";"107";"sem vítima";"174";"BR-050/MG";"Sul";"Choque - New jersey";1;0;0;0;0;0;0;0;0;0;3;0;0;0;0
"13/11/2019";"12:49:00";"83";"com vítima";"18,15";"CT-UDI-MG";"Sul";"Colisão Traseira";1;1;0;0;0;0;0;0;0;0;2;1;0;0;0
"13/11/2019";"23:18:00";"183";"sem vítima";"178,4";"BR-050/MG";"Norte";"Saida de Pista";1;0;0;0;0;0;0;0;0;0;2;0;0;0;0
"14/11/2019";"08:51:00";"51";"com vítima";"109,7";"BR-050/MG";"Sul";"Tombamento";1;0;0;0;0;0;0;0;0;0;0;1;0;0;0
"14/11/2019";"09:02:00";"53";"com vítima";"58,14";"BR-050/MG";"Norte";"Capotamento";0;0;0;0;0;0;0;0;0;1;0;0;0;1;0
"14/11/2019";"09:55:00";"63";"sem vítima";"29,14";"BR-050/MG";"Norte";"Choque - Sinalização";0;0;1;0;0;0;0;0;0;0;1;0;0;0;0
"14/11/2019";"11:12:00";"69";"com vítima";"93,4";"BR-050/MG";"Sul";"Colisão Transversal";2;0;0;0;0;0;0;0;0;0;1;3;1;0;0
"14/11/2019";"12:17:00";"78";"com vítima";"17";"BR-050/MG";"Norte";"Capotamento";1;0;0;0;0;0;0;0;0;0;0;1;0;0;0
"14/11/2019";"13:20:00";"92";"sem vítima";"100,4";"BR-050/MG";"Sul";"Choque - Talude";0;0;1;0;0;0;0;0;0;0;1;0;0;0;0
"14/11/2019";"16:13:00";"126";"sem vítima";"230,15";"BR-050/GO";"Norte";"Capotamento";0;0;0;0;0;0;0;0;0;1;2;0;0;0;0
"14/11/2019";"16:21:00";"128";"sem vítima";"29,78";"BR-050/MG";"Norte";"Saida de Pista";1;0;0;0;0;0;0;0;0;0;1;0;0;0;0
"14/11/2019";"16:35:00";"131";"sem vítima";"56,499";"BR-050/MG";"Norte";"Saida de Pista";1;0;0;0;0;0;0;0;0;0;4;0;0;0;0
"14/11/2019";"17:41:00";"138";"com vítima";"53";"BR-050/MG";"Norte";"Capotamento";0;0;0;0;0;0;0;0;0;1;0;2;0;0;0
"14/11/2019";"19:10:00";"155";"com vítima";"79,2";"BR-050/MG";"Sul";"Choque - Defensa, barreira ou meio fio";1;0;0;0;0;0;0;0;0;0;0;0;1;0;0
"14/11/2019";"20:08:00";"163";"com vítima";"178";"BR-050/MG";"Norte";"Atropelamento - Andarilho";0;0;0;0;0;1;0;0;0;0;1;1;0;0;0
"15/11/2019";"02:26:00";"14";"sem vítima";"246,5";"BR-050/GO";"Sul";"Choque - Elemento de Drenagem";0;0;1;0;0;0;0;0;0;0;2;0;0;0;0
"15/11/2019";"02:52:00";"17";"com vítima";"100,7";"BR-050/MG";"Sul";"Colisão lateral no mesmo sentido";0;0;0;0;0;1;0;0;0;1;14;2;0;0;0
"15/11/2019";"13:11:00";"92";"sem vítima";"88";"BR-050/MG";"Norte";"Choque - Defensa, barreira ou meio fio";1;0;0;0;0;0;0;0;0;0;4;0;0;0;0
"15/11/2019";"13:18:00";"93";"sem vítima";"192,7";"BR-050/MG";"Sul";"Colisão Traseira";0;0;1;0;0;0;0;0;0;1;3;0;0;0;0
"15/11/2019";"16:49:00";"130";"sem vítima";"55,55";"BR-050/MG";"Norte";"Choque - Talude";1;0;0;0;0;0;0;0;0;0;2;0;0;0;0
"15/11/2019";"18:46:00";"138";"sem vítima";"14,7";"CT-UDI-MG";"Norte";"Choque - Defensa, barreira ou meio fio";1;0;0;0;0;0;0;0;0;0;1;0;0;0;0
"16/11/2019";"00:18:00";"6";"sem vítima";"118,7";"BR-050/MG";"Sul";"Colisão lateral no mesmo sentido";1;0;1;0;0;0;0;0;0;0;3;0;0;0;0
"16/11/2019";"08:24:00";"33";"com vítima";"174,7";"BR-050/MG";"Norte";"Queda de Moto";0;0;0;1;0;0;0;0;0;0;0;1;0;0;0
"16/11/2019";"14:49:00";"77";"sem vítima";"39,9";"BR-050/MG";"Sul";"Choque - Defensa, barreira ou meio fio";0;0;0;0;0;0;0;0;0;1;1;0;0;0;0
"16/11/2019";"16:55:00";"92";"sem vítima";"174,45";"BR-050/MG";"Norte";"Choque - Poste";0;0;0;0;0;0;0;0;0;1;2;0;0;0;0
"17/11/2019";"07:59:00";"27";"sem vítima";"46,9";"BR-050/MG";"Sul";"Colisão Traseira";2;0;0;0;0;0;0;0;0;0;4;0;0;0;0
"17/11/2019";"08:37:00";"30";"sem vítima";"99,7";"BR-050/MG";"Norte";"Choque - Elemento de Drenagem";1;0;0;0;0;0;0;0;0;0;1;0;0;0;0
"17/11/2019";"10:18:00";"40";"com vítima";"85,8";"BR-050/MG";"Sul";"Queda de Moto";0;0;0;1;0;0;0;0;0;0;0;0;1;0;0
"17/11/2019";"12:12:00";"58";"sem vítima";"281";"BR-050/GO";"Norte";"Colisão Transversal";2;0;0;0;0;0;0;0;0;0;6;0;0;0;0
"17/11/2019";"13:50:00";"66";"sem vítima";"29,79";"BR-050/MG";"Sul";"Choque - Elemento de Drenagem";0;0;0;0;0;0;0;0;0;1;4;0;0;0;0
"18/11/2019";"11:24:00";"85";"sem vítima";"195";"BR-050/GO";"Sul";"Saida de Pista";1;0;0;0;0;0;0;0;0;0;1;0;0;0;0
"18/11/2019";"15:03:00";"110";"com vítima";"205,9";"BR-050/MG";"Sul";"Choque - Sinalização";1;0;0;0;0;0;0;0;0;0;0;1;0;0;0
"18/11/2019";"18:13:00";"138";"sem vítima";"31,8";"BR-050/MG";"Sul";"Tombamento";0;0;1;0;0;0;0;0;0;0;1;0;0;0;0
"19/11/2019";"08:07:00";"35";"com vítima";"184,5";"BR-050/MG";"Sul";"Queda de Moto";0;0;0;1;0;0;0;0;0;0;0;2;0;0;0
"19/11/2019";"13:04:00";"64";"com vítima";"47,65";"BR-050/MG";"Sul";"Choque - Talude";0;0;0;0;0;0;0;0;0;1;0;1;0;0;0
"19/11/2019";"14:12:00";"76";"sem vítima";"33,6";"BR-050/MG";"Sul";"Colisão Traseira";2;0;0;0;0;0;0;0;0;0;2;0;0;0;0
"19/11/2019";"18:10:00";"107";"sem vítima";"129";"BR-050/MG";"Sul";"Choque - Meio fio";1;0;0;0;0;0;0;0;0;0;1;0;0;0;0
"19/11/2019";"21:00:00";"127";"sem vítima";"63";"BR-050/MG";"Norte";"Choque - Elemento de Drenagem";1;0;0;0;0;0;0;0;0;0;1;0;0;0;0
"20/11/2019";"04:08:00";"11";"sem vítima";"3,78";"BR-050/MG";"Sul";"Saida de Pista";1;0;0;0;0;0;0;0;0;0;2;0;0;0;0
"20/11/2019";"10:53:00";"59";"com vítima";"54,4";"BR-050/MG";"Norte";"Choque - Veiculo parado no acostamento";1;0;1;0;0;0;0;0;0;0;2;1;0;0;0
"20/11/2019";"14:04:00";"80";"com vítima";"127,6";"BR-050/MG";"Norte";"Colisão Traseira";0;0;1;0;0;0;0;0;0;1;1;1;0;0;0
"20/11/2019";"15:24:00";"90";"com vítima";"275,36";"BR-050/GO";"Norte";"Capotamento";0;0;1;0;0;0;0;0;0;0;0;1;0;0;0
"20/11/2019";"18:57:00";"119";"com vítima";"166";"BR-050/MG";"Sul";"Atropelamento de Animal";0;0;0;1;0;0;0;0;0;0;0;1;0;0;0
"20/11/2019";"21:33:00";"135";"sem vítima";"289,2";"BR-050/GO";"Norte";"Tombamento";0;0;1;0;0;0;0;0;0;0;1;0;0;0;0
"21/11/2019";"09:59:00";"71";"com vítima";"128,58";"BR-050/MG";"Norte";"Colisão Frontal";1;0;1;0;0;0;0;0;0;0;1;1;0;0;0
"21/11/2019";"13:37:00";"117";"com vítima";"107,64";"BR-050/MG";"Norte";"Capotamento";0;0;0;0;0;0;0;0;0;1;0;0;1;0;0
"21/11/2019";"16:57:00";"153";"sem vítima";"21";"CT-UDI-MG";"Sul";"Choque - Defensa, barreira ou meio fio";1;0;0;0;0;0;0;0;0;0;1;0;0;0;0
"22/11/2019";"14:17:00";"84";"com vítima";"3,6";"BR-050/MG";"Sul";"Choque - Defensa, barreira ou meio fio";0;0;0;1;0;0;0;0;0;0;0;1;0;0;0
"22/11/2019";"16:37:00";"103";"sem vítima";"39,35";"BR-050/MG";"Sul";"Colisão Traseira";1;0;0;0;0;0;0;0;0;1;3;0;0;0;0
"22/11/2019";"16:53:00";"111";"com vítima";"178";"BR-050/MG";"Sul";"Queda de Moto";0;0;0;1;0;0;0;0;0;0;0;1;0;0;0
"23/11/2019";"08:35:00";"45";"sem vítima";"105";"BR-050/MG";"Norte";"Choque - Veiculo parado na pista";0;0;2;0;0;0;0;0;0;0;2;0;0;0;0
"23/11/2019";"14:28:00";"93";"sem vítima";"54,28";"BR-050/MG";"Sul";"Choque - Defensa, barreira ou meio fio";0;0;0;0;0;0;0;0;0;1;4;0;0;0;0
"23/11/2019";"14:43:00";"96";"com vítima";"24,9";"BR-050/MG";"Sul";"Choque - Meio fio";0;0;1;0;0;0;0;0;0;0;0;1;0;0;0
"23/11/2019";"14:59:00";"100";"sem vítima";"165,3";"BR-050/MG";"Sul";"Capotamento";0;0;0;0;0;0;0;0;0;1;2;0;0;0;0
"23/11/2019";"18:02:00";"132";"sem vítima";"30";"BR-050/MG";"Sul";"Choque - Defensa, barreira ou meio fio";0;0;1;0;0;0;0;0;0;0;1;0;0;0;0
"23/11/2019";"22:20:00";"161";"sem vítima";"27,38";"BR-050/MG";"Norte";"Choque - Defensa, barreira ou meio fio";0;0;0;0;0;0;0;0;0;1;4;0;0;0;0
"23/11/2019";"23:47:00";"168";"sem vítima";"188,75";"BR-050/MG";"Sul";"Saida de Pista";0;0;1;0;0;0;0;0;0;0;1;0;0;0;0
"24/11/2019";"03:29:00";"17";"sem vítima";"179";"BR-050/MG";"Norte";"Saida de Pista";0;0;0;0;0;0;0;0;0;1;2;0;0;0;0
"24/11/2019";"04:57:00";"21";"sem vítima";"6,9";"BR-050/MG";"Norte";"Saida de Pista";1;0;0;0;0;0;0;0;0;0;1;0;0;0;0
"24/11/2019";"06:43:00";"24";"com vítima";"268,38";"BR-050/GO";"Sul";"Tombamento";0;0;0;0;0;0;0;0;0;1;0;1;0;0;0
"24/11/2019";"14:44:00";"76";"com vítima";"41,55";"BR-050/MG";"Sul";"Choque - Defensa, barreira ou meio fio";0;0;1;0;0;0;0;0;0;0;0;1;0;0;0
"24/11/2019";"21:28:00";"140";"sem vítima";"151,2";"BR-050/GO";"Sul";"Choque - Elemento de Drenagem";1;0;0;0;0;0;0;0;0;0;3;0;0;0;0
"25/11/2019";"02:07:00";"12";"sem vítima";"115,8";"BR-050/GO";"Sul";"Choque - Sinalização";0;0;0;0;1;0;0;0;0;0;38;0;0;0;0
"25/11/2019";"16:13:00";"129";"com vítima";"120,05";"BR-050/GO";"Norte";"Capotamento";0;0;0;0;0;0;0;0;0;1;0;2;0;0;0
"25/11/2019";"20:26:00";"165";"com vítima";"111,3";"BR-050/GO";"Norte";"Colisão Frontal";1;0;1;0;0;0;0;0;0;0;0;1;0;0;1
"25/11/2019";"21:26:00";"173";"com vítima";"29";"BR-050/MG";"Sul";"Choque - Defensa, barreira ou meio fio";0;0;1;0;0;0;0;0;0;0;0;1;0;0;0
"26/11/2019";"07:43:00";"30";"com vítima";"145,91";"BR-050/MG";"Sul";"Capotamento";1;0;0;0;0;0;0;0;0;0;0;1;0;0;0
"26/11/2019";"14:49:00";"89";"sem vítima";"53,9";"BR-050/MG";"Norte";"Colisão Traseira";0;0;1;0;0;1;0;0;0;0;2;0;0;0;0
"27/11/2019";"06:23:00";"19";"sem vítima";"185";"BR-050/GO";"Sul";"Choque - Meio fio";1;0;0;0;0;0;0;0;0;0;1;0;0;0;0
"27/11/2019";"06:36:00";"20";"com vítima";"241,1";"BR-050/GO";"Sul";"Tombamento";0;0;1;0;0;0;0;0;0;0;0;1;0;0;0
"28/11/2019";"00:41:00";"3";"sem vítima";"106,1";"BR-050/GO";"Norte";"Choque - Elemento de Drenagem";0;0;1;0;0;0;0;0;0;0;1;0;0;0;0
"28/11/2019";"10:27:00";"49";"sem vítima";"204,015";"BR-050/MG";"Sul";"Saida de Pista";1;0;0;0;0;0;0;0;0;0;3;0;0;0;0
"28/11/2019";"13:20:00";"78";"sem vítima";"177,3";"BR-050/MG";"Norte";"Choque - Meio fio";1;0;0;0;0;0;0;0;0;0;1;0;0;0;0
"28/11/2019";"13:44:00";"81";"com vítima";"145,65";"BR-050/MG";"Sul";"Capotamento";1;0;0;0;0;0;0;0;0;0;0;2;0;0;0
"28/11/2019";"17:50:00";"113";"com vítima";"186,25";"BR-050/MG";"Norte";"Queda de Moto";0;0;0;1;0;0;0;0;0;0;0;1;1;0;0
"28/11/2019";"18:44:00";"117";"sem vítima";"305,5";"BR-050/GO";"Norte";"Choque - Defensa, barreira ou meio fio";0;0;1;0;0;0;0;0;0;0;1;0;0;0;0
"28/11/2019";"19:24:00";"125";"com vítima";"279";"BR-050/GO";"Norte";"Colisão Traseira";1;0;0;1;0;0;0;0;0;0;2;2;0;0;0
"28/11/2019";"19:37:00";"128";"sem vítima";"157";"BR-050/MG";"Norte";"Tombamento";0;0;1;0;0;0;0;0;0;0;2;0;0;0;0
"28/11/2019";"22:25:00";"146";"com vítima";"79,15";"BR-050/MG";"Sul";"Saida de Pista";1;0;0;0;0;0;0;0;0;0;0;2;0;0;0
"28/11/2019";"22:31:00";"149";"sem vítima";"174";"BR-050/MG";"Norte";"Choque - Defensa, barreira ou meio fio";1;0;0;0;0;0;0;0;0;0;1;0;0;0;0
"29/11/2019";"00:02:00";"1";"com vítima";"12";"CT-UDI-MG";"Norte";"Colisão Traseira";0;0;0;0;0;1;0;0;0;1;1;1;0;0;0
"29/11/2019";"03:21:00";"11";"sem vítima";"178,5";"BR-050/MG";"Norte";"Saida de Pista";1;0;0;0;0;0;0;0;0;0;1;0;0;0;0
"29/11/2019";"03:45:00";"12";"sem vítima";"148";"BR-050/MG";"Sul";"Saida de Pista";1;0;0;0;0;0;0;0;0;0;2;0;0;0;0
"29/11/2019";"11:11:00";"47";"com vítima";"168,8";"BR-050/MG";"Norte";"Colisão Traseira";0;0;2;0;0;0;0;0;0;0;1;0;1;0;0
"29/11/2019";"11:38:00";"49";"com vítima";"53,75";"BR-050/MG";"Norte";"Colisão Transversal";1;0;1;0;0;0;0;0;0;0;2;0;2;0;0
"29/11/2019";"14:07:00";"63";"sem vítima";"45";"BR-050/MG";"Sul";"Tombamento";1;0;0;0;0;0;0;0;0;0;1;0;0;0;0
"29/11/2019";"17:31:00";"86";"sem vítima";"116";"BR-050/GO";"Norte";"Choque - Defensa, barreira ou meio fio";0;0;0;0;0;0;0;0;0;1;4;0;0;0;0
"30/11/2019";"03:46:00";"14";"sem vítima";"187,58";"BR-050/GO";"Sul";"Saida de Pista";1;0;0;0;0;0;0;0;0;0;1;0;0;0;0
"30/11/2019";"10:13:00";"58";"sem vítima";"29,98";"BR-050/MG";"Sul";"Choque - Elemento de Drenagem";0;0;0;0;0;0;0;0;0;1;2;0;0;0;0
"30/11/2019";"18:34:00";"128";"sem vítima";"304";"BR-050/GO";"Sul";"Saida de Pista";1;0;0;0;0;0;0;0;0;0;2;0;0;0;0
"30/11/2019";"19:18:00";"138";"com vítima";"78";"BR-050/MG";"Sul";"Colisão Traseira";1;0;0;1;0;0;0;0;0;0;1;1;0;0;0
"01/12/2019";"02:10:00";"6";"sem vítima";"50";"BR-050/MG";"Norte";"Choque - Defensa, barreira ou meio fio";1;0;0;0;0;0;0;0;0;0;2;0;0;0;0
"01/12/2019";"03:10:00";"10";"com vítima";"178,5";"BR-050/MG";"Norte";"Capotamento";1;0;0;0;0;0;0;0;0;0;0;0;1;0;0
"01/12/2019";"03:38:00";"11";"com vítima";"171";"BR-050/MG";"Sul";"Colisão Traseira";1;0;0;0;0;0;0;0;0;1;0;4;0;0;0
"01/12/2019";"03:41:00";"12";"sem vítima";"53";"BR-050/MG";"Sul";"Choque - Defensa metálica";1;0;0;0;0;0;0;0;0;0;1;0;0;0;0
"02/12/2019";"05:40:00";"26";"sem vítima";"16,62";"BR-050/MG";"Norte";"Choque - Elemento de Drenagem";0;0;1;0;0;0;0;0;0;0;1;0;0;0;0
"02/12/2019";"05:46:00";"27";"com vítima";"131,8";"BR-050/MG";"Sul";"Capotamento";1;0;0;0;0;0;0;0;0;0;0;1;0;0;0
"02/12/2019";"13:45:00";"99";"sem vítima";"104,95";"BR-050/GO";"Norte";"Colisão Lateral";2;0;0;0;0;0;0;0;0;1;3;0;0;0;0
"02/12/2019";"14:18:00";"110";"sem vítima";"47,48";"BR-050/MG";"Norte";"Choque - Elemento de Drenagem";1;0;0;0;0;0;0;0;0;0;1;0;0;0;0
"02/12/2019";"17:26:00";"143";"sem vítima";"147,2";"BR-050/MG";"Sul";"Carreta deu L";0;0;1;0;0;0;0;0;0;0;1;0;0;0;0
"02/12/2019";"18:05:00";"150";"sem vítima";"47";"BR-050/MG";"Sul";"Tombamento";0;0;1;0;0;0;0;0;0;0;1;0;0;0;0
"02/12/2019";"18:31:00";"155";"sem vítima";"147,1";"BR-050/MG";"Sul";"Colisão Traseira";0;0;2;0;0;0;0;0;0;0;2;0;0;0;0
"03/12/2019";"05:37:00";"19";"sem vítima";"5,86";"CT-UDI-MG";"Norte";"Atropelamento de Animal";1;0;0;0;0;0;0;0;0;0;1;0;0;0;0
"03/12/2019";"08:22:00";"33";"sem vítima";"51,9";"BR-050/MG";"Norte";"Colisão Traseira";1;0;1;0;0;0;0;0;0;0;3;0;0;0;0
"03/12/2019";"10:33:00";"59";"sem vítima";"276";"BR-050/GO";"Norte";"Colisão Traseira";0;0;1;0;0;0;0;0;0;1;3;0;0;0;0
"03/12/2019";"15:10:00";"84";"sem vítima";"62,3";"BR-050/MG";"Norte";"Saida de Pista";1;0;0;0;0;0;0;0;0;0;1;0;0;0;0
"04/12/2019";"05:18:00";"14";"com vítima";"149,9";"BR-050/MG";"Norte";"Colisão Traseira";0;0;2;0;0;0;0;0;0;0;2;0;0;1;0
"04/12/2019";"08:51:00";"45";"com vítima";"175,85";"BR-050/MG";"Norte";"Colisão lateral no mesmo sentido";0;0;0;1;0;0;0;0;0;1;1;1;0;0;0
"04/12/2019";"10:12:00";"58";"sem vítima";"174,9";"BR-050/MG";"Sul";"Tombamento";0;0;1;0;0;0;0;0;0;0;2;0;0;0;0
"04/12/2019";"14:19:00";"86";"com vítima";"281,9";"BR-050/GO";"Sul";"Queda de Ciclista";0;1;0;0;0;0;0;0;0;0;0;0;1;0;0
"04/12/2019";"15:46:00";"100";"sem vítima";"42,7";"BR-050/MG";"Sul";"Colisão Traseira";0;0;0;2;0;0;0;0;0;0;2;0;0;0;0
"04/12/2019";"19:45:00";"129";"com vítima";"13";"BR-050/MG";"Norte";"Choque - Meio fio";1;0;0;0;0;0;0;0;0;0;0;1;0;0;0
"05/12/2019";"13:05:00";"74";"sem vítima";"251,6";"BR-050/GO";"Norte";"Tombamento";0;0;1;0;0;0;0;0;0;0;1;0;0;0;0
"05/12/2019";"15:44:00";"97";"sem vítima";"18,18";"BR-050/MG";"Norte";"Saida de Pista";0;0;0;0;0;0;0;0;0;1;2;0;0;0;0
"05/12/2019";"16:02:00";"103";"sem vítima";"174";"BR-050/MG";"Sul";"Choque - Elemento de Drenagem";1;0;0;0;0;0;0;0;0;0;1;0;0;0;0
"05/12/2019";"16:54:00";"112";"sem vítima";"147,65";"BR-050/MG";"Sul";"Choque - Defensa, barreira ou meio fio";0;0;1;0;0;0;0;0;0;0;1;0;0;0;0
"05/12/2019";"18:18:00";"123";"sem vítima";"58";"BR-050/MG";"Norte";"Saida de Pista";1;0;0;0;0;0;0;0;0;0;2;0;0;0;0
"05/12/2019";"21:37:00";"144";"sem vítima";"161,1";"BR-050/GO";"Norte";"Tombamento";0;0;1;0;0;0;0;0;0;0;1;0;0;0;0
"06/12/2019";"15:43:00";"116";"sem vítima";"137,8";"BR-050/MG";"Norte";"Carreta deu L";0;0;1;0;0;0;0;0;0;0;1;0;0;0;0
"06/12/2019";"16:03:00";"121";"sem vítima";"54";"BR-050/MG";"Sul";"Colisão Traseira";0;0;2;0;0;0;0;0;0;0;2;0;0;0;0
"06/12/2019";"19:19:00";"152";"com vítima";"27,2";"BR-050/MG";"Sul";"Choque - Elemento de Drenagem";0;0;0;0;0;0;0;0;0;1;0;1;0;0;0
"06/12/2019";"20:11:00";"160";"com vítima";"102,88";"BR-050/GO";"Sul";"Colisão Traseira";2;0;0;0;0;0;0;0;0;0;2;2;0;0;0
"06/12/2019";"20:36:00";"163";"sem vítima";"77,3";"BR-050/MG";"Sul";"Choque - Defensa, barreira ou meio fio";0;0;0;0;0;0;0;0;0;1;4;0;0;0;0
"07/12/2019";"11:26:00";"69";"sem vítima";"54,1";"BR-050/MG";"Norte";"Colisão lateral no mesmo sentido";0;0;2;0;0;0;0;0;0;0;2;0;0;0;0
"07/12/2019";"12:46:00";"79";"com vítima";"132,8";"BR-050/GO";"Norte";"Choque - Arvore";1;0;0;0;0;0;0;0;0;0;0;1;0;0;0
"07/12/2019";"17:49:00";"129";"sem vítima";"45";"BR-050/MG";"Sul";"Queda de Moto";0;0;0;1;0;0;0;0;0;0;1;0;0;0;0
"07/12/2019";"18:10:00";"130";"sem vítima";"17";"BR-050/MG";"Norte";"Saida de Pista";1;0;0;0;0;0;0;0;0;0;4;0;0;0;0
"07/12/2019";"18:38:00";"134";"sem vítima";"6";"CT-UDI-MG";"Norte";"Saida de Pista";1;0;0;0;0;0;0;0;0;0;1;0;0;0;0
"07/12/2019";"21:19:00";"152";"sem vítima";"27,1";"BR-050/MG";"Sul";"Colisão Traseira";1;0;0;0;0;1;0;0;0;0;3;0;0;0;0
"08/12/2019";"00:01:00";"1";"sem vítima";"280";"BR-050/GO";"Sul";"Colisão Traseira";1;0;0;0;0;0;0;0;0;1;4;0;0;0;0
"08/12/2019";"01:39:00";"11";"com vítima";"209";"BR-050/GO";"Sul";"Atropelamento de Animal";0;0;0;1;0;0;0;0;0;0;0;1;0;0;0
"08/12/2019";"02:27:00";"12";"com vítima";"98";"BR-050/GO";"Sul";"Colisão Frontal";2;0;0;0;0;0;0;0;0;0;0;0;3;0;0
"08/12/2019";"06:41:00";"32";"com vítima";"257,35";"BR-050/GO";"Sul";"Capotamento";1;0;0;0;0;0;0;0;0;0;0;2;0;0;0
"08/12/2019";"12:59:00";"89";"sem vítima";"122,5";"BR-050/MG";"Sul";"Tombamento";0;0;1;0;0;0;0;0;0;0;1;0;0;0;0
"08/12/2019";"16:04:00";"113";"sem vítima";"167";"BR-050/GO";"Sul";"Saida de Pista";0;0;1;0;0;0;0;0;0;0;1;0;0;0;0
"08/12/2019";"16:32:00";"123";"sem vítima";"189,5";"BR-050/MG";"Sul";"Choque - Elemento de Drenagem";1;0;0;0;0;0;0;0;0;0;4;0;0;0;0
"08/12/2019";"16:53:00";"127";"com vítima";"48";"BR-050/MG";"Sul";"Choque - Elemento de Drenagem";1;0;0;0;0;0;0;0;0;0;0;2;1;0;0
"08/12/2019";"16:58:00";"128";"sem vítima";"206";"BR-050/MG";"Norte";"Colisão Traseira";2;0;0;0;0;0;0;0;0;0;4;0;0;0;0
"08/12/2019";"17:07:00";"129";"sem vítima";"149,18";"BR-050/GO";"Norte";"Saida de Pista";1;0;0;0;0;0;0;0;0;0;3;0;0;0;0
"08/12/2019";"17:12:00";"130";"sem vítima";"63";"BR-050/MG";"Norte";"Capotamento";1;0;0;0;0;0;0;0;0;0;2;0;0;0;0
"08/12/2019";"17:33:00";"133";"sem vítima";"146";"BR-050/MG";"Norte";"Saida de Pista";1;0;0;0;0;0;0;0;0;0;1;0;0;0;0
"08/12/2019";"17:45:00";"134";"sem vítima";"147";"BR-050/MG";"Sul";"Choque - New jersey";0;0;2;0;0;0;0;0;0;0;2;0;0;0;0
"08/12/2019";"22:12:00";"169";"sem vítima";"148,3";"BR-050/MG";"Sul";"Tombamento";1;0;0;0;0;0;0;0;0;0;1;0;0;0;0