data;horario;n_da_ocorrencia;tipo_de_ocorrencia;km;trecho;sentido;tipo_de_acidente;automovel;bicicleta;caminhao;moto;onibus;outros;tracao_animal;transporte_de_cargas_especiais;trator_maquinas;utilitarios;ilesos;levemente_feridos;moderadamente_feridos;gravemente_feridos;mortos
"08/12/2019";"23:56:00";"179";"com vítima";"162,5";"BR-050/GO";"Norte";"Choque - Sinalização";0;0;0;0;0;0;0;0;0;1;2;0;1;0;0
"09/12/2019";"03:43:00";"11";"sem vítima";"26,83";"BR-050/MG";"Norte";"Choque - Elemento de Drenagem";1;0;0;0;0;0;0;0;0;0;1;0;0;0;0
"09/12/2019";"10:30:00";"57";"sem vítima";"257,6";"BR-050/GO";"Sul";"Choque - Sinalização";1;0;0;0;0;0;0;0;0;0;5;0;0;0;0
"09/12/2019";"11:48:00";"68";"sem vítima";"59,1";"BR-050/MG";"Norte";"Choque - Defensa, barreira ou meio fio";1;0;0;0;0;0;0;0;0;0;4;0;0;0;0
"10/12/2019";"13:31:00";"73";"com vítima";"177,52";"BR-050/MG";"Norte";"Engavetamento";0;0;0;1;0;0;0;0;0;2;2;1;0;0;0
"10/12/2019";"14:30:00";"82";"sem vítima";"139,8";"BR-050/MG";"Sul";"Saida de Pista";0;0;1;0;0;0;0;0;0;0;1;0;0;0;0
"10/12/2019";"15:08:00";"90";"sem vítima";"152,98";"BR-050/MG";"Sul";"Choque - Defensa, barreira ou meio fio";0;0;0;0;0;0;0;0;0;1;2;0;0;0;0
"10/12/2019";"16:47:00";"103";"com vítima";"174,5";"BR-050/MG";"Norte";"Saida de Pista";0;0;0;1;0;0;0;0;0;0;0;1;0;0;0
"10/12/2019";"19:08:00";"132";"sem vítima";"35,95";"BR-050/MG";"Norte";"Choque - Meio fio";1;0;0;0;0;0;0;0;0;0;5;0;0;0;0
"10/12/2019";"19:53:00";"137";"sem vítima";"17,2";"BR-050/MG";"Sul";"Tombamento";0;0;1;0;0;0;0;0;0;0;1;0;0;0;0
"11/12/2019";"15:00:00";"107";"com vítima";"7,1";"CT-UDI-MG";"Norte";"Queda de Moto";0;0;0;1;0;0;0;0;0;0;0;2;0;0;0
"11/12/2019";"15:14:00";"111";"com vítima";"261,45";"BR-050/GO";"Sul";"Tombamento";0;0;1;0;0;0;0;0;0;0;0;0;1;0;0
"11/12/2019";"17:17:00";"132";"sem vítima";"29,22";"BR-050/MG";"Norte";"Tombamento";0;0;0;0;0;0;0;0;0;1;5;0;0;0;0
"11/12/2019";"17:23:00";"133";"com vítima";"137,8";"BR-050/MG";"Norte";"Capotamento";0;0;1;0;0;0;0;0;0;0;0;1;0;0;0
"11/12/2019";"21:53:00";"174";"sem vítima";"271";"BR-050/GO";"Sul";"Saida de Pista";1;0;1;0;0;0;0;0;0;0;2;0;0;0;0
"12/12/2019";"00:59:00";"5";"sem vítima";"127,5";"BR-050/MG";"Norte";"Colisão Traseira";0;0;1;0;0;0;0;0;0;1;2;0;0;0;0
"12/12/2019";"10:42:00";"58";"sem vítima";"187,6";"BR-050/MG";"Norte";"Colisão Traseira";1;0;1;0;0;0;0;0;0;0;2;0;0;0;0
"13/12/2019";"04:20:00";"18";"sem vítima";"45,8";"BR-050/MG";"Norte";"Choque - Defensa, barreira ou meio fio";0;0;0;0;0;0;0;0;0;1;1;0;0;0;0
"13/12/2019";"10:05:00";"51";"sem vítima";"29,9";"BR-050/MG";"Sul";"Choque - Elemento de Drenagem";0;0;0;0;0;0;0;0;0;1;1;0;0;0;0
"13/12/2019";"19:17:00";"161";"sem vítima";"303,65";"BR-050/GO";"Norte";"Saida de Pista";1;0;0;0;0;0;0;0;0;0;4;0;0;0;0
"13/12/2019";"20:01:00";"167";"sem vítima";"110";"BR-050/MG";"Norte";"Saida de Pista";1;0;0;0;0;0;0;0;0;0;1;0;0;0;0
"13/12/2019";"22:13:00";"180";"sem vítima";"178";"BR-050/MG";"Norte";"Saida de Pista";1;0;0;0;0;0;0;0;0;0;5;0;0;0;0
"13/12/2019";"22:18:00";"182";"sem vítima";"37,68";"BR-050/MG";"Norte";"Choque - Elemento de Drenagem";1;0;0;0;0;0;0;0;0;0;2;0;0;0;0
"14/12/2019";"02:51:00";"11";"sem vítima";"166,8";"BR-050/GO";"Sul";"Choque - Talude";0;0;0;0;0;0;0;0;0;1;1;0;0;0;0
"14/12/2019";"08:00:00";"30";"sem vítima";"160,2";"BR-050/MG";"Sul";"Saida de Pista";1;0;0;0;0;0;0;0;0;0;5;0;0;0;0
"14/12/2019";"09:48:00";"52";"com vítima";"279,4";"BR-050/GO";"Norte";"Colisão Transversal";1;0;0;1;0;0;0;0;0;0;1;1;0;0;0
"14/12/2019";"12:10:00";"81";"sem vítima";"18,3";"CT-UDI-MG";"Norte";"Choque - Defensa, barreira ou meio fio";1;0;0;0;0;0;0;0;0;0;5;0;0;0;0
"14/12/2019";"19:54:00";"167";"com vítima";"258";"BR-050/GO";"Sul";"Capotamento";1;0;0;0;0;0;0;0;0;0;3;0;1;0;0
"14/12/2019";"23:06:00";"185";"com vítima";"19";"CT-UDI-MG";"Sul";"Colisão Traseira";1;0;0;0;0;0;0;0;0;1;0;0;3;2;0
"15/12/2019";"03:52:00";"9";"sem vítima";"9,6";"BR-050/MG";"Sul";"Choque - Sinalização";1;0;0;0;0;0;0;0;0;0;1;0;0;0;0
"15/12/2019";"13:51:00";"82";"com vítima";"204,9";"BR-050/MG";"Sul";"Colisão Traseira";1;0;0;1;0;0;0;0;0;0;2;1;0;0;0
"15/12/2019";"19:50:00";"144";"sem vítima";"161,07";"BR-050/MG";"Sul";"Tombamento";1;0;0;0;0;0;0;0;0;0;1;0;0;0;0
"15/12/2019";"20:40:00";"152";"sem vítima";"17,5";"CT-UDI-MG";"Sul";"Colisão Traseira";1;0;0;0;0;0;0;0;0;1;4;0;0;0;0
"16/12/2019";"06:53:00";"14";"com vítima";"11,605";"BR-050/MG";"Norte";"Choque - Talude";1;0;0;0;0;0;0;0;0;0;2;0;2;0;0
"16/12/2019";"10:48:00";"45";"sem vítima";"163,81";"BR-050/MG";"Norte";"Saida de Pista";1;0;0;0;0;0;0;0;0;0;2;0;0;0;0
"18/12/2019";"01:26:00";"5";"com vítima";"185";"BR-050/MG";"Norte";"Colisão Traseira";1;0;0;0;0;0;0;0;0;1;1;1;0;0;0
"18/12/2019";"12:34:00";"68";"sem vítima";"58";"BR-050/MG";"Sul";"Choque - Defensa, barreira ou meio fio";0;0;0;1;0;0;0;0;0;0;1;0;0;0;0
"18/12/2019";"13:12:00";"77";"sem vítima";"47,6";"BR-050/MG";"Sul";"Choque - Defensa, barreira ou meio fio";1;0;0;0;0;0;0;0;0;0;1;0;0;0;0
"18/12/2019";"17:24:00";"117";"com vítima";"145,2";"BR-050/MG";"Sul";"Colisão Frontal";1;0;0;0;0;0;0;0;0;1;0;0;2;0;0
"18/12/2019";"17:36:00";"118";"sem vítima";"16,83";"CT-UDI-MG";"Norte";"Capotamento";1;0;0;0;0;0;0;0;0;0;1;0;0;0;0
"18/12/2019";"19:46:00";"135";"sem vítima";"178";"BR-050/MG";"Sul";"Saida de Pista";1;0;0;0;0;0;0;0;0;0;1;0;0;0;0
"18/12/2019";"23:41:00";"163";"com vítima";"33,8";"BR-050/MG";"Sul";"Choque - Arvore";0;0;0;0;0;0;0;0;0;1;1;2;0;0;0
"19/12/2019";"08:50:00";"53";"com vítima";"261";"BR-050/GO";"Norte";"Colisão Frontal";2;0;0;0;0;0;0;0;0;0;2;2;0;0;0
"19/12/2019";"10:48:00";"79";"sem vítima";"65";"BR-050/MG";"Sul";"Tombamento";0;0;1;0;0;0;0;0;0;0;1;0;0;0;0
"19/12/2019";"10:53:00";"80";"sem vítima";"65";"BR-050/MG";"Sul";"Colisão Traseira";0;0;1;0;0;0;0;0;0;1;5;0;0;0;0
"19/12/2019";"13:49:00";"101";"sem vítima";"182";"BR-050/GO";"Norte";"Saida de Pista";1;0;0;0;0;0;0;0;0;0;3;0;0;0;0
"19/12/2019";"20:06:00";"163";"sem vítima";"49,85";"BR-050/MG";"Sul";"Choque - Obstáculo Fixo";0;0;0;0;0;0;0;0;0;1;1;0;0;0;0
"20/12/2019";"02:52:00";"14";"sem vítima";"209";"BR-050/GO";"Sul";"Choque - Defensa, barreira ou meio fio";0;0;1;0;0;0;0;0;0;0;2;0;0;0;0
"20/12/2019";"14:06:00";"98";"sem vítima";"189";"BR-050/GO";"Sul";"Colisão Traseira";0;0;2;0;0;0;0;0;0;0;2;0;0;0;0
"20/12/2019";"14:07:00";"99";"sem vítima";"148,1";"BR-050/MG";"Sul";"Choque - Arvore";0;0;0;0;0;0;0;0;0;1;1;0;0;0;0
"20/12/2019";"17:11:00";"130";"com vítima";"59,8";"BR-050/MG";"Norte";"Tombamento";0;0;0;0;0;1;0;0;0;1;2;1;0;0;0
"20/12/2019";"17:16:00";"136";"sem vítima";"279";"BR-050/GO";"Norte";"Colisão Lateral";1;0;1;0;0;0;0;0;0;0;4;0;0;0;0
"20/12/2019";"17:21:00";"137";"sem vítima";"2,2";"CT-UDI-MG";"Sul";"Choque - Defensa, barreira ou meio fio";1;0;0;0;0;0;0;0;0;0;2;0;0;0;0
"20/12/2019";"17:45:00";"144";"sem vítima";"174";"BR-050/MG";"Norte";"Carreta deu L";0;0;1;0;0;1;0;0;0;0;2;0;0;0;0
"20/12/2019";"18:10:00";"147";"sem vítima";"261,2";"BR-050/GO";"Sul";"Choque - Sinalização";1;0;0;0;0;0;0;0;0;0;1;0;0;0;0
"20/12/2019";"18:35:00";"148";"sem vítima";"176";"BR-050/MG";"Norte";"Engavetamento";3;0;0;0;0;0;0;0;0;0;5;0;0;0;0
"20/12/2019";"18:41:00";"149";"sem vítima";"176";"BR-050/MG";"Sul";"Colisão Traseira";1;0;1;0;0;0;0;0;0;0;2;0;0;0;0
"20/12/2019";"19:05:00";"152";"com vítima";"176,8";"BR-050/MG";"Norte";"Engavetamento";2;0;0;0;0;1;0;0;0;0;1;2;0;0;0
"20/12/2019";"23:58:00";"197";"com vítima";"120";"BR-050/MG";"Sul";"Capotamento";0;0;0;0;0;0;0;0;0;1;1;3;0;0;0
"21/12/2019";"04:39:00";"28";"com vítima";"148,7";"BR-050/MG";"Sul";"Capotamento";1;0;0;0;0;0;0;0;0;0;0;1;1;0;0
"21/12/2019";"06:31:00";"36";"sem vítima";"207,299";"BR-050/GO";"Norte";"Capotamento";1;0;0;0;0;0;0;0;0;0;3;0;0;0;0
"21/12/2019";"08:03:00";"47";"sem vítima";"198";"BR-050/MG";"Norte";"Choque - Veiculo parado na pista";1;0;0;0;0;0;0;0;0;1;7;0;0;0;0
"21/12/2019";"08:29:00";"49";"sem vítima";"56,45";"BR-050/MG";"Sul";"Choque - Defensa, barreira ou meio fio";1;0;0;0;0;0;0;0;0;0;1;0;0;0;0
"21/12/2019";"09:11:00";"63";"sem vítima";"18,76";"BR-050/MG";"Sul";"Choque - Defensa, barreira ou meio fio";1;0;0;0;0;0;0;0;0;0;4;0;0;0;0
"21/12/2019";"09:39:00";"65";"com vítima";"176,2";"BR-050/MG";"Norte";"Engavetamento";3;0;0;0;0;0;0;0;0;0;8;1;0;0;0
"21/12/2019";"15:15:00";"162";"sem vítima";"167,48";"BR-050/GO";"Norte";"Saida de Pista";1;0;0;0;0;0;0;0;0;0;4;0;0;0;0
"21/12/2019";"20:23:00";"234";"com vítima";"0,1";"BR-050/MG";"Norte";"Saida de Pista";0;0;0;0;0;0;0;0;0;1;1;1;0;0;0
"22/12/2019";"03:56:00";"14";"sem vítima";"13,8";"BR-050/MG";"Norte";"Choque - Elemento de Drenagem";1;0;0;0;0;0;0;0;0;0;4;0;0;0;0
"22/12/2019";"07:24:00";"34";"com vítima";"43,59";"BR-050/MG";"Sul";"Queda de Moto";0;0;0;1;0;0;0;0;0;0;0;2;0;0;0
"22/12/2019";"15:56:00";"112";"com vítima";"254,8";"BR-050/GO";"Norte";"Capotamento";1;0;0;0;0;0;0;0;0;0;2;4;1;0;0
"22/12/2019";"17:39:00";"136";"sem vítima";"105";"BR-050/MG";"Norte";"Engavetamento";1;0;0;0;0;1;0;0;0;1;5;0;0;0;0
"22/12/2019";"17:49:00";"140";"sem vítima";"58,95";"BR-050/MG";"Sul";"Choque - Elemento de Drenagem";1;0;0;0;0;0;0;0;0;0;4;0;0;0;0
"22/12/2019";"18:04:00";"141";"sem vítima";"247,5";"BR-050/GO";"Sul";"Tombamento";1;0;0;0;0;0;0;0;0;0;1;0;0;0;0
"23/12/2019";"07:16:00";"29";"com vítima";"7";"BR-050/MG";"Sul";"Capotamento";1;0;0;0;0;0;0;0;0;0;1;3;0;0;0
"23/12/2019";"12:15:00";"81";"com vítima";"215";"BR-050/GO";"Sul";"Capotamento";1;0;0;0;0;0;0;0;0;0;1;1;0;0;0
"23/12/2019";"13:18:00";"89";"sem vítima";"206,9";"BR-050/MG";"Norte";"Colisão Traseira";0;0;0;0;0;0;0;0;0;2;5;0;0;0;0
"23/12/2019";"13:26:00";"92";"com vítima";"254,5";"BR-050/GO";"Norte";"Saida de Pista";0;0;1;0;0;0;0;0;0;0;1;0;1;0;0
"24/12/2019";"03:02:00";"13";"com vítima";"122,8";"BR-050/MG";"Sul";"Capotamento";1;0;0;0;0;0;0;0;0;0;1;2;1;0;0
"24/12/2019";"03:07:00";"14";"sem vítima";"178,6";"BR-050/MG";"Norte";"Tombamento";0;0;1;0;0;0;0;0;0;0;2;0;0;0;0
"24/12/2019";"03:14:00";"15";"com vítima";"24,12";"BR-050/MG";"Sul";"Capotamento";1;0;0;0;0;0;0;0;0;0;0;2;2;0;0
"24/12/2019";"11:54:00";"75";"com vítima";"174";"BR-050/MG";"Sul";"Queda de Moto";0;0;0;1;0;0;0;0;0;0;0;2;0;0;0
"24/12/2019";"20:37:00";"145";"sem vítima";"184";"BR-050/MG";"Sul";"Colisão lateral no mesmo sentido";1;0;0;0;1;0;0;0;0;0;16;0;0;0;0
"24/12/2019";"21:04:00";"148";"com vítima";"158";"BR-050/MG";"Norte";"Capotamento";1;0;0;0;0;0;0;0;0;0;1;3;0;0;0
"24/12/2019";"23:25:00";"161";"com vítima";"15,2";"CT-UDI-MG";"Norte";"Colisão Traseira";2;0;0;0;0;0;0;0;0;0;1;1;0;0;0
"25/12/2019";"02:58:00";"8";"com vítima";"178";"BR-050/MG";"Norte";"Queda de Moto";0;0;0;1;0;0;0;0;0;0;0;1;0;0;0
"25/12/2019";"14:12:00";"48";"sem vítima";"156,94";"BR-050/GO";"Sul";"Saida de Pista";1;0;0;0;0;0;0;0;0;0;2;0;0;0;0
"25/12/2019";"17:10:00";"73";"sem vítima";"115,1";"BR-050/MG";"Norte";"Saida de Pista";1;0;0;0;0;0;0;0;0;0;2;0;0;0;0
"26/12/2019";"08:23:00";"27";"sem vítima";"280,6";"BR-050/GO";"Norte";"Colisão Transversal";1;0;0;0;0;0;0;0;0;1;3;0;0;0;0
"26/12/2019";"09:56:00";"38";"com vítima";"222,72";"BR-050/GO";"Sul";"Capotamento";1;0;0;0;0;0;0;0;0;0;0;1;1;0;0
"26/12/2019";"16:01:00";"92";"sem vítima";"119,3";"BR-050/GO";"Sul";"Saida de Pista";0;0;0;0;0;0;0;0;0;1;3;0;0;0;0
"26/12/2019";"17:49:00";"107";"sem vítima";"171";"BR-050/MG";"Norte";"Colisão Traseira";2;0;0;0;0;0;0;0;0;0;2;0;0;0;0
"26/12/2019";"18:16:00";"111";"sem vítima";"164";"BR-050/MG";"Sul";"Choque - Elemento de Drenagem";1;0;0;0;0;0;0;0;0;0;3;0;0;0;0
"26/12/2019";"19:45:00";"122";"sem vítima";"105,7";"BR-050/GO";"Norte";"Tombamento";0;0;1;0;0;0;0;0;0;0;1;0;0;0;0
"26/12/2019";"23:13:00";"149";"sem vítima";"140,5";"BR-050/MG";"Norte";"Tombamento";0;0;1;0;0;0;0;0;0;0;1;0;0;0;0
"28/12/2019";"07:56:00";"31";"com vítima";"84,64";"BR-050/MG";"Norte";"Queda de Moto";0;0;0;1;0;0;0;0;0;0;0;1;0;0;0
"28/12/2019";"09:03:00";"41";"sem vítima";"296,5";"BR-050/GO";"Norte";"Colisão Lateral";0;0;1;0;0;0;0;0;0;1;3;0;0;0;0
"28/12/2019";"11:51:00";"81";"com vítima";"314";"BR-050/GO";"Sul";"Engavetamento";3;0;0;0;1;0;0;0;0;1;25;4;2;0;1
"28/12/2019";"11:57:00";"82";"sem vítima";"198";"BR-050/MG";"Sul";"Colisão Traseira";2;0;0;0;0;0;0;0;0;0;9;0;0;0;0
"28/12/2019";"13:03:00";"91";"sem vítima";"177,5";"BR-050/MG";"Norte";"Choque - Defensa, barreira ou meio fio";1;0;0;0;0;0;0;0;0;0;1;0;0;0;0
"28/12/2019";"15:51:00";"118";"com vítima";"14,55";"CT-UDI-MG";"Norte";"Colisão Traseira";0;0;0;2;0;0;0;0;0;0;1;1;0;0;0
"28/12/2019";"17:49:00";"138";"com vítima";"182";"BR-050/MG";"Norte";"Queda de Moto";0;0;0;1;0;0;0;0;0;0;0;2;0;0;0
"29/12/2019";"00:19:00";"1";"sem vítima";"218";"BR-050/GO";"Sul";"Saida de Pista";1;0;0;0;0;0;0;0;0;0;1;0;0;0;0
"29/12/2019";"03:00:00";"10";"sem vítima";"174,5";"BR-050/GO";"Sul";"Saida de Pista";1;0;0;0;0;0;0;0;0;0;2;0;0;0;0
"29/12/2019";"09:19:00";"37";"sem vítima";"217,879";"BR-050/GO";"Sul";"Capotamento";1;0;0;0;0;0;0;0;0;0;1;0;0;0;0
"29/12/2019";"10:56:00";"51";"com vítima";"111,4";"BR-050/GO";"Sul";"Capotamento";1;0;0;0;0;0;0;0;0;0;4;1;0;0;0
"29/12/2019";"14:46:00";"79";"sem vítima";"33,16";"BR-050/MG";"Norte";"Choque - Elemento de Drenagem";1;0;0;0;0;0;0;0;0;0;5;0;0;0;0
"31/12/2019";"15:53:00";"93";"sem vítima";"111,8";"BR-050/MG";"Sul";"Queda de Moto";0;0;0;1;0;0;0;0;0;0;1;0;0;0;0
"01/01/2020";"02:29:00";"6";"com vítima";"176,4";"BR-050/MG";"Norte";"Choque - Meio fio";1;0;0;0;0;0;0;0;0;0;0;1;0;0;0
"01/01/2020";"08:25:00";"17";"sem vítima";"179,98";"BR-050/MG";"Sul";"Choque - Defensa, barreira ou meio fio";1;0;0;0;0;0;0;0;0;0;0;0;0;0;0
"01/01/2020";"11:48:00";"31";"sem vítima";"207";"BR-050/GO";"Norte";"Choque - Defensa, barreira ou meio fio";1;0;0;0;0;0;0;0;0;0;2;0;0;0;0
"01/01/2020";"14:49:00";"50";"com vítima";"100,88";"BR-050/MG";"Sul";"Capotamento";1;0;0;0;0;0;0;0;0;0;0;1;0;0;0
"01/01/2020";"16:04:00";"60";"sem vítima";"28,86";"BR-050/MG";"Norte";"Choque - Elemento de Drenagem";1;0;0;0;0;0;0;0;0;0;2;0;0;0;0
"01/01/2020";"20:13:00";"97";"sem vítima";"28,4";"BR-050/MG";"Norte";"Choque - Sinalização";1;0;0;0;0;0;0;0;0;0;1;0;0;0;0
"01/01/2020";"22:58:00";"112";"com vítima";"213,42";"BR-050/GO";"Norte";"Capotamento";1;0;0;0;0;0;0;0;0;0;1;2;0;0;0
"02/01/2020";"00:25:00";"2";"sem vítima";"25,5";"BR-050/MG";"Sul";"Choque - Defensa, barreira ou meio fio";1;0;0;0;0;0;0;0;0;0;5;0;0;0;0
"02/01/2020";"05:31:00";"15";"sem vítima";"194,5";"BR-050/GO";"Sul";"Capotamento";1;0;0;0;0;0;0;0;0;0;2;0;0;0;0
"02/01/2020";"08:15:00";"32";"sem vítima";"51";"BR-050/MG";"Sul";"Queda de Moto";0;0;0;1;0;0;0;0;0;0;1;0;0;0;0
"02/01/2020";"09:05:00";"40";"com vítima";"159,9";"BR-050/GO";"Norte";"Capotamento";1;0;0;0;0;0;0;0;0;0;1;4;0;0;0
"02/01/2020";"10:01:00";"48";"sem vítima";"45";"BR-050/MG";"Norte";"Saida de Pista";1;0;0;0;0;0;0;0;0;0;1;0;0;0;0
"02/01/2020";"10:13:00";"50";"sem vítima";"58";"BR-050/MG";"Norte";"Saida de Pista";0;0;0;0;0;0;0;0;0;1;2;0;0;0;0
"02/01/2020";"10:28:00";"52";"sem vítima";"3";"CT-UDI-MG";"Norte";"Capotamento";1;0;0;0;0;0;0;0;0;0;1;0;0;0;0
"02/01/2020";"14:08:00";"84";"sem vítima";"132,8";"BR-050/GO";"Sul";"Colisão Lateral";1;0;1;0;0;0;0;0;0;0;4;0;0;0;0
"02/01/2020";"16:20:00";"103";"com vítima";"235";"BR-050/GO";"Sul";"Choque - Elemento de Drenagem";0;0;0;0;0;0;0;0;0;1;2;1;0;0;0
"02/01/2020";"17:18:00";"111";"com vítima";"156,2";"BR-050/MG";"Norte";"Capotamento";1;0;0;0;0;0;0;0;0;0;0;1;0;0;0
"02/01/2020";"17:34:00";"115";"sem vítima";"189,8";"BR-050/MG";"Sul";"Capotamento";1;0;0;0;0;0;0;0;0;0;1;0;0;0;0
"02/01/2020";"19:31:00";"133";"sem vítima";"175";"BR-050/MG";"Norte";"Colisão Lateral";1;0;1;0;0;0;0;0;0;0;2;0;0;0;0
"03/01/2020";"05:36:00";"18";"sem vítima";"99,1";"BR-050/GO";"Norte";"Colisão Lateral";1;0;1;0;0;0;0;0;0;0;4;0;0;0;0
"03/01/2020";"07:55:00";"31";"com vítima";"280,95";"BR-050/GO";"Norte";"Colisão Frontal";1;0;1;0;0;0;0;0;0;0;3;2;0;0;0
"03/01/2020";"08:42:00";"37";"sem vítima";"141";"BR-050/MG";"Sul";"Tombamento";0;0;1;0;0;0;0;0;0;0;2;0;0;0;0
"03/01/2020";"09:40:00";"45";"sem vítima";"189";"BR-050/MG";"Sul";"Colisão Traseira";2;0;0;0;0;0;0;0;0;0;5;0;0;0;0
"03/01/2020";"12:53:00";"80";"com vítima";"286,4";"BR-050/GO";"Norte";"Colisão Traseira";2;0;0;0;0;0;0;0;0;0;2;1;0;0;0
"03/01/2020";"12:57:00";"81";"com vítima";"138,3";"BR-050/MG";"Norte";"Choque - Talude";1;0;0;0;0;0;0;0;0;0;0;0;1;0;0
"03/01/2020";"13:08:00";"83";"com vítima";"180,05";"BR-050/MG";"Sul";"Colisão Traseira";0;0;0;1;0;1;0;0;0;0;0;2;0;0;0
"03/01/2020";"16:35:00";"118";"sem vítima";"303,95";"BR-050/GO";"Norte";"Colisão Traseira";1;0;0;0;0;0;0;0;0;1;5;0;0;0;0
"03/01/2020";"17:43:00";"132";"com vítima";"162";"BR-050/GO";"Norte";"Capotamento";1;0;0;0;0;0;0;0;0;0;0;0;1;0;0
"03/01/2020";"21:28:00";"166";"com vítima";"280,5";"BR-050/GO";"Norte";"Queda de Moto";1;0;0;1;0;0;0;0;0;0;0;1;0;0;0
"04/01/2020";"02:48:00";"14";"sem vítima";"53";"BR-050/MG";"Sul";"Choque - Defensa, barreira ou meio fio";1;0;0;0;0;0;0;0;0;0;3;0;0;0;0
"04/01/2020";"03:46:00";"17";"com vítima";"161,1";"BR-050/GO";"Sul";"Choque - Elemento de Drenagem";1;0;0;0;0;0;0;0;0;0;3;2;0;0;0
"05/01/2020";"02:31:00";"4";"com vítima";"30";"BR-050/MG";"Norte";"Capotamento";1;0;0;0;0;0;0;0;0;0;0;1;0;0;0
"05/01/2020";"03:56:00";"8";"com vítima";"56,35";"BR-050/MG";"Norte";"Colisão Traseira";1;0;0;0;0;0;0;0;0;1;2;3;0;0;0
"05/01/2020";"11:32:00";"62";"sem vítima";"268,2";"BR-050/GO";"Norte";"Saida de Pista";1;0;0;0;0;0;0;0;0;0;1;0;0;0;0
"05/01/2020";"12:43:00";"75";"com vítima";"111,78";"BR-050/MG";"Norte";"Saida de Pista";1;0;0;0;0;0;0;0;0;0;0;2;0;0;0
"05/01/2020";"13:34:00";"83";"com vítima";"183,7";"BR-050/MG";"Sul";"Queda de Moto";0;0;0;1;0;0;0;0;0;0;0;1;1;0;0
"05/01/2020";"17:19:00";"125";"sem vítima";"105,1";"BR-050/MG";"Norte";"Choque - Veiculo parado na pista";2;0;0;0;0;0;0;0;0;0;7;0;0;0;0
"06/01/2020";"06:54:00";"21";"com vítima";"177,95";"BR-050/MG";"Sul";"Queda de Moto";0;0;0;1;0;0;0;0;0;0;1;1;0;0;0
"06/01/2020";"13:52:00";"94";"sem vítima";"207,14";"BR-050/GO";"Sul";"Choque - Elemento de Drenagem";1;0;0;0;0;0;0;0;0;0;4;0;0;0;0
"06/01/2020";"14:55:00";"102";"com vítima";"254,1";"BR-050/GO";"Norte";"Choque - Elemento de Drenagem";1;0;0;0;0;0;0;0;0;0;0;2;0;0;0
"07/01/2020";"03:07:00";"8";"com vítima";"250,129";"BR-050/GO";"Norte";"Colisão Traseira";0;0;2;0;0;0;0;0;0;0;1;1;1;0;0
"07/01/2020";"07:25:00";"25";"sem vítima";"167,3";"BR-050/MG";"Norte";"Atropelamento de Animal";0;0;0;1;0;0;0;0;0;0;1;0;0;0;0
"07/01/2020";"07:30:00";"26";"sem vítima";"176,8";"BR-050/MG";"Sul";"Colisão Traseira";1;0;0;0;0;1;0;0;0;0;1;0;0;0;0
"07/01/2020";"15:14:00";"118";"sem vítima";"303,5";"BR-050/GO";"Sul";"Choque - Defensa, barreira ou meio fio";0;0;1;0;0;0;0;0;0;0;1;0;0;0;0
"07/01/2020";"22:19:00";"182";"sem vítima";"180";"BR-050/MG";"Norte";"Choque - Elemento de Drenagem";1;0;0;0;0;0;0;0;0;0;4;0;0;0;0
"08/01/2020";"01:28:00";"4";"sem vítima";"126,68";"BR-050/GO";"Norte";"Capotamento";0;0;1;0;0;0;0;0;0;0;1;0;0;0;0
"08/01/2020";"19:13:00";"169";"sem vítima";"280";"BR-050/GO";"Sul";"Engavetamento";1;0;0;0;0;0;0;0;0;2;3;0;0;0;0
"08/01/2020";"21:51:00";"194";"com vítima";"59,45";"BR-050/MG";"Sul";"Capotamento";1;0;0;0;0;0;0;0;0;0;0;4;0;0;0
"09/01/2020";"11:24:00";"59";"sem vítima";"9,92";"CT-UDI-MG";"Sul";"Saida de Pista";1;0;0;0;0;0;0;0;0;0;6;0;0;0;0
"09/01/2020";"13:40:00";"75";"sem vítima";"177,7";"BR-050/MG";"Sul";"Choque - Defensa, barreira ou meio fio";1;0;0;0;0;0;0;0;0;0;1;0;0;0;0
"09/01/2020";"14:58:00";"84";"sem vítima";"149,98";"BR-050/GO";"Norte";"Saida de Pista";1;0;0;0;0;0;0;0;0;0;1;0;0;0;0
"11/01/2020";"06:19:00";"18";"sem vítima";"52,6";"BR-050/MG";"Norte";"Choque - Elemento de Drenagem";1;0;0;0;0;0;0;0;0;0;2;0;0;0;0
"11/01/2020";"11:26:00";"83";"sem vítima";"138,5";"BR-050/MG";"Norte";"Choque - Sinalização";1;0;0;0;0;0;0;0;0;0;2;0;0;0;0
"11/01/2020";"16:53:00";"144";"com vítima";"143,5";"BR-050/MG";"Norte";"Choque - Elemento de Drenagem";1;0;0;0;0;0;0;0;0;0;2;2;0;0;0
"12/01/2020";"11:19:00";"76";"com vítima";"30,5";"BR-050/MG";"Sul";"Choque - Meio fio";0;0;0;1;0;0;0;0;0;0;0;1;0;0;0
"12/01/2020";"11:37:00";"80";"sem vítima";"248,5";"BR-050/GO";"Norte";"Colisão Transversal";2;0;0;0;0;0;0;0;0;0;4;0;0;0;0