data;horario;n_da_ocorrencia;tipo_de_ocorrencia;km;trecho;sentido;tipo_de_acidente;automovel;bicicleta;caminhao;moto;onibus;outros;tracao_animal;transporte_de_cargas_especiais;trator_maquinas;utilitarios;ilesos;levemente_feridos;moderadamente_feridos;gravemente_feridos;mortos
"29/02/2020";"01:44:00";"7";"sem vítima";"273";"BR-050/GO";"Sul";"Choque - Elemento de Drenagem";1;0;0;0;0;0;0;0;0;0;2;0;0;0;0
"29/02/2020";"14:55:00";"127";"sem vítima";"204";"BR-050/MG";"Sul";"Saida de Pista";1;0;0;0;0;0;0;0;0;0;3;0;0;0;0
"01/03/2020";"05:19:00";"14";"sem vítima";"100,5";"BR-050/GO";"Norte";"Choque - Sinalização";1;0;0;0;0;0;0;0;0;0;4;0;0;0;0
"01/03/2020";"11:05:00";"61";"com vítima";"28,8";"BR-050/MG";"Norte";"Colisão Traseira";0;0;2;0;0;0;0;0;0;0;0;2;0;0;0
"01/03/2020";"11:58:00";"72";"sem vítima";"175,2";"BR-050/MG";"Norte";"Colisão Traseira";1;0;1;0;0;0;0;0;0;0;3;0;0;0;0
"01/03/2020";"12:12:00";"74";"com vítima";"259,3";"BR-050/GO";"Norte";"Saida de Pista";0;0;0;0;0;0;0;0;0;1;1;1;0;0;0
"01/03/2020";"12:42:00";"77";"sem vítima";"176";"BR-050/MG";"Norte";"Colisão Traseira";1;0;1;0;0;0;0;0;0;0;2;0;0;0;0
"01/03/2020";"15:59:00";"104";"sem vítima";"171";"BR-050/MG";"Norte";"Choque - Defensa, barreira ou meio fio";0;0;0;0;0;0;0;0;0;1;1;0;0;0;0
"01/03/2020";"17:09:00";"122";"sem vítima";"198";"BR-050/MG";"Norte";"Colisão Traseira";0;0;0;0;1;0;0;0;0;1;40;0;0;0;0
"01/03/2020";"17:45:00";"125";"com vítima";"18,7";"BR-050/MG";"Sul";"Choque - Defensa, barreira ou meio fio";0;0;0;0;0;0;0;0;0;1;0;1;0;0;0
"01/03/2020";"18:07:00";"127";"com vítima";"180";"BR-050/MG";"Norte";"Colisão Traseira";1;0;0;1;0;0;0;0;0;0;1;1;0;0;0
"01/03/2020";"19:57:00";"147";"com vítima";"201";"BR-050/GO";"Norte";"Colisão Transversal";2;0;0;0;0;0;0;0;0;0;6;1;0;0;0
"01/03/2020";"20:01:00";"150";"com vítima";"94";"BR-050/MG";"Norte";"Capotamento";1;0;0;0;0;0;0;0;0;0;0;1;0;0;0
"02/03/2020";"05:25:00";"17";"com vítima";"93,9";"BR-050/MG";"Norte";"Capotamento";0;0;0;0;0;0;0;0;0;1;0;1;0;0;0
"02/03/2020";"06:02:00";"18";"com vítima";"118,8";"BR-050/MG";"Sul";"Capotamento";0;0;0;0;0;0;0;0;0;1;0;1;0;0;0
"02/03/2020";"14:28:00";"93";"com vítima";"27,7";"BR-050/MG";"Sul";"Choque - Defensa, barreira ou meio fio";1;0;0;0;0;0;0;0;0;0;0;1;0;0;0
"03/03/2020";"11:17:00";"90";"sem vítima";"286,7";"BR-050/GO";"Norte";"Colisão Traseira";0;0;1;0;0;1;0;0;0;0;2;0;0;0;0
"03/03/2020";"12:20:00";"99";"com vítima";"174,3";"BR-050/GO";"Sul";"Capotamento";0;0;1;0;0;0;0;0;0;0;0;0;1;0;0
"03/03/2020";"16:08:00";"145";"sem vítima";"185,61";"BR-050/MG";"Norte";"Atropelamento de Animal";1;0;0;0;0;0;0;0;0;0;1;0;0;0;0
"03/03/2020";"21:45:00";"193";"sem vítima";"281";"BR-050/GO";"Sul";"Colisão Frontal";2;0;0;0;0;0;0;0;0;0;2;0;0;0;0
"04/03/2020";"06:37:00";"24";"sem vítima";"257,5";"BR-050/GO";"Sul";"Saida de Pista";1;0;0;0;0;0;0;0;0;0;4;0;0;0;0
"04/03/2020";"08:58:00";"50";"sem vítima";"113,9";"BR-050/MG";"Norte";"Saida de Pista";0;0;0;0;0;0;0;0;0;1;4;0;0;0;0
"04/03/2020";"11:06:00";"82";"sem vítima";"179,35";"BR-050/MG";"Norte";"Colisão Traseira";0;0;2;0;0;0;0;0;0;0;3;0;0;0;0
"04/03/2020";"14:33:00";"119";"sem vítima";"177,9";"BR-050/MG";"Sul";"Colisão Traseira";1;0;1;0;0;0;0;0;0;0;2;0;0;0;0
"05/03/2020";"17:12:00";"188";"sem vítima";"257,149";"BR-050/GO";"Sul";"Saida de Pista";0;0;0;0;0;0;0;0;0;1;2;0;0;0;0
"05/03/2020";"19:19:00";"209";"com vítima";"17,75";"CT-UDI-MG";"Sul";"Colisão Traseira";1;0;0;1;0;1;0;0;0;0;2;0;1;0;0
"06/03/2020";"04:57:00";"32";"com vítima";"81";"BR-050/MG";"Norte";"Choque - Defensa, barreira ou meio fio";1;0;0;0;0;0;0;0;0;0;0;0;0;1;0
"06/03/2020";"06:39:00";"37";"com vítima";"172,401";"BR-050/MG";"Sul";"Choque - Defensa, barreira ou meio fio";0;0;0;0;0;0;0;0;0;1;0;2;0;0;0
"06/03/2020";"07:22:00";"42";"sem vítima";"280,5";"BR-050/GO";"Norte";"Colisão Transversal";1;0;0;1;0;0;0;0;0;0;3;0;0;0;0
"06/03/2020";"08:31:00";"54";"sem vítima";"19,909";"CT-UDI-MG";"Sul";"Choque - Meio fio";1;0;0;0;0;0;0;0;0;0;1;0;0;0;0
"06/03/2020";"12:11:00";"108";"sem vítima";"167,6";"BR-050/MG";"Sul";"Choque - Meio fio";1;0;0;0;0;0;0;0;0;0;1;0;0;0;0
"06/03/2020";"15:13:00";"140";"sem vítima";"119,08";"BR-050/MG";"Sul";"Colisão lateral no mesmo sentido";0;0;1;0;0;0;0;0;0;1;2;0;0;0;0
"06/03/2020";"21:54:00";"211";"sem vítima";"60,5";"BR-050/MG";"Sul";"Choque - Elemento de Drenagem";0;0;0;0;0;0;0;0;0;1;1;0;0;0;0
"07/03/2020";"01:09:00";"5";"com vítima";"19";"CT-UDI-MG";"Norte";"Colisão Traseira";1;0;0;3;0;0;0;0;0;0;2;2;0;0;0
"07/03/2020";"02:45:00";"12";"sem vítima";"274,13";"BR-050/GO";"Norte";"Choque - Elemento de Drenagem";1;0;0;0;0;0;0;0;0;0;1;0;0;0;0
"07/03/2020";"03:52:00";"16";"sem vítima";"183,2";"BR-050/MG";"Norte";"Capotamento";1;0;0;0;0;0;0;0;0;0;3;0;0;0;0
"07/03/2020";"04:35:00";"20";"sem vítima";"105,8";"BR-050/GO";"Norte";"Choque - Arvore";0;0;0;0;0;0;0;0;0;1;2;0;0;0;0
"07/03/2020";"09:08:00";"50";"sem vítima";"258,37";"BR-050/GO";"Norte";"Queda de Moto";0;0;0;1;0;0;0;0;0;0;2;0;0;0;0
"07/03/2020";"11:06:00";"80";"com vítima";"280,5";"BR-050/GO";"Norte";"Colisão Transversal";1;0;0;1;0;0;0;0;0;0;2;2;0;0;0
"07/03/2020";"13:18:00";"103";"com vítima";"131,6";"BR-050/MG";"Norte";"Colisão Traseira";0;0;1;1;0;0;0;0;0;0;1;0;0;1;0
"08/03/2020";"01:03:00";"3";"com vítima";"156,25";"BR-050/MG";"Sul";"Atropelamento de Animal";1;0;0;0;0;0;0;0;0;0;1;1;0;0;0
"08/03/2020";"05:34:00";"17";"sem vítima";"24,6";"BR-050/MG";"Norte";"Choque - Elemento de Drenagem";1;0;0;0;0;0;0;0;0;0;1;0;0;0;0
"08/03/2020";"11:07:00";"65";"com vítima";"273,6";"BR-050/GO";"Sul";"Choque - Defensa, barreira ou meio fio";0;0;0;1;0;0;0;0;0;0;0;1;0;1;0
"08/03/2020";"14:43:00";"106";"com vítima";"96";"BR-050/GO";"Sul";"Atropelamento - Pedestre";1;0;0;0;0;0;0;0;0;0;1;1;0;0;0
"09/03/2020";"07:06:00";"26";"com vítima";"278,5";"BR-050/GO";"Norte";"Colisão Lateral";0;0;0;1;0;0;0;0;0;1;1;2;0;0;0
"09/03/2020";"09:47:00";"58";"sem vítima";"178";"BR-050/MG";"Sul";"Engavetamento";3;0;0;0;0;0;0;0;0;0;5;0;0;0;0
"09/03/2020";"10:11:00";"68";"sem vítima";"178,2";"BR-050/MG";"Sul";"Engavetamento";1;0;0;0;0;0;0;0;0;2;3;0;0;0;0
"09/03/2020";"11:48:00";"104";"sem vítima";"23,52";"BR-050/MG";"Sul";"Tombamento";0;0;1;0;0;0;0;0;0;0;1;0;0;0;0
"09/03/2020";"14:14:00";"125";"com vítima";"209,6";"BR-050/GO";"Sul";"Choque - Defensa, barreira ou meio fio";1;0;0;0;0;0;0;0;0;0;0;1;0;0;0
"09/03/2020";"17:00:00";"158";"sem vítima";"10";"CT-UDI-MG";"Sul";"Choque - Sinalização";1;0;0;0;0;0;0;0;0;0;1;0;0;0;0
"10/03/2020";"02:31:00";"7";"sem vítima";"53,64";"BR-050/MG";"Norte";"Choque - Defensa, barreira ou meio fio";0;0;1;0;0;0;0;0;0;0;2;0;0;0;0
"10/03/2020";"16:02:00";"143";"sem vítima";"105,4";"BR-050/MG";"Norte";"Colisão Traseira";1;0;1;0;0;0;0;0;0;0;3;0;0;0;0
"10/03/2020";"17:18:00";"162";"com vítima";"298";"BR-050/GO";"Norte";"Queda de barreira, ribanceira, ponte ou viaduto";0;0;0;0;0;1;0;0;0;1;2;0;1;0;0
"10/03/2020";"23:41:00";"208";"sem vítima";"174,2";"BR-050/MG";"Norte";"Choque - Meio fio";1;0;0;0;0;0;0;0;0;0;1;0;0;0;0
"11/03/2020";"15:26:00";"112";"com vítima";"115,68";"BR-050/GO";"Sul";"Colisão Lateral";0;0;1;1;0;1;0;0;0;0;2;1;0;0;0
"12/03/2020";"16:08:00";"148";"sem vítima";"297,3";"BR-050/GO";"Sul";"Colisão Traseira";0;0;1;0;0;0;0;0;0;1;6;0;0;0;0
"12/03/2020";"21:29:00";"209";"com vítima";"112,5";"BR-050/GO";"Sul";"Capotamento";0;0;0;0;0;1;0;0;0;1;2;1;0;0;0
"13/03/2020";"05:01:00";"23";"sem vítima";"275,6";"BR-050/GO";"Sul";"Capotamento";1;0;0;0;0;1;0;0;0;0;2;0;0;0;0
"13/03/2020";"16:01:00";"135";"com vítima";"79";"BR-050/MG";"Sul";"Colisão Traseira";1;0;0;1;0;0;0;0;0;0;0;0;0;1;1
"14/03/2020";"00:01:00";"1";"sem vítima";"52,72";"BR-050/MG";"Norte";"Choque - Elemento de Drenagem";1;0;0;0;0;0;0;0;0;0;1;0;0;0;0
"14/03/2020";"00:17:00";"6";"sem vítima";"53,9";"BR-050/MG";"Sul";"Choque - Sinalização";0;0;1;0;0;0;0;0;0;0;2;0;0;0;0
"14/03/2020";"03:25:00";"12";"com vítima";"115,2";"BR-050/GO";"Sul";"Choque - Talude";0;0;0;0;0;0;0;0;0;1;0;1;0;0;0
"14/03/2020";"07:49:00";"37";"sem vítima";"206";"BR-050/GO";"Norte";"Colisão Traseira";0;0;1;0;0;0;0;0;0;1;5;0;0;0;0
"14/03/2020";"19:37:00";"168";"sem vítima";"127,3";"BR-050/MG";"Sul";"Colisão Lateral";1;0;0;0;0;0;0;0;0;0;2;0;0;0;0
"14/03/2020";"22:45:00";"188";"sem vítima";"195";"BR-050/GO";"Norte";"Choque - Defensa, barreira ou meio fio";1;0;0;0;0;0;0;0;0;0;2;0;0;0;0
"15/03/2020";"05:28:00";"12";"sem vítima";"265";"BR-050/GO";"Sul";"Choque - Sinalização";0;0;0;0;0;0;0;0;0;1;1;0;0;0;0
"15/03/2020";"13:52:00";"94";"sem vítima";"27,8";"BR-050/MG";"Sul";"Choque - Defensa, barreira ou meio fio";0;0;1;0;0;0;0;0;0;0;1;0;0;0;0
"15/03/2020";"14:49:00";"105";"sem vítima";"185,95";"BR-050/MG";"Sul";"Choque - Defensa, barreira ou meio fio";0;0;1;0;0;0;0;0;0;0;1;0;0;0;0
"15/03/2020";"15:06:00";"107";"sem vítima";"141,85";"BR-050/MG";"Sul";"Choque - Elemento de Drenagem";1;0;0;0;0;0;0;0;0;0;2;0;0;0;0
"15/03/2020";"15:15:00";"110";"sem vítima";"141,1";"BR-050/MG";"Norte";"Choque - Sinalização";1;0;0;0;0;0;0;0;0;0;2;0;0;0;0
"15/03/2020";"16:25:00";"124";"sem vítima";"140";"BR-050/MG";"Sul";"Capotamento";1;0;0;0;0;0;0;0;0;0;1;0;0;0;0
"15/03/2020";"17:57:00";"140";"sem vítima";"141";"BR-050/MG";"Norte";"Choque - Defensa, barreira ou meio fio";0;0;0;0;0;0;0;0;0;1;1;0;0;0;0
"15/03/2020";"22:14:00";"177";"com vítima";"192,75";"BR-050/MG";"Norte";"Queda de Moto";0;0;0;1;0;0;0;0;0;0;0;0;0;1;0
"16/03/2020";"04:46:00";"17";"sem vítima";"134,25";"BR-050/MG";"Sul";"Choque - Elemento de Drenagem";0;0;0;0;1;0;0;0;0;0;8;0;0;0;0
"16/03/2020";"05:15:00";"20";"sem vítima";"192,3";"BR-050/GO";"Norte";"Choque - Talude";0;0;0;0;0;0;0;0;0;1;1;0;0;0;0
"16/03/2020";"13:46:00";"98";"sem vítima";"106,2";"BR-050/MG";"Norte";"Colisão Traseira";0;0;2;0;0;0;0;0;0;0;2;0;0;0;0
"16/03/2020";"14:43:00";"105";"com vítima";"177,15";"BR-050/MG";"Sul";"Atropelamento de Animal";0;0;0;1;0;0;0;0;0;0;0;1;0;0;0
"16/03/2020";"15:36:00";"114";"com vítima";"61";"BR-050/MG";"Sul";"Capotamento";1;0;0;0;0;0;0;0;0;0;0;1;0;0;0
"17/03/2020";"04:30:00";"21";"com vítima";"140,4";"BR-050/MG";"Norte";"Tombamento";0;0;1;0;0;0;0;0;0;0;0;1;0;0;0
"17/03/2020";"06:03:00";"24";"sem vítima";"122,05";"BR-050/GO";"Norte";"Saida de Pista";0;0;0;0;0;0;0;0;0;1;4;0;0;0;0
"17/03/2020";"14:28:00";"117";"com vítima";"280,6";"BR-050/GO";"Sul";"Colisão Transversal";1;0;1;0;0;0;0;0;0;0;1;1;0;0;0
"17/03/2020";"19:11:00";"169";"sem vítima";"269,6";"BR-050/GO";"Sul";"Colisão Traseira";0;0;1;0;0;0;0;0;0;1;2;0;0;0;0
"17/03/2020";"19:38:00";"172";"com vítima";"110,95";"BR-050/GO";"Norte";"Queda de Ciclista";0;1;0;0;0;0;0;0;0;0;0;1;0;0;0
"17/03/2020";"22:32:00";"193";"sem vítima";"175,45";"BR-050/MG";"Sul";"Choque - Veiculo parado no acostamento";1;0;1;0;0;0;0;0;0;0;4;0;0;0;0
"18/03/2020";"00:52:00";"7";"com vítima";"174,05";"BR-050/MG";"Sul";"Colisão Traseira";0;0;2;0;0;0;0;0;0;0;1;1;0;0;0
"18/03/2020";"23:28:00";"207";"com vítima";"80,6";"BR-050/MG";"Sul";"Atropelamento - Andarilho";0;0;1;0;0;0;0;0;0;0;1;0;0;0;1
"21/03/2020";"06:18:00";"15";"sem vítima";"45,2";"BR-050/MG";"Norte";"Queda de barreira, ribanceira, ponte ou viaduto";1;0;0;0;0;0;0;0;0;0;1;0;0;0;0
"21/03/2020";"10:10:00";"53";"com vítima";"43";"BR-050/MG";"Norte";"Capotamento";1;0;0;0;0;0;0;0;0;0;0;0;1;0;0
"21/03/2020";"11:08:00";"60";"sem vítima";"261,5";"BR-050/GO";"Sul";"Choque - Arvore";1;0;0;0;0;0;0;0;0;0;2;0;0;0;0
"21/03/2020";"16:04:00";"102";"com vítima";"174";"BR-050/MG";"Sul";"Queda de Moto";0;0;0;1;0;0;0;0;0;0;0;2;0;0;0
"21/03/2020";"16:41:00";"108";"sem vítima";"129";"BR-050/MG";"Norte";"Choque - Sinalização";0;0;0;0;0;0;0;0;0;1;2;0;0;0;0
"21/03/2020";"20:29:00";"146";"sem vítima";"197";"BR-050/GO";"Sul";"Choque - Elemento de Drenagem";0;0;1;0;0;0;0;0;0;0;1;0;0;0;0
"21/03/2020";"21:24:00";"150";"com vítima";"52,8";"BR-050/MG";"Sul";"Queda de Moto";0;0;0;1;0;0;0;0;0;0;0;1;0;0;0
"22/03/2020";"03:34:00";"10";"sem vítima";"195,5";"BR-050/GO";"Sul";"Saida de Pista";0;0;0;0;0;0;0;0;0;1;3;0;0;0;0
"22/03/2020";"09:38:00";"28";"sem vítima";"277,6";"BR-050/GO";"Norte";"Choque - Defensa, barreira ou meio fio";1;0;0;0;0;0;0;0;0;0;4;0;0;0;0
"22/03/2020";"11:09:00";"32";"sem vítima";"126,71";"BR-050/MG";"Norte";"Choque - Sinalização";0;0;0;0;0;0;0;0;0;1;1;0;0;0;0
"22/03/2020";"11:19:00";"35";"sem vítima";"260,66";"BR-050/GO";"Sul";"Capotamento";0;0;0;0;0;0;0;0;0;1;1;0;0;0;0
"22/03/2020";"11:27:00";"37";"sem vítima";"260";"BR-050/GO";"Norte";"Saida de Pista";1;0;0;0;0;0;0;0;0;0;2;0;0;0;0
"23/03/2020";"13:00:00";"60";"sem vítima";"278,6";"BR-050/GO";"Norte";"Colisão Transversal";0;0;0;0;0;1;0;0;0;1;2;0;0;0;0
"24/03/2020";"01:47:00";"11";"com vítima";"122,7";"BR-050/MG";"Norte";"Choque - Barranco";0;0;0;0;0;0;0;0;0;1;0;1;0;0;0
"24/03/2020";"09:10:00";"29";"sem vítima";"205,85";"BR-050/GO";"Norte";"Tombamento";0;0;1;0;0;0;0;0;0;0;1;0;0;0;0
"24/03/2020";"12:26:00";"46";"com vítima";"300";"BR-050/GO";"Sul";"Colisão Transversal";0;0;2;0;0;0;0;0;0;0;1;0;1;0;0
"24/03/2020";"13:27:00";"53";"com vítima";"124";"BR-050/MG";"Norte";"Colisão Traseira";0;0;1;1;0;0;0;0;0;0;1;0;1;0;0
"24/03/2020";"19:55:00";"107";"com vítima";"34,9";"BR-050/MG";"Norte";"Colisão Frontal";2;0;1;0;0;0;0;0;0;0;0;1;1;1;1
"25/03/2020";"08:57:00";"27";"sem vítima";"54";"BR-050/MG";"Norte";"Colisão Transversal";0;0;1;0;0;0;0;0;0;1;2;0;0;0;0
"26/03/2020";"18:39:00";"97";"com vítima";"59,6";"BR-050/MG";"Sul";"Colisão Traseira";0;0;1;0;0;0;0;0;0;1;1;0;1;0;0
"26/03/2020";"19:12:00";"101";"com vítima";"3,5";"BR-050/MG";"Sul";"Colisão Traseira";0;0;2;0;0;0;0;0;0;0;1;0;1;0;0
"26/03/2020";"20:21:00";"108";"sem vítima";"110";"BR-050/MG";"Norte";"Colisão Traseira";0;0;2;0;0;0;0;0;0;0;2;0;0;0;0
"27/03/2020";"10:25:00";"51";"com vítima";"197,57";"BR-050/MG";"Norte";"Choque - New jersey";1;0;0;0;0;0;0;0;0;0;0;1;0;0;0
"27/03/2020";"16:36:00";"85";"sem vítima";"263,1";"BR-050/GO";"Sul";"Capotamento";1;0;0;0;0;0;0;0;0;0;1;0;0;0;0
"27/03/2020";"22:38:00";"117";"sem vítima";"56,15";"BR-050/MG";"Norte";"Choque - Meio fio";1;0;0;0;0;0;0;0;0;0;1;0;0;0;0
"28/03/2020";"18:31:00";"149";"com vítima";"21";"CT-UDI-MG";"Norte";"Colisão Traseira";1;1;0;0;0;0;0;0;0;0;1;1;0;0;0
"28/03/2020";"20:02:00";"161";"com vítima";"281";"BR-050/GO";"Sul";"Colisão Transversal";1;0;0;1;0;0;0;0;0;0;3;1;0;0;0
"28/03/2020";"23:06:00";"174";"com vítima";"82,46";"BR-050/MG";"Sul";"Atropelamento de Animal";1;0;0;0;0;0;0;0;0;0;1;2;1;0;0
"29/03/2020";"03:26:00";"7";"sem vítima";"25,3";"BR-050/MG";"Norte";"Saida de Pista";1;0;0;0;0;0;0;0;0;0;2;0;0;0;0
"29/03/2020";"13:53:00";"52";"com vítima";"10";"BR-050/MG";"Sul";"Queda de Moto";0;0;0;1;0;0;0;0;0;0;0;1;1;0;0
"29/03/2020";"22:00:00";"98";"sem vítima";"41,1";"BR-050/MG";"Norte";"Saida de Pista";0;0;1;0;0;0;0;0;0;0;1;0;0;0;0
"30/03/2020";"05:44:00";"9";"sem vítima";"204,2";"BR-050/GO";"Sul";"Capotamento";1;0;0;0;0;0;0;0;0;0;1;0;0;0;0
"30/03/2020";"08:09:00";"20";"sem vítima";"116";"BR-050/MG";"Norte";"Choque - Elemento de Drenagem";1;0;0;0;0;0;0;0;0;0;1;0;0;0;0
"31/03/2020";"07:26:00";"17";"com vítima";"138,249";"BR-050/MG";"Norte";"Colisão lateral no mesmo sentido";1;0;1;0;0;0;0;0;0;0;1;1;0;0;0
"31/03/2020";"08:18:00";"23";"sem vítima";"14,48";"BR-050/MG";"Sul";"Tombamento";0;0;1;0;0;0;0;0;0;0;1;0;0;0;0
"01/04/2020";"11:57:00";"66";"com vítima";"259";"BR-050/GO";"Sul";"Capotamento";1;0;0;0;0;0;0;0;0;0;2;1;1;0;0
"01/04/2020";"23:55:00";"140";"sem vítima";"8,3";"BR-050/MG";"Sul";"Choque - Arvore";0;0;1;0;0;0;0;0;0;0;1;0;0;0;0
"02/04/2020";"20:50:00";"148";"sem vítima";"78,8";"BR-050/MG";"Sul";"Saida de Pista";1;0;0;0;0;0;0;0;0;0;1;0;0;0;0
"02/04/2020";"21:20:00";"151";"sem vítima";"86,7";"BR-050/MG";"Sul";"Saida de Pista";0;0;1;0;0;0;0;0;0;0;1;0;0;0;0
"02/04/2020";"22:19:00";"157";"com vítima";"15";"CT-UDI-MG";"Sul";"Choque - Defensa metálica";0;0;0;1;0;0;0;0;0;0;0;0;2;0;0
"03/04/2020";"06:33:00";"11";"com vítima";"80,3";"BR-050/MG";"Sul";"Colisão Traseira";0;0;0;2;0;0;0;0;0;0;0;2;0;0;0
"03/04/2020";"14:53:00";"73";"sem vítima";"28,3";"BR-050/MG";"Norte";"Choque - Elemento de Drenagem";1;0;0;0;0;0;0;0;0;0;3;0;0;0;0
"03/04/2020";"15:30:00";"79";"sem vítima";"11,4";"BR-050/MG";"Norte";"Choque - Elemento de Drenagem";0;0;0;0;0;0;0;0;0;1;0;0;0;0;0
"03/04/2020";"21:57:00";"128";"com vítima";"55,1";"BR-050/MG";"Norte";"Atropelamento - Andarilho";1;0;0;0;0;0;0;0;0;0;1;0;0;0;1
"04/04/2020";"17:32:00";"107";"sem vítima";"282,5";"BR-050/GO";"Sul";"Colisão Traseira";2;0;0;0;0;0;0;0;0;0;2;0;0;0;0
"06/04/2020";"18:06:00";"180";"sem vítima";"248,97";"BR-050/GO";"Norte";"Choque - Obstáculo Fixo";0;0;0;0;0;0;0;0;0;1;1;0;0;0;0
"07/04/2020";"12:47:00";"61";"sem vítima";"20,75";"CT-UDI-MG";"Sul";"Choque - Defensa, barreira ou meio fio";1;0;0;0;0;0;0;0;0;0;2;0;0;0;0
"08/04/2020";"11:45:00";"65";"sem vítima";"281";"BR-050/GO";"Sul";"Colisão Transversal";1;0;1;0;0;0;0;0;0;0;2;0;0;0;0
"08/04/2020";"20:00:00";"126";"com vítima";"0,2";"BR-050/MG";"Sul";"Atropelamento - Sem Informação";0;0;2;0;0;0;0;0;0;0;1;0;0;1;0
"08/04/2020";"20:23:00";"131";"sem vítima";"272,3";"BR-050/GO";"Sul";"Atropelamento de Animal";0;0;1;0;0;0;0;0;0;0;1;0;0;0;0
"09/04/2020";"08:59:00";"37";"com vítima";"96";"BR-050/GO";"Sul";"Colisão Transversal";2;0;0;0;0;0;0;0;0;0;1;1;0;0;0
"09/04/2020";"16:09:00";"123";"com vítima";"176,6";"BR-050/MG";"Norte";"Colisão Traseira";0;0;1;0;0;0;0;0;0;0;0;0;1;0;0
"10/04/2020";"02:08:00";"5";"com vítima";"13,3";"CT-UDI-MG";"Sul";"Choque - Barranco";1;0;0;0;0;0;0;0;0;0;1;1;0;0;0
"10/04/2020";"08:09:00";"23";"com vítima";"180,2";"BR-050/MG";"Sul";"Choque - Talude";1;0;0;0;0;0;0;0;0;0;0;1;0;0;0
"11/04/2020";"01:13:00";"2";"sem vítima";"172";"BR-050/MG";"Sul";"Saida de Pista";1;0;0;0;0;0;0;0;0;0;1;0;0;0;0
"11/04/2020";"05:11:00";"8";"com vítima";"118,6";"BR-050/MG";"Sul";"Tombamento";0;0;1;0;0;0;0;0;0;0;0;1;2;0;0
"11/04/2020";"19:49:00";"108";"com vítima";"268";"BR-050/GO";"Sul";"Colisão Traseira";0;0;0;2;0;0;0;0;0;0;0;2;0;0;0
"12/04/2020";"16:20:00";"63";"com vítima";"62,54";"BR-050/MG";"Sul";"Choque - Elemento de Drenagem";1;0;0;0;0;0;0;0;0;0;0;1;0;0;0
"12/04/2020";"17:40:00";"71";"sem vítima";"119,76";"BR-050/GO";"Norte";"Saida de Pista";1;0;0;0;0;0;0;0;0;0;2;0;0;0;0
"13/04/2020";"13:08:00";"80";"com vítima";"192";"BR-050/MG";"Norte";"Choque - Defensa metálica";1;0;0;0;0;0;0;0;0;0;0;1;0;0;0
"13/04/2020";"13:42:00";"84";"com vítima";"206,5";"BR-050/MG";"Norte";"Choque - New jersey";0;0;1;0;0;0;0;0;0;0;0;1;0;0;0
"13/04/2020";"15:47:00";"113";"com vítima";"162,84";"BR-050/MG";"Sul";"Capotamento";1;0;0;0;0;0;0;0;0;0;0;0;0;0;1
"14/04/2020";"12:06:00";"65";"com vítima";"168,24";"BR-050/GO";"Sul";"Capotamento";1;0;0;0;0;0;0;0;0;0;0;0;0;0;1
"14/04/2020";"13:28:00";"76";"sem vítima";"55,55";"BR-050/MG";"Sul";"Choque - New jersey";0;0;0;0;0;0;0;0;0;1;2;0;0;0;0
"14/04/2020";"15:14:00";"88";"sem vítima";"260,2";"BR-050/GO";"Norte";"Saida de Pista";1;0;0;0;0;0;0;0;0;0;3;0;0;0;0
"14/04/2020";"17:47:00";"110";"sem vítima";"106";"BR-050/MG";"Sul";"Capotamento";0;0;0;0;0;0;0;0;0;1;1;0;0;0;0
"15/04/2020";"12:06:00";"63";"sem vítima";"54,84";"BR-050/MG";"Sul";"Choque - Defensa metálica";0;0;1;0;0;0;0;0;0;0;1;0;0;0;0
"15/04/2020";"13:53:00";"75";"com vítima";"190,5";"BR-050/MG";"Norte";"Tombamento";0;0;1;0;0;0;0;0;0;0;0;1;0;0;0
"15/04/2020";"16:07:00";"87";"sem vítima";"234,68";"BR-050/GO";"Sul";"Choque - Defensa metálica";0;0;0;0;0;0;0;0;0;1;1;0;0;0;0
"15/04/2020";"17:02:00";"91";"com vítima";"175";"BR-050/MG";"Sul";"Atropelamento - Ciclista";0;1;0;1;0;0;0;0;0;0;1;1;0;0;0
"15/04/2020";"17:17:00";"92";"sem vítima";"195,5";"BR-050/GO";"Sul";"Choque - Outros";1;0;0;0;0;0;0;0;0;0;2;0;0;0;0
"16/04/2020";"16:00:00";"92";"sem vítima";"55,17";"BR-050/MG";"Norte";"Choque - Elemento de Drenagem";1;0;0;0;0;0;0;0;0;0;1;0;0;0;0
"17/04/2020";"03:22:00";"14";"com vítima";"118";"BR-050/MG";"Norte";"Colisão Traseira";0;0;2;0;0;0;0;0;0;0;2;0;0;0;1
"17/04/2020";"22:27:00";"154";"com vítima";"179";"BR-050/MG";"Norte";"Choque - Elemento de Drenagem";1;0;0;0;0;0;0;0;0;0;0;2;0;0;0
"18/04/2020";"05:15:00";"12";"sem vítima";"297,8";"BR-050/GO";"Sul";"Tombamento";0;0;1;0;0;0;0;0;0;0;1;0;0;0;0
"18/04/2020";"12:22:00";"75";"com vítima";"169,12";"BR-050/GO";"Norte";"Capotamento";1;0;0;0;0;0;0;0;0;0;0;0;1;0;1