data;horario;n_da_ocorrencia;tipo_de_ocorrencia;km;trecho;sentido;tipo_de_acidente;automovel;bicicleta;caminhao;moto;onibus;outros;tracao_animal;transporte_de_cargas_especiais;trator_maquinas;utilitarios;ilesos;levemente_feridos;moderadamente_feridos;gravemente_feridos;mortos
"19/04/2020";"12:21:00";"41";"com vítima";"209,62";"BR-050/GO";"Sul";"Choque - Defensa metálica";1;0;0;0;0;0;0;0;0;0;0;1;0;1;1
"20/04/2020";"05:35:00";"16";"com vítima";"186,17";"BR-050/GO";"Sul";"Choque - Arvore";0;0;1;0;0;0;0;0;0;0;0;1;0;0;0
"20/04/2020";"14:05:00";"56";"sem vítima";"136,6";"BR-050/MG";"Sul";"Saida de Pista";0;0;1;0;0;0;0;0;0;0;1;0;0;0;0
"20/04/2020";"22:08:00";"106";"sem vítima";"131";"BR-050/MG";"Sul";"Choque - Elemento de Drenagem";1;0;0;0;0;0;0;0;0;0;3;0;0;0;0
"20/04/2020";"23:59:00";"117";"com vítima";"180,2";"BR-050/GO";"Norte";"Capotamento";1;0;0;0;0;0;0;0;0;0;0;1;2;0;0
"21/04/2020";"00:20:00";"1";"sem vítima";"145,8";"BR-050/MG";"Norte";"Tombamento";0;0;1;0;0;0;0;0;0;0;1;0;0;0;0
"21/04/2020";"18:13:00";"89";"sem vítima";"169,45";"BR-050/GO";"Sul";"Choque - Meio fio";1;0;0;0;0;0;0;0;0;0;5;0;0;0;0
"23/04/2020";"16:01:00";"115";"com vítima";"169,5";"BR-050/MG";"Sul";"Colisão Traseira";1;0;0;1;0;0;0;0;0;0;1;1;0;0;0
"24/04/2020";"19:57:00";"147";"com vítima";"78,8";"BR-050/MG";"Sul";"Capotamento";1;0;0;0;0;0;0;0;0;0;0;1;0;0;0
"25/04/2020";"09:30:00";"48";"sem vítima";"115";"BR-050/GO";"Norte";"Saida de Pista";1;0;0;0;0;0;0;0;0;0;3;0;0;0;0
"25/04/2020";"14:58:00";"90";"sem vítima";"43,1";"BR-050/MG";"Norte";"Choque - Meio fio";1;0;0;0;0;0;0;0;0;0;1;0;0;0;0
"26/04/2020";"14:38:00";"82";"com vítima";"35,1";"BR-050/MG";"Norte";"Queda de Moto";0;0;0;1;0;0;0;0;0;0;0;1;0;0;0
"26/04/2020";"17:02:00";"102";"com vítima";"250,3";"BR-050/GO";"Sul";"Queda de Moto";0;0;0;1;0;0;0;0;0;0;0;2;0;0;0
"26/04/2020";"20:25:00";"126";"com vítima";"164,77";"BR-050/MG";"Sul";"Colisão Traseira";2;0;0;0;0;0;0;0;0;0;0;1;2;0;0
"27/04/2020";"05:42:00";"10";"sem vítima";"179";"BR-050/MG";"Sul";"Atropelamento de Animal";0;0;0;0;1;0;0;0;0;0;1;0;0;0;0
"27/04/2020";"13:55:00";"61";"com vítima";"154,5";"BR-050/MG";"Sul";"Choque - Elemento de Drenagem";1;0;0;0;0;0;0;0;0;0;0;1;0;0;0
"27/04/2020";"14:12:00";"65";"sem vítima";"52,65";"BR-050/MG";"Sul";"Tombamento";0;0;1;0;0;0;0;0;0;0;1;0;0;0;0
"29/04/2020";"13:44:00";"112";"sem vítima";"296,4";"BR-050/GO";"Norte";"Saida de Pista";0;0;1;0;0;0;0;0;0;0;1;0;0;0;0
"29/04/2020";"14:07:00";"118";"sem vítima";"172";"BR-050/GO";"Norte";"Saida de Pista";0;0;1;0;0;0;0;0;0;0;1;0;0;0;0
"29/04/2020";"19:30:00";"167";"sem vítima";"25,84";"BR-050/MG";"Norte";"Saida de Pista";1;0;0;0;0;0;0;0;0;0;2;0;0;0;0
"30/04/2020";"18:52:00";"143";"sem vítima";"295,95";"BR-050/GO";"Norte";"Saida de Pista";1;0;0;0;0;0;0;0;0;0;3;0;0;0;0
"30/04/2020";"19:32:00";"152";"sem vítima";"15";"CT-UDI-MG";"Sul";"Choque - Sinalização";0;0;0;0;0;0;0;0;0;1;2;0;0;0;0
"01/05/2020";"02:58:00";"14";"sem vítima";"279,7";"BR-050/GO";"Norte";"Saida de Pista";1;0;0;0;0;0;0;0;0;0;1;0;0;0;0
"01/05/2020";"10:34:00";"53";"com vítima";"274,3";"BR-050/GO";"Sul";"Queda de Moto";0;0;0;1;0;0;0;0;0;0;0;0;1;0;0
"01/05/2020";"12:22:00";"63";"com vítima";"7,5";"BR-050/MG";"Norte";"Choque - Elemento de Drenagem";1;0;0;0;0;0;0;0;0;1;2;2;0;0;0
"01/05/2020";"14:48:00";"77";"com vítima";"9,2";"CT-UDI-MG";"Sul";"Queda de Moto";0;0;0;1;0;0;0;0;0;0;0;2;0;0;0
"02/05/2020";"02:43:00";"13";"com vítima";"179,7";"BR-050/GO";"Norte";"Capotamento";1;0;0;0;0;0;0;0;0;0;0;0;1;0;0
"02/05/2020";"18:16:00";"92";"sem vítima";"27";"BR-050/MG";"Sul";"Saida de Pista";1;0;0;0;0;0;0;0;0;0;4;0;0;0;0
"02/05/2020";"19:40:00";"105";"com vítima";"280,4";"BR-050/GO";"Norte";"Colisão lateral no sentido contrário";1;0;0;1;0;0;0;0;0;0;1;0;1;0;0
"02/05/2020";"22:22:00";"118";"sem vítima";"62,1";"BR-050/MG";"Sul";"Choque - Meio fio";1;0;0;0;0;0;0;0;0;0;4;0;0;0;0
"03/05/2020";"06:09:00";"9";"sem vítima";"181,4";"BR-050/MG";"Sul";"Capotamento";0;0;0;0;0;1;0;0;0;1;1;0;0;0;0
"03/05/2020";"11:19:00";"39";"com vítima";"252,18";"BR-050/GO";"Sul";"Choque - Arvore";0;0;1;0;0;0;0;0;0;0;0;1;0;0;0
"04/05/2020";"20:16:00";"142";"com vítima";"19,02";"CT-UDI-MG";"Norte";"Atropelamento - Sem Informação";0;0;0;0;0;0;0;0;0;0;0;0;0;0;1
"06/05/2020";"14:28:00";"100";"sem vítima";"280,6";"BR-050/GO";"Sul";"Colisão Transversal";2;0;0;0;0;0;0;0;0;0;5;0;0;0;0
"06/05/2020";"16:52:00";"125";"sem vítima";"176,15";"BR-050/MG";"Sul";"Choque - New jersey";0;0;0;0;0;0;0;0;0;1;2;0;0;0;0
"06/05/2020";"23:53:00";"167";"sem vítima";"281,3";"BR-050/GO";"Norte";"Colisão Traseira";0;0;2;0;0;0;0;0;0;0;2;0;0;0;0
"07/05/2020";"22:36:00";"181";"sem vítima";"53,55";"BR-050/MG";"Sul";"Choque - Sinalização";1;0;0;0;0;0;0;0;0;0;1;0;0;0;0
"08/05/2020";"07:05:00";"22";"sem vítima";"172,4";"BR-050/MG";"Sul";"Colisão Traseira";1;0;1;0;0;0;0;0;0;0;3;0;0;0;0
"09/05/2020";"00:53:00";"2";"com vítima";"118,8";"BR-050/MG";"Sul";"Choque - Arvore";1;0;0;0;0;0;0;0;0;0;0;1;0;0;0
"09/05/2020";"09:48:00";"28";"sem vítima";"49,9";"BR-050/MG";"Sul";"Capotamento";1;0;0;0;0;0;0;0;0;0;1;0;0;0;0
"09/05/2020";"11:04:00";"36";"com vítima";"64,5";"BR-050/MG";"Sul";"Queda de Moto";0;0;0;1;0;0;0;0;0;0;0;2;0;0;0
"09/05/2020";"12:08:00";"42";"sem vítima";"201,18";"BR-050/GO";"Sul";"Saida de Pista";0;0;1;0;0;0;0;0;0;0;1;0;0;0;0
"09/05/2020";"16:44:00";"85";"sem vítima";"175";"BR-050/MG";"Sul";"Colisão Traseira";1;0;1;0;0;0;0;0;0;0;2;0;0;0;0
"09/05/2020";"18:14:00";"100";"com vítima";"176";"BR-050/MG";"Norte";"Colisão lateral no mesmo sentido";1;0;0;0;0;1;0;0;0;0;0;1;0;0;0
"09/05/2020";"18:52:00";"103";"com vítima";"178,715";"BR-050/MG";"Norte";"Capotamento";1;0;0;0;0;0;0;0;0;0;0;0;1;0;0
"11/05/2020";"00:23:00";"3";"sem vítima";"112";"BR-050/MG";"Sul";"Colisão Traseira";0;0;1;0;0;1;0;0;0;0;1;0;0;0;0
"11/05/2020";"10:32:00";"63";"sem vítima";"163,9";"BR-050/MG";"Sul";"Capotamento";1;0;0;0;0;0;0;0;0;0;2;0;0;0;0
"11/05/2020";"14:42:00";"99";"com vítima";"296,5";"BR-050/GO";"Sul";"Capotamento";1;0;0;0;0;0;0;0;0;0;0;2;0;0;0
"11/05/2020";"21:29:00";"161";"com vítima";"198,4";"BR-050/GO";"Sul";"Capotamento";0;0;1;0;0;0;0;0;0;0;0;0;1;0;0
"11/05/2020";"21:40:00";"163";"com vítima";"16,98";"BR-050/MG";"Norte";"Tombamento";0;0;1;0;0;0;0;0;0;0;0;0;0;0;1
"12/05/2020";"06:35:00";"26";"com vítima";"178,6";"BR-050/MG";"Norte";"Queda de Moto";0;0;0;1;0;0;0;0;0;0;0;1;0;0;0
"12/05/2020";"20:29:00";"146";"com vítima";"50,8";"BR-050/MG";"Norte";"Choque - Elemento de Drenagem";0;0;0;1;0;0;0;0;0;0;0;1;0;0;0
"12/05/2020";"23:00:00";"157";"com vítima";"107";"BR-050/GO";"Norte";"Tombamento";0;0;1;0;0;0;0;0;0;0;0;0;1;0;0
"13/05/2020";"03:32:00";"10";"sem vítima";"27,8";"BR-050/MG";"Sul";"Choque - Meio fio";0;0;1;0;0;0;0;0;0;0;1;0;0;0;0
"13/05/2020";"06:08:00";"13";"sem vítima";"104,5";"BR-050/GO";"Norte";"Tombamento";0;0;1;0;0;0;0;0;0;0;1;0;0;0;0
"13/05/2020";"07:34:00";"20";"com vítima";"80,6";"BR-050/MG";"Sul";"Choque - Meio fio";0;0;0;1;0;0;0;0;0;0;0;0;1;0;0
"13/05/2020";"09:35:00";"38";"sem vítima";"101";"BR-050/GO";"Norte";"Colisão lateral no sentido contrário";0;0;1;0;0;1;0;0;0;0;1;0;0;0;0
"13/05/2020";"18:28:00";"116";"sem vítima";"97,25";"BR-050/GO";"Sul";"Colisão Transversal";0;0;0;0;0;0;0;0;0;2;3;0;0;0;0
"13/05/2020";"21:19:00";"135";"sem vítima";"172";"BR-050/MG";"Sul";"Queda de Moto";0;0;0;1;0;0;0;0;0;0;0;0;0;0;0
"14/05/2020";"06:32:00";"17";"sem vítima";"77,68";"BR-050/MG";"Norte";"Choque - Meio fio";1;0;0;0;0;0;0;0;0;0;1;0;0;0;0
"14/05/2020";"17:47:00";"107";"sem vítima";"27";"BR-050/MG";"Norte";"Tombamento";0;0;1;0;0;0;0;0;0;0;2;0;0;0;0
"14/05/2020";"23:12:00";"137";"sem vítima";"111,3";"BR-050/MG";"Sul";"Choque - Elemento de Drenagem";1;0;0;0;0;0;0;0;0;0;1;0;0;0;0
"15/05/2020";"20:59:00";"147";"com vítima";"115";"BR-050/MG";"Norte";"Tombamento";0;0;1;0;0;0;0;0;0;0;0;1;0;0;0
"15/05/2020";"21:53:00";"154";"com vítima";"147";"BR-050/MG";"Norte";"Colisão Traseira";0;0;2;0;0;0;0;0;0;0;1;0;1;0;0
"16/05/2020";"10:48:00";"54";"com vítima";"171,7";"BR-050/MG";"Sul";"Choque - Meio fio";1;0;0;0;0;0;0;0;0;0;1;2;0;0;0
"16/05/2020";"14:03:00";"82";"com vítima";"301";"BR-050/GO";"Sul";"Saida de Pista";0;0;0;0;0;0;0;0;0;1;0;2;0;0;0
"16/05/2020";"19:41:00";"124";"com vítima";"279";"BR-050/GO";"Sul";"Colisão lateral no sentido contrário";0;0;0;1;0;1;0;0;0;0;0;1;0;0;0
"17/05/2020";"01:28:00";"10";"com vítima";"55,6";"BR-050/MG";"Norte";"Tombamento";0;0;1;0;0;0;0;0;0;0;0;1;0;0;0
"17/05/2020";"01:46:00";"11";"sem vítima";"260";"BR-050/GO";"Sul";"Capotamento";0;0;0;0;0;0;0;0;0;1;1;0;0;0;0
"17/05/2020";"09:34:00";"34";"com vítima";"248,301";"BR-050/GO";"Sul";"Queda de Moto";0;0;0;1;0;0;0;0;0;0;0;0;1;0;0
"17/05/2020";"16:52:00";"73";"com vítima";"26,7";"BR-050/MG";"Sul";"Queda de Moto";0;0;0;1;0;0;0;0;0;0;0;2;0;0;0
"17/05/2020";"18:20:00";"84";"sem vítima";"174,85";"BR-050/MG";"Norte";"Capotamento";1;0;0;0;0;0;0;0;0;0;0;0;0;0;0
"17/05/2020";"18:47:00";"86";"sem vítima";"27,95";"BR-050/MG";"Sul";"Choque - Defensa metálica";1;0;0;0;0;0;0;0;0;0;1;0;0;0;0
"17/05/2020";"19:55:00";"95";"sem vítima";"60,8";"BR-050/MG";"Sul";"Choque - Elemento de Drenagem";1;0;0;0;0;0;0;0;0;0;1;0;0;0;0
"18/05/2020";"08:44:00";"36";"com vítima";"181,05";"BR-050/MG";"Norte";"Choque - New jersey";0;0;1;0;0;0;0;0;0;0;0;1;0;0;0
"18/05/2020";"18:29:00";"122";"com vítima";"176,2";"BR-050/MG";"Sul";"Atropelamento - Andarilho";0;0;0;0;0;0;0;0;0;1;2;0;0;0;1
"19/05/2020";"08:40:00";"36";"com vítima";"273,2";"BR-050/GO";"Norte";"Tombamento";0;0;1;0;0;0;0;0;0;0;0;2;0;0;0
"19/05/2020";"12:12:00";"70";"com vítima";"112,99";"BR-050/GO";"Norte";"Capotamento";0;0;0;0;0;0;0;0;0;1;0;1;0;0;0
"19/05/2020";"16:08:00";"115";"sem vítima";"172";"BR-050/MG";"Sul";"Choque - New jersey";1;0;0;0;0;0;0;0;0;0;1;0;0;0;0
"19/05/2020";"18:32:00";"143";"sem vítima";"178";"BR-050/MG";"Norte";"Colisão lateral no mesmo sentido";1;0;1;0;0;1;0;0;0;0;2;0;0;0;0
"20/05/2020";"08:47:00";"34";"com vítima";"55,1";"BR-050/MG";"Norte";"Colisão Traseira";0;0;1;0;0;0;0;0;0;1;2;0;1;0;0
"20/05/2020";"10:56:00";"56";"com vítima";"154,4";"BR-050/MG";"Sul";"Choque - Elemento de Drenagem";0;0;0;0;0;0;0;0;0;1;0;0;1;0;0
"21/05/2020";"18:28:00";"134";"com vítima";"115,2";"BR-050/GO";"Sul";"Colisão Transversal";0;0;1;0;0;0;0;0;0;1;1;0;2;0;1
"21/05/2020";"21:13:00";"145";"com vítima";"278";"BR-050/GO";"Sul";"Colisão Transversal";1;0;0;1;0;0;0;0;0;0;1;1;0;0;0
"22/05/2020";"04:22:00";"11";"sem vítima";"56,1";"BR-050/MG";"Sul";"Choque - Elemento de Drenagem";0;0;1;0;0;0;0;0;0;0;2;0;0;0;0
"22/05/2020";"09:24:00";"43";"sem vítima";"79,9";"BR-050/MG";"Sul";"Colisão lateral no mesmo sentido";0;0;1;0;0;1;0;0;0;1;2;0;0;0;0
"22/05/2020";"13:10:00";"74";"sem vítima";"97,2";"BR-050/GO";"Norte";"Colisão Transversal";1;0;1;0;0;0;0;0;0;0;4;0;0;0;0
"22/05/2020";"13:53:00";"79";"sem vítima";"3,9";"CT-UDI-MG";"Norte";"Capotamento";1;0;0;0;0;0;0;0;0;0;1;0;0;0;0
"22/05/2020";"16:14:00";"96";"com vítima";"287";"BR-050/GO";"Sul";"Colisão Transversal";2;0;0;0;0;0;0;0;0;0;2;0;1;0;0
"22/05/2020";"23:26:00";"159";"com vítima";"173,9";"BR-050/MG";"Norte";"Colisão Traseira";0;1;0;0;0;1;0;0;0;0;0;1;0;0;0
"23/05/2020";"06:11:00";"21";"sem vítima";"41,26";"BR-050/MG";"Norte";"Tombamento";0;0;0;0;0;0;0;0;0;1;1;0;0;0;0
"23/05/2020";"06:31:00";"22";"com vítima";"41,1";"BR-050/MG";"Norte";"Choque - Veiculo parado no acostamento";0;0;0;1;0;1;0;0;0;0;0;0;1;0;0
"23/05/2020";"07:34:00";"30";"com vítima";"107";"BR-050/MG";"Sul";"Saida de Pista";0;0;1;0;0;0;0;0;0;0;0;1;0;0;0
"23/05/2020";"08:20:00";"34";"sem vítima";"106";"BR-050/MG";"Norte";"Saida de Pista";1;0;0;0;0;0;0;0;0;0;2;0;0;0;0
"23/05/2020";"11:08:00";"63";"com vítima";"30,05";"BR-050/MG";"Norte";"Queda de Moto";0;0;0;1;0;0;0;0;0;0;0;1;0;0;0
"23/05/2020";"18:00:00";"110";"sem vítima";"119,1";"BR-050/GO";"Norte";"Choque - Defensa metálica";1;0;0;0;0;0;0;0;0;0;2;0;0;0;0
"23/05/2020";"22:26:00";"143";"sem vítima";"177,5";"BR-050/MG";"Sul";"Capotamento";1;0;0;0;0;0;0;0;0;0;1;0;0;0;0
"24/05/2020";"04:24:00";"12";"sem vítima";"33,5";"BR-050/MG";"Sul";"Choque - Elemento de Drenagem";1;0;0;0;0;0;0;0;0;0;2;0;0;0;0
"24/05/2020";"05:56:00";"20";"sem vítima";"58";"BR-050/MG";"Norte";"Choque - Meio fio";0;0;0;0;0;0;0;0;0;1;2;0;0;0;0
"24/05/2020";"08:40:00";"34";"com vítima";"154,9";"BR-050/MG";"Sul";"Capotamento";1;0;0;0;0;0;0;0;0;0;0;2;0;0;0
"24/05/2020";"15:53:00";"81";"sem vítima";"31";"BR-050/MG";"Norte";"Choque - Outros";1;0;0;0;0;0;0;0;0;0;1;0;0;0;0
"25/05/2020";"18:05:00";"109";"com vítima";"270";"BR-050/GO";"Sul";"Queda de Moto";0;0;0;1;0;0;0;0;0;0;0;1;0;0;0
"25/05/2020";"18:18:00";"113";"sem vítima";"105";"BR-050/MG";"Sul";"Colisão Traseira";0;0;2;0;0;0;0;0;0;0;3;0;0;0;0
"26/05/2020";"02:37:00";"8";"sem vítima";"194";"BR-050/MG";"Norte";"Choque - Defensa metálica";0;0;1;0;0;0;0;0;0;0;1;0;0;0;0
"26/05/2020";"16:54:00";"114";"sem vítima";"167";"BR-050/MG";"Sul";"Colisão Frontal";2;0;0;0;0;0;0;0;0;0;3;0;0;0;0
"26/05/2020";"19:36:00";"133";"sem vítima";"60,5";"BR-050/MG";"Sul";"Choque - Elemento de Drenagem";1;0;0;0;0;0;0;0;0;0;3;0;0;0;0
"26/05/2020";"23:50:00";"155";"sem vítima";"172";"BR-050/GO";"Sul";"Choque - Sinalização";0;0;1;0;0;0;0;0;0;0;1;0;0;0;0
"27/05/2020";"03:26:00";"9";"com vítima";"193";"BR-050/MG";"Norte";"Tombamento";0;0;1;0;0;0;0;0;0;0;0;0;1;0;0
"27/05/2020";"04:37:00";"11";"sem vítima";"300,5";"BR-050/GO";"Norte";"Colisão lateral no mesmo sentido";1;0;1;0;0;0;0;0;0;0;3;0;0;0;0
"27/05/2020";"09:31:00";"35";"com vítima";"21";"BR-050/MG";"Norte";"Atropelamento - Sem Informação";0;0;1;0;0;0;0;0;0;0;1;1;0;0;0
"28/05/2020";"19:45:00";"142";"com vítima";"93";"BR-050/MG";"Sul";"Tombamento";0;0;1;0;0;0;0;0;0;0;0;1;0;0;0
"29/05/2020";"00:05:00";"1";"com vítima";"151";"BR-050/MG";"Sul";"Colisão Traseira";0;0;2;0;0;0;0;0;0;0;0;2;0;0;0
"29/05/2020";"14:15:00";"70";"sem vítima";"185";"BR-050/GO";"Sul";"Colisão Traseira";0;0;1;0;0;0;0;0;0;1;3;0;0;0;0
"29/05/2020";"15:30:00";"82";"com vítima";"21,1";"CT-UDI-MG";"Norte";"Queda de Moto";0;0;0;1;0;0;0;0;0;0;0;1;0;0;0
"29/05/2020";"17:06:00";"99";"com vítima";"177,5";"BR-050/MG";"Sul";"Engavetamento";1;0;2;0;0;0;0;0;0;2;5;1;0;0;0
"29/05/2020";"20:09:00";"109";"sem vítima";"173,8";"BR-050/MG";"Sul";"Colisão Traseira";1;0;0;0;0;0;0;0;0;1;1;0;0;0;0
"30/05/2020";"19:21:00";"108";"sem vítima";"172,2";"BR-050/MG";"Sul";"Atropelamento de Animal";0;0;1;0;0;0;0;0;0;0;1;0;0;0;0
"30/05/2020";"19:25:00";"109";"com vítima";"172";"BR-050/MG";"Norte";"Atropelamento de Animal";1;0;0;0;0;0;0;0;0;0;1;1;0;0;0
"02/06/2020";"00:07:00";"1";"sem vítima";"179,9";"BR-050/MG";"Sul";"Choque - Outros";1;0;0;0;0;1;0;0;0;0;1;0;0;0;0
"02/06/2020";"01:08:00";"5";"sem vítima";"246,4";"BR-050/GO";"Sul";"Atropelamento de Animal";0;0;1;0;0;0;0;0;0;0;1;0;0;0;0
"02/06/2020";"05:19:00";"12";"sem vítima";"127";"BR-050/MG";"Sul";"Choque - Meio fio";0;0;0;0;0;0;0;0;0;1;0;0;0;0;0
"02/06/2020";"19:35:00";"117";"sem vítima";"2";"CT-UDI-MG";"Sul";"Capotamento";1;0;0;0;0;0;0;0;0;0;1;0;0;0;0
"03/06/2020";"04:26:00";"8";"sem vítima";"273,6";"BR-050/GO";"Sul";"Choque - Meio fio";0;0;0;0;0;0;0;0;0;1;1;0;0;0;0
"03/06/2020";"05:02:00";"10";"com vítima";"149,9";"BR-050/MG";"Norte";"Capotamento";1;0;0;0;0;0;0;0;0;0;0;1;0;0;0
"03/06/2020";"15:36:00";"102";"sem vítima";"126";"BR-050/MG";"Sul";"Choque - Defensa metálica";0;0;1;0;0;0;0;0;0;0;1;0;0;0;0
"04/06/2020";"13:38:00";"96";"sem vítima";"139,75";"BR-050/MG";"Norte";"Choque - Sinalização";0;0;0;0;0;0;0;0;0;1;1;0;0;0;0
"04/06/2020";"13:38:00";"102";"com vítima";"139,78";"BR-050/MG";"Sul";"Capotamento";1;0;0;0;0;0;0;0;0;0;0;2;0;0;0
"05/06/2020";"14:56:00";"97";"com vítima";"118,6";"BR-050/MG";"Norte";"Colisão Traseira";0;0;0;1;0;1;0;0;0;0;0;1;1;0;0
"06/06/2020";"01:24:00";"3";"com vítima";"187,7";"BR-050/MG";"Norte";"Capotamento";1;0;0;0;0;0;0;0;0;0;0;0;2;0;0
"06/06/2020";"01:40:00";"4";"sem vítima";"177,5";"BR-050/MG";"Norte";"Colisão Traseira";1;0;0;0;0;1;0;0;0;0;2;0;0;0;0
"06/06/2020";"05:41:00";"11";"sem vítima";"218,3";"BR-050/GO";"Norte";"Choque - Elemento de Drenagem";0;0;1;0;0;0;0;0;0;0;3;0;0;0;0
"06/06/2020";"11:31:00";"48";"com vítima";"55,415";"BR-050/MG";"Norte";"Colisão lateral no mesmo sentido";0;0;0;1;0;1;0;0;0;0;1;1;1;0;0
"06/06/2020";"22:49:00";"125";"com vítima";"98,5";"BR-050/GO";"Norte";"Colisão Transversal";1;0;0;0;0;0;0;0;0;1;1;0;0;1;1
"07/06/2020";"00:26:00";"2";"sem vítima";"174";"BR-050/MG";"Norte";"Choque - Sinalização";1;0;0;0;0;0;0;0;0;0;1;0;0;0;0
"07/06/2020";"06:01:00";"13";"com vítima";"20,78";"CT-UDI-MG";"Norte";"Colisão Frontal";1;0;0;1;0;0;0;0;0;0;1;0;0;0;1
"07/06/2020";"08:34:00";"22";"sem vítima";"269,8";"BR-050/GO";"Norte";"Colisão lateral no mesmo sentido";1;0;1;0;0;0;0;0;0;0;5;0;0;0;0
"07/06/2020";"13:00:00";"49";"com vítima";"259,8";"BR-050/GO";"Sul";"Capotamento";1;0;0;0;0;0;0;0;0;0;0;0;1;0;0
"07/06/2020";"13:56:00";"53";"com vítima";"81";"BR-050/MG";"Norte";"Choque - Meio fio";1;0;0;0;0;0;0;0;0;0;0;1;0;0;0
"07/06/2020";"13:58:00";"54";"sem vítima";"84,5";"BR-050/MG";"Sul";"Tombamento";0;0;1;0;0;0;0;0;0;0;1;0;0;0;0
"07/06/2020";"15:21:00";"58";"com vítima";"106";"BR-050/GO";"Sul";"Capotamento";1;0;0;0;0;0;0;0;0;0;0;0;1;0;0
"07/06/2020";"20:16:00";"110";"sem vítima";"177,7";"BR-050/MG";"Sul";"Capotamento";1;0;0;0;0;0;0;0;0;0;1;0;0;0;0
"07/06/2020";"21:12:00";"123";"sem vítima";"130,96";"BR-050/GO";"Sul";"Atropelamento de Animal";0;0;1;0;0;0;0;0;0;0;1;0;0;0;0
"08/06/2020";"19:10:00";"107";"com vítima";"280,5";"BR-050/GO";"Sul";"Colisão Transversal";2;0;0;0;0;0;0;0;0;0;1;1;0;0;0
"09/06/2020";"15:38:00";"114";"sem vítima";"308,3";"BR-050/GO";"Sul";"Colisão Traseira";2;0;0;0;0;0;0;0;0;0;6;0;0;0;0
"09/06/2020";"19:34:00";"145";"sem vítima";"29";"BR-050/MG";"Norte";"Queda de Moto";0;0;0;1;0;0;0;0;0;0;1;0;0;0;0
"10/06/2020";"08:00:00";"29";"sem vítima";"90,25";"BR-050/MG";"Norte";"Choque - Barranco";0;0;0;0;0;0;0;0;0;1;1;0;0;0;0
"10/06/2020";"09:15:00";"36";"com vítima";"279";"BR-050/GO";"Norte";"Queda de Moto";0;0;0;1;0;0;0;0;0;0;0;0;1;0;0
"10/06/2020";"09:40:00";"40";"sem vítima";"278,8";"BR-050/GO";"Sul";"Colisão Traseira";0;0;2;0;0;0;0;0;0;0;2;0;0;0;0
"10/06/2020";"15:01:00";"84";"com vítima";"98,8";"BR-050/GO";"Norte";"Colisão lateral no mesmo sentido";0;0;1;0;0;0;0;0;0;1;1;2;0;0;0
"11/06/2020";"08:16:00";"42";"com vítima";"101,098";"BR-050/MG";"Norte";"Choque - Elemento de Drenagem";1;0;0;0;0;0;0;0;0;0;0;0;2;0;0
"11/06/2020";"14:13:00";"92";"sem vítima";"113,1";"BR-050/GO";"Norte";"Colisão Traseira";1;0;1;0;0;0;0;0;0;0;2;0;0;0;0
"11/06/2020";"14:36:00";"94";"sem vítima";"111,2";"BR-050/MG";"Norte";"Choque - Arvore";0;0;1;0;0;0;0;0;0;0;1;0;0;0;0
"11/06/2020";"16:35:00";"105";"sem vítima";"177,8";"BR-050/MG";"Sul";"Colisão lateral no mesmo sentido";0;0;1;0;0;1;0;0;0;0;1;0;0;0;0
"11/06/2020";"17:35:00";"114";"sem vítima";"77,45";"BR-050/MG";"Sul";"Tombamento";0;0;1;0;0;0;0;0;0;0;1;0;0;0;0
"12/06/2020";"07:43:00";"25";"com vítima";"302,81";"BR-050/GO";"Sul";"Colisão Traseira";0;0;2;0;0;0;0;0;0;0;1;0;1;0;0
"12/06/2020";"07:43:00";"23";"com vítima";"302,8";"BR-050/GO";"Norte";"Colisão Frontal";0;0;1;0;0;1;0;0;0;1;2;0;0;1;0
"12/06/2020";"12:31:00";"57";"sem vítima";"23,8";"BR-050/MG";"Sul";"Colisão Traseira";1;0;1;0;0;0;0;0;0;1;6;0;0;0;0
"12/06/2020";"14:24:00";"68";"com vítima";"253,4";"BR-050/GO";"Norte";"Capotamento";1;0;0;0;0;0;0;0;0;0;0;0;4;0;0
"12/06/2020";"18:20:00";"103";"sem vítima";"27,14";"BR-050/MG";"Norte";"Capotamento";1;0;0;0;0;0;0;0;0;0;2;0;0;0;0
"12/06/2020";"18:21:00";"104";"sem vítima";"184,4";"BR-050/MG";"Norte";"Atropelamento de Animal";1;0;0;0;0;0;0;0;0;0;3;0;0;0;0
"13/06/2020";"06:02:00";"16";"com vítima";"267,28";"BR-050/GO";"Norte";"Atropelamento de Animal";0;0;0;1;0;0;0;0;0;0;0;1;0;0;0
"13/06/2020";"08:49:00";"40";"sem vítima";"249,3";"BR-050/GO";"Sul";"Tombamento";0;0;1;0;0;0;0;0;0;0;1;0;0;0;0
"13/06/2020";"19:37:00";"127";"sem vítima";"36";"BR-050/MG";"Norte";"Colisão Traseira";2;0;0;0;0;0;0;0;0;0;5;0;0;0;0
"14/06/2020";"07:24:00";"15";"sem vítima";"142,1";"BR-050/GO";"Norte";"Capotamento";1;0;0;0;0;0;0;0;0;0;1;0;0;0;0