data;horario;n_da_ocorrencia;tipo_de_ocorrencia;km;trecho;sentido;tipo_de_acidente;automovel;bicicleta;caminhao;moto;onibus;outros;tracao_animal;transporte_de_cargas_especiais;trator_maquinas;utilitarios;ilesos;levemente_feridos;moderadamente_feridos;gravemente_feridos;mortos
"14/09/2020";"18:11:00";"233";"ac03 - Aci";"267";"BR-050/GO";"Norte";"Saida de Pista";0;0;0;0;0;0;0;0;0;1;1;0;0;0;0
"15/09/2020";"01:58:00";"14";"ac02 - Aci";"34";"BR-050/MG";"Norte";"Capotamento";0;0;0;0;0;0;0;0;0;1;0;1;0;0;0
"15/09/2020";"10:46:00";"105";"ac03 - Aci";"83,66";"BR-050/MG";"Sul";"Colisão Traseira";0;0;2;0;0;0;0;0;0;0;3;0;0;0;0
"16/09/2020";"06:11:00";"36";"ac03 - Aci";"238";"BR-050/GO";"Norte";"Choque - Elemento de Drenagem";0;0;0;0;0;0;0;0;0;1;1;0;0;0;0
"16/09/2020";"10:11:00";"116";"ac02 - Aci";"305";"BR-050/GO";"Sul";"Choque - Talude";0;0;1;0;0;0;0;0;0;0;0;0;1;0;0
"16/09/2020";"16:50:00";"240";"ac03 - Aci";"151";"BR-050/MG";"Sul";"Saida de Pista";0;0;1;0;0;0;0;0;0;0;1;0;0;0;0
"16/09/2020";"18:38:00";"266";"ac02 - Aci";"279";"BR-050/GO";"Sul";"Queda de Moto";0;0;0;1;0;0;0;0;0;0;0;2;0;0;0
"17/09/2020";"07:32:00";"63";"ac02 - Aci";"177,1";"BR-050/MG";"Sul";"Queda de Moto";0;0;0;1;0;0;0;0;0;0;0;1;0;0;0
"17/09/2020";"08:29:00";"80";"ac03 - Aci";"29,8";"BR-050/MG";"Sul";"Choque - Meio fio";1;0;0;0;0;0;0;0;0;0;2;0;0;0;0
"17/09/2020";"09:16:00";"98";"ac03 - Aci";"106";"BR-050/MG";"Sul";"Queda de Ciclista";0;1;0;0;0;0;0;0;0;0;1;0;0;0;0
"17/09/2020";"09:56:00";"104";"ac02 - Aci";"296,4";"BR-050/GO";"Norte";"Colisão Traseira";1;0;0;1;0;0;0;0;0;0;1;0;1;0;0
"17/09/2020";"10:30:00";"117";"ac03 - Aci";"60";"BR-050/MG";"Sul";"Colisão Traseira";1;0;1;0;0;0;0;0;0;0;4;0;0;0;0
"17/09/2020";"18:27:00";"259";"ac02 - Aci";"174,8";"BR-050/MG";"Norte";"Atropelamento - Pedestre";0;0;0;1;0;0;0;0;0;0;0;0;2;0;0
"17/09/2020";"19:20:00";"269";"ac02 - Aci";"174,8";"BR-050/MG";"Norte";"Colisão Traseira";1;0;0;1;0;0;0;0;0;0;1;1;0;0;0
"17/09/2020";"20:24:00";"291";"ac02 - Aci";"110,75";"BR-050/MG";"Norte";"Choque - Arvore";1;0;0;0;0;0;0;0;0;0;0;0;1;0;0
"17/09/2020";"21:25:00";"304";"ac03 - Aci";"264";"BR-050/GO";"Norte";"Choque - Defensa metálica";0;1;0;0;0;0;0;0;0;0;1;0;0;0;0
"18/09/2020";"02:29:00";"19";"ac02 - Aci";"39,86";"BR-050/MG";"Norte";"Tombamento";0;0;1;0;0;0;0;0;0;0;0;0;2;0;0
"18/09/2020";"08:37:00";"75";"ac02 - Aci";"119,1";"BR-050/GO";"Norte";"Queda de Moto";0;0;0;1;0;0;0;0;0;0;0;0;1;0;0
"18/09/2020";"13:45:00";"171";"ac03 - Aci";"44,7";"BR-050/MG";"Norte";"Colisão Traseira";1;0;1;0;0;0;0;0;0;0;2;0;0;0;0
"18/09/2020";"13:56:00";"178";"ac02 - Aci";"174,9";"BR-050/GO";"Norte";"Colisão Traseira";0;0;1;0;0;0;0;0;0;1;0;1;1;0;0
"18/09/2020";"15:43:00";"210";"ac03 - Aci";"126,65";"BR-050/MG";"Sul";"Choque - Defensa metálica";1;0;0;0;0;0;0;0;0;0;1;0;0;0;0
"18/09/2020";"17:21:00";"252";"ac02 - Aci";"140,5";"BR-050/MG";"Sul";"Capotamento";0;0;0;0;0;0;0;0;0;1;0;0;1;0;0
"18/09/2020";"18:20:00";"276";"ac03 - Aci";"182,05";"BR-050/MG";"Sul";"Choque - Defensa metálica";0;0;1;0;0;0;0;0;0;0;1;0;0;0;0
"18/09/2020";"19:14:00";"287";"ac02 - Aci";"280";"BR-050/GO";"Sul";"Colisão Traseira";1;0;1;0;0;0;0;0;0;0;0;2;0;0;0
"18/09/2020";"20:43:00";"318";"ac02 - Aci";"308,7";"BR-050/GO";"Norte";"Choque - New jersey";1;0;0;0;0;0;0;0;0;0;0;1;0;0;0
"20/09/2020";"16:15:00";"190";"ac02 - Aci";"298,9";"BR-050/GO";"Sul";"Colisão Traseira";1;0;0;0;0;0;0;0;0;1;5;1;0;0;0
"20/09/2020";"20:42:00";"266";"ac03 - Aci";"62";"BR-050/MG";"Norte";"Colisão Traseira";1;0;0;0;0;0;0;0;0;1;3;0;0;0;0
"20/09/2020";"21:48:00";"277";"ac02 - Aci";"205,9";"BR-050/MG";"Norte";"Colisão Traseira";1;0;1;0;0;0;0;0;0;0;1;1;0;0;0
"21/09/2020";"00:50:00";"12";"ac03 - Aci";"36";"BR-050/MG";"Sul";"Saida de Pista";1;0;0;0;0;0;0;0;0;0;2;0;0;0;0
"21/09/2020";"02:57:00";"27";"ac02 - Aci";"285";"BR-050/GO";"Norte";"Capotamento";0;0;0;0;0;0;0;0;0;1;0;0;0;1;0
"21/09/2020";"04:46:00";"33";"ac03 - Aci";"179,1";"BR-050/MG";"Sul";"Choque - Meio fio";1;0;0;0;0;0;0;0;0;0;1;0;0;0;0
"21/09/2020";"06:46:00";"46";"ac03 - Aci";"88,5";"BR-050/MG";"Norte";"Saida de Pista";1;0;0;0;0;0;0;0;0;0;4;0;0;0;0
"21/09/2020";"09:11:00";"89";"ac02 - Aci";"223";"BR-050/GO";"Sul";"Queda de Moto";0;0;0;1;0;0;0;0;0;0;0;1;1;0;0
"21/09/2020";"18:39:00";"248";"ac03 - Aci";"17";"BR-050/MG";"Norte";"Choque - Talude";1;0;0;0;0;0;0;0;0;0;3;0;0;0;0
"22/09/2020";"06:59:00";"38";"ac02 - Aci";"55,6";"BR-050/MG";"Norte";"Choque - Sinalização";1;0;0;0;0;0;0;0;0;0;0;0;1;0;0
"22/09/2020";"09:06:00";"76";"ac03 - Aci";"219,3";"BR-050/GO";"Sul";"Saida de Pista";1;0;0;0;0;0;0;0;0;0;1;0;0;0;0
"22/09/2020";"11:41:00";"115";"ac03 - Aci";"208,8";"BR-050/GO";"Norte";"Capotamento";0;0;0;0;0;0;0;0;0;1;1;0;0;0;0
"22/09/2020";"14:27:00";"147";"ac02 - Aci";"29,87";"BR-050/MG";"Norte";"Tombamento";0;0;1;0;0;0;0;0;0;0;0;1;0;0;0
"22/09/2020";"19:02:00";"197";"ac02 - Aci";"79,8";"BR-050/MG";"Norte";"Colisão Traseira";1;0;1;0;0;0;0;0;0;0;1;1;0;0;0
"23/09/2020";"05:28:00";"27";"ac03 - Aci";"5";"BR-050/MG";"Sul";"Choque - Sinalização";0;0;1;0;0;0;0;0;0;0;2;0;0;0;0
"23/09/2020";"06:41:00";"31";"ac03 - Aci";"63";"BR-050/MG";"Norte";"Choque - Sinalização";1;0;0;0;0;0;0;0;0;0;1;0;0;0;0
"23/09/2020";"07:26:00";"44";"ac03 - Aci";"148,98";"BR-050/GO";"Norte";"Saida de Pista";0;0;0;0;0;0;0;0;0;1;2;0;0;0;0
"23/09/2020";"13:12:00";"138";"ac02 - Aci";"177";"BR-050/MG";"Norte";"Queda de Moto";0;0;0;1;0;0;0;0;0;0;0;1;0;0;0
"23/09/2020";"14:53:00";"174";"ac02 - Aci";"77,3";"BR-050/MG";"Sul";"Queda de Moto";0;0;0;1;0;0;0;0;0;0;0;2;0;0;0
"23/09/2020";"18:06:00";"221";"ac03 - Aci";"21,5";"CT-UDI-MG";"Norte";"Colisão Transversal";2;0;0;0;0;1;0;0;0;0;6;0;0;0;0
"24/09/2020";"06:33:00";"50";"ac03 - Aci";"56,5";"BR-050/MG";"Sul";"Colisão lateral no mesmo sentido";1;0;1;0;0;0;0;0;0;0;6;0;0;0;0
"24/09/2020";"23:04:00";"345";"ac03 - Aci";"16,8";"BR-050/MG";"Norte";"Choque - Elemento de Drenagem";1;0;0;0;0;0;0;0;0;0;1;0;0;0;0
"25/09/2020";"13:29:00";"162";"ac03 - Aci";"115,4";"BR-050/MG";"Norte";"Choque - Defensa metálica";1;0;0;0;0;0;0;0;0;0;2;0;0;0;0
"25/09/2020";"13:41:00";"166";"ac02 - Aci";"177,35";"BR-050/MG";"Norte";"Colisão Traseira";1;0;1;0;0;0;0;0;0;0;3;1;0;0;0
"25/09/2020";"14:34:00";"171";"ac02 - Aci";"147,7";"BR-050/MG";"Norte";"Capotamento";0;0;0;0;0;0;0;0;0;1;0;1;0;0;0
"25/09/2020";"16:38:00";"209";"ac03 - Aci";"94";"BR-050/MG";"Sul";"Colisão lateral no mesmo sentido";1;0;1;0;0;0;0;0;0;0;2;0;0;0;0
"25/09/2020";"16:45:00";"212";"ac02 - Aci";"94";"BR-050/MG";"Sul";"Colisão Traseira";1;0;1;0;0;0;0;0;0;0;1;1;0;0;0
"25/09/2020";"17:09:00";"221";"ac02 - Aci";"130";"BR-050/MG";"Sul";"Capotamento";1;0;0;0;0;0;0;0;0;0;0;2;0;0;0
"25/09/2020";"20:07:00";"276";"ac02 - Aci";"182,7";"BR-050/MG";"Norte";"Atropelamento de Animal";1;0;0;1;0;0;0;0;0;0;1;1;0;0;0
"26/09/2020";"06:24:00";"53";"ac02 - Aci";"280,9";"BR-050/GO";"Norte";"Colisão Traseira";0;0;0;1;0;0;0;0;0;1;1;1;0;0;0
"26/09/2020";"07:14:00";"62";"ac02 - Aci";"179,2";"BR-050/MG";"Norte";"Queda de Moto";0;0;0;1;0;0;0;0;0;0;0;1;0;0;0
"26/09/2020";"11:29:00";"149";"ac03 - Aci";"103,5";"BR-050/MG";"Sul";"Choque - Sinalização";1;0;0;0;0;0;0;0;0;0;1;0;0;0;0
"26/09/2020";"17:28:00";"240";"ac03 - Aci";"257,2";"BR-050/GO";"Sul";"Choque - Sinalização";0;0;0;0;0;0;0;0;0;1;2;0;0;0;0
"27/09/2020";"00:13:00";"5";"ac02 - Aci";"81,1";"BR-050/MG";"Sul";"Queda de Moto";0;0;0;0;0;1;0;0;0;0;0;2;0;0;0
"27/09/2020";"12:49:00";"131";"ac03 - Aci";"36,1";"BR-050/MG";"Sul";"Choque - Meio fio";1;0;0;0;0;0;0;0;0;0;1;0;0;0;0
"27/09/2020";"16:41:00";"201";"ac02 - Aci";"140,5";"BR-050/MG";"Norte";"Tombamento";0;0;1;0;0;0;0;0;0;0;0;1;0;0;0
"27/09/2020";"18:01:00";"221";"ac03 - Aci";"49,9";"BR-050/MG";"Norte";"Choque - Meio fio";1;0;0;0;0;0;0;0;0;0;3;0;0;0;0
"28/09/2020";"02:49:00";"21";"ac02 - Aci";"20,4";"CT-UDI-MG";"Norte";"Capotamento";1;0;0;0;0;0;0;0;0;0;0;1;0;0;0
"28/09/2020";"09:52:00";"98";"ac02 - Aci";"30,7";"BR-050/MG";"Sul";"Capotamento";1;0;0;0;0;0;0;0;0;0;0;0;2;0;0
"28/09/2020";"11:27:00";"139";"ac03 - Aci";"163,3";"BR-050/MG";"Norte";"Choque - Sinalização";1;0;0;0;0;0;0;0;0;0;1;0;0;0;0
"28/09/2020";"14:11:00";"181";"ac03 - Aci";"283";"BR-050/GO";"Sul";"Colisão Transversal";0;0;2;0;0;0;0;0;0;0;3;0;0;0;0
"29/09/2020";"02:01:00";"20";"ac02 - Aci";"132,2";"BR-050/MG";"Norte";"Tombamento";0;0;1;0;0;0;0;0;0;0;0;1;0;0;0
"29/09/2020";"02:41:00";"23";"ac03 - Aci";"92,35";"BR-050/MG";"Norte";"Colisão Traseira";0;0;2;0;0;0;0;0;0;0;2;0;0;0;0
"29/09/2020";"04:31:00";"32";"ac01 - Aci";"56,1";"BR-050/MG";"Norte";"Capotamento";0;0;1;0;0;0;0;0;0;0;0;0;0;0;1
"29/09/2020";"09:11:00";"90";"ac03 - Aci";"21,2";"CT-UDI-MG";"Norte";"Colisão Traseira";0;0;0;0;0;1;0;0;0;1;3;0;0;0;0
"30/09/2020";"00:40:00";"10";"ac02 - Aci";"99,4";"BR-050/MG";"Sul";"Colisão Traseira";0;0;2;0;0;0;0;0;0;0;1;1;0;0;0
"30/09/2020";"16:18:00";"212";"ac02 - Aci";"274";"BR-050/GO";"Sul";"Capotamento";1;0;0;0;0;1;0;0;0;0;2;1;0;0;0
"01/10/2020";"05:32:00";"40";"ac03 - Aci";"272,25";"BR-050/GO";"Sul";"Saida de Pista";0;0;1;0;0;0;0;0;0;0;2;0;0;0;0
"02/10/2020";"10:12:00";"133";"ac02 - Aci";"140,2";"BR-050/MG";"Norte";"Saida de Pista";0;0;1;0;0;1;0;0;0;0;0;0;1;0;0
"02/10/2020";"13:56:00";"190";"ac02 - Aci";"116";"BR-050/GO";"Norte";"Colisão lateral no mesmo sentido";1;0;0;0;0;0;0;0;0;1;0;3;0;0;0
"03/10/2020";"01:50:00";"29";"ac02 - Aci";"177,9";"BR-050/MG";"Sul";"Choque - Defensa metálica";1;0;0;0;0;0;0;0;0;0;0;2;0;0;0
"03/10/2020";"04:32:00";"38";"ac03 - Aci";"55,838";"BR-050/MG";"Sul";"Choque - Arvore";0;0;1;0;0;0;0;0;0;0;1;0;0;0;0
"03/10/2020";"12:45:00";"138";"ac03 - Aci";"266,1";"BR-050/GO";"Sul";"Choque - Elemento de Drenagem";1;0;0;1;0;0;0;0;0;0;3;0;0;0;0
"03/10/2020";"13:06:00";"143";"ac02 - Aci";"192,6";"BR-050/GO";"Norte";"Capotamento";0;0;0;0;0;1;0;0;0;1;0;1;0;1;0
"03/10/2020";"14:33:00";"162";"ac03 - Aci";"207,3";"BR-050/GO";"Sul";"Tombamento";0;0;1;0;0;0;0;0;0;0;1;0;0;0;0
"03/10/2020";"18:45:00";"247";"ac02 - Aci";"99";"BR-050/GO";"Sul";"Queda de Moto";0;0;0;1;0;0;0;0;0;0;0;1;0;0;0
"04/10/2020";"17:15:00";"193";"ac03 - Aci";"98,2";"BR-050/GO";"Norte";"Colisão lateral no mesmo sentido";1;0;0;0;0;0;0;0;0;1;2;0;0;0;0
"04/10/2020";"17:45:00";"199";"ac02 - Aci";"121,18";"BR-050/GO";"Norte";"Capotamento";1;0;0;0;0;0;0;0;0;0;2;2;0;0;0
"04/10/2020";"19:24:00";"230";"ac02 - Aci";"0,2";"BR-050/MG";"Sul";"Choque - Talude";0;0;1;0;0;0;0;0;0;0;0;0;1;0;0
"04/10/2020";"19:57:00";"239";"ac02 - Aci";"161,62";"BR-050/GO";"Norte";"Capotamento";1;0;0;0;0;0;0;0;0;0;3;0;1;0;0
"05/10/2020";"19:11:00";"254";"ac02 - Aci";"42,8";"BR-050/MG";"Sul";"Colisão Traseira";1;0;0;0;0;1;0;0;0;0;1;1;0;0;0
"05/10/2020";"23:35:00";"302";"ac02 - Aci";"151,7";"BR-050/MG";"Norte";"Colisão Traseira";0;0;2;0;0;0;0;0;0;0;1;1;0;0;0
"07/10/2020";"12:43:00";"169";"ac02 - Aci";"112";"BR-050/GO";"Norte";"Colisão lateral no sentido contrário";1;0;1;0;0;0;0;0;0;0;1;2;0;0;0
"07/10/2020";"13:08:00";"175";"ac02 - Aci";"179,981";"BR-050/MG";"Sul";"Queda de Moto";0;0;0;1;0;0;0;0;0;0;0;1;1;0;0
"07/10/2020";"14:59:00";"209";"ac03 - Aci";"51,272";"BR-050/MG";"Sul";"Choque - Veiculo parado na pista";1;0;0;0;0;0;0;0;0;1;3;0;0;0;0
"08/10/2020";"01:49:00";"7";"ac02 - Aci";"202,2";"BR-050/MG";"Sul";"Colisão Traseira";0;0;2;0;0;0;0;0;0;0;0;1;0;0;0
"08/10/2020";"08:21:00";"72";"ac03 - Aci";"218,6";"BR-050/GO";"Norte";"Choque - Arvore";0;0;0;0;0;0;0;0;0;1;2;0;0;0;0
"08/10/2020";"20:26:00";"271";"ac03 - Aci";"181,2";"BR-050/MG";"Sul";"Choque - Elemento de Drenagem";1;0;0;0;0;0;0;0;0;0;1;0;0;0;0
"08/10/2020";"21:59:00";"284";"ac02 - Aci";"255,6";"BR-050/GO";"Sul";"Colisão Traseira";1;0;1;0;0;0;0;0;0;0;2;1;0;1;0
"09/10/2020";"03:43:00";"28";"ac03 - Aci";"297";"BR-050/GO";"Norte";"Saida de Pista";1;0;0;0;0;0;0;0;0;0;1;0;0;0;0
"09/10/2020";"05:53:00";"38";"ac03 - Aci";"252,5";"BR-050/GO";"Sul";"Capotamento";1;0;0;0;0;0;0;0;0;0;2;0;0;0;0
"09/10/2020";"06:50:00";"49";"ac03 - Aci";"2";"BR-050/MG";"Norte";"Choque - Outros";1;0;0;0;0;0;0;0;0;0;2;0;0;0;0
"09/10/2020";"16:28:00";"221";"ac02 - Aci";"174,5";"BR-050/MG";"Sul";"Colisão Traseira";1;0;0;1;0;0;0;0;0;0;0;2;0;0;0
"09/10/2020";"21:49:00";"309";"ac03 - Aci";"151";"BR-050/MG";"Norte";"Choque - Barranco";0;0;0;0;0;0;0;0;0;1;1;0;0;0;0
"10/10/2020";"11:25:00";"145";"ac02 - Aci";"21,1";"CT-UDI-MG";"Sul";"Colisão lateral no mesmo sentido";1;0;0;1;0;0;0;0;0;0;1;1;0;0;0
"10/10/2020";"15:51:00";"220";"ac02 - Aci";"16,83";"BR-050/MG";"Norte";"Capotamento";1;0;0;0;0;0;0;0;0;0;0;3;0;0;0
"11/10/2020";"00:48:00";"3";"ac03 - Aci";"174";"BR-050/MG";"Sul";"Colisão Traseira";2;0;0;0;0;0;0;0;0;0;2;0;0;0;0
"11/10/2020";"19:01:00";"180";"ac03 - Aci";"77,3";"BR-050/MG";"Sul";"Saida de Pista";1;0;0;0;0;0;0;0;0;0;1;0;0;0;0
"11/10/2020";"21:10:00";"202";"ac03 - Aci";"101";"BR-050/GO";"Sul";"Capotamento";0;0;0;0;0;0;0;0;0;1;1;0;0;0;0
"12/10/2020";"04:48:00";"34";"ac03 - Aci";"123,8";"BR-050/MG";"Sul";"Capotamento";1;0;0;0;0;0;0;0;0;0;1;0;0;0;0
"12/10/2020";"05:48:00";"40";"ac03 - Aci";"96,8";"BR-050/MG";"Sul";"Capotamento";0;0;0;0;0;0;0;0;0;1;2;0;0;0;0
"13/10/2020";"01:54:00";"8";"ac03 - Aci";"197,5";"BR-050/GO";"Norte";"Saida de Pista";1;0;0;0;0;0;0;0;0;0;2;0;0;0;0
"13/10/2020";"02:51:00";"13";"ac03 - Aci";"265,425";"BR-050/GO";"Norte";"Capotamento";0;0;0;0;0;0;0;0;0;1;2;0;0;0;0
"13/10/2020";"15:46:00";"186";"ac02 - Aci";"50,55";"BR-050/MG";"Norte";"Tombamento";0;0;1;0;0;0;0;0;0;0;0;1;0;0;0
"14/10/2020";"02:40:00";"19";"ac03 - Aci";"80,3";"BR-050/MG";"Sul";"Choque - Defensa metálica";0;0;0;0;0;0;0;0;0;1;1;0;0;0;0
"14/10/2020";"15:36:00";"231";"ac02 - Aci";"177";"BR-050/MG";"Sul";"Queda de Moto";0;0;0;1;0;0;0;0;0;0;0;1;0;0;0
"14/10/2020";"19:02:00";"297";"ac03 - Aci";"41,6";"BR-050/MG";"Sul";"Colisão Traseira";0;0;2;0;0;0;0;0;0;0;2;0;0;0;0
"14/10/2020";"20:10:00";"313";"ac03 - Aci";"41,8";"BR-050/MG";"Norte";"Colisão Traseira";2;0;0;0;0;0;0;0;0;0;3;0;0;0;0
"15/10/2020";"13:46:00";"187";"ac03 - Aci";"180";"BR-050/MG";"Norte";"Colisão lateral no mesmo sentido";1;0;1;0;0;0;0;0;0;0;2;0;0;0;0
"15/10/2020";"14:02:00";"194";"ac03 - Aci";"207,5";"BR-050/GO";"Sul";"Saida de Pista";0;0;1;0;0;0;0;0;0;0;2;0;0;0;0
"15/10/2020";"16:44:00";"235";"ac02 - Aci";"64,36";"BR-050/MG";"Sul";"Queda de Moto";0;0;0;1;0;0;0;0;0;0;1;1;0;0;0
"16/10/2020";"07:30:00";"57";"ac02 - Aci";"13,14";"CT-UDI-MG";"Norte";"Choque - Talude";0;0;1;0;0;0;0;0;0;0;0;1;0;0;0
"16/10/2020";"14:06:00";"166";"ac03 - Aci";"278,05";"BR-050/GO";"Sul";"Colisão Traseira";1;0;1;0;0;0;0;0;0;0;2;0;0;0;0
"16/10/2020";"14:51:00";"180";"ac02 - Aci";"151,48";"BR-050/MG";"Norte";"Queda de Moto";0;0;0;1;0;0;0;0;0;0;0;1;0;0;0
"16/10/2020";"16:12:00";"206";"ac03 - Aci";"28";"BR-050/MG";"Sul";"Choque - Defensa metálica";0;0;1;0;0;0;0;0;0;0;1;0;0;0;0
"16/10/2020";"18:55:00";"238";"ac02 - Aci";"192,6";"BR-050/MG";"Sul";"Choque - Elemento de Drenagem";0;0;1;0;0;0;0;0;0;0;0;1;0;0;0
"16/10/2020";"22:04:00";"285";"ac02 - Aci";"278";"BR-050/GO";"Sul";"Colisão Transversal";1;0;0;0;0;0;0;0;0;1;14;1;0;0;0
"17/10/2020";"01:22:00";"9";"ac02 - Aci";"192,6";"BR-050/MG";"Norte";"Engavetamento";1;0;2;0;0;0;0;0;0;0;1;1;0;0;0
"17/10/2020";"03:51:00";"22";"ac03 - Aci";"18";"BR-050/MG";"Norte";"Tombamento";0;0;1;0;0;0;0;0;0;0;1;0;0;0;0
"17/10/2020";"14:52:00";"152";"ac03 - Aci";"194,6";"BR-050/MG";"Sul";"Colisão Traseira";1;0;0;0;0;0;0;0;0;1;5;0;0;0;0
"17/10/2020";"16:27:00";"178";"ac03 - Aci";"65,4";"BR-050/MG";"Norte";"Capotamento";1;0;0;0;0;0;0;0;0;1;6;0;0;0;0
"17/10/2020";"19:23:00";"211";"ac02 - Aci";"159,5";"BR-050/MG";"Norte";"Capotamento";1;0;0;0;0;0;0;0;0;0;0;1;0;0;0
"18/10/2020";"01:27:00";"6";"ac02 - Aci";"55,3";"BR-050/MG";"Norte";"Choque - New jersey";1;0;0;0;0;0;0;0;0;0;0;2;0;0;0
"18/10/2020";"16:21:00";"164";"ac03 - Aci";"108,15";"BR-050/GO";"Norte";"Capotamento";1;0;0;0;0;0;0;0;0;0;4;0;0;0;0
"18/10/2020";"21:05:00";"226";"ac03 - Aci";"30,87";"BR-050/MG";"Sul";"Choque - Elemento de Drenagem";1;0;0;0;0;0;0;0;0;0;1;0;0;0;0
"18/10/2020";"21:10:00";"228";"ac02 - Aci";"279";"BR-050/GO";"Norte";"Queda de Moto";0;0;0;1;0;0;0;0;0;0;0;1;0;0;0
"18/10/2020";"23:40:00";"252";"ac03 - Aci";"46,4";"BR-050/MG";"Sul";"Choque - Meio fio";1;0;0;0;0;0;0;0;0;0;3;0;0;0;0
"19/10/2020";"07:00:00";"44";"ac02 - Aci";"295,5";"BR-050/GO";"Sul";"Capotamento";1;0;0;0;0;0;0;0;0;0;1;5;0;0;0
"20/10/2020";"04:50:00";"21";"ac03 - Aci";"192,9";"BR-050/MG";"Norte";"Choque - New jersey";1;0;0;0;0;1;0;0;0;0;1;0;0;0;0
"20/10/2020";"05:38:00";"24";"ac03 - Aci";"41,2";"BR-050/MG";"Norte";"Choque - Meio fio";0;0;1;0;0;0;0;0;0;0;1;0;0;0;0
"20/10/2020";"07:50:00";"37";"ac03 - Aci";"51,6";"BR-050/MG";"Sul";"Choque - Defensa metálica";0;0;1;0;0;0;0;0;0;0;1;0;0;0;0
"20/10/2020";"08:49:00";"48";"ac03 - Aci";"16,94";"BR-050/MG";"Norte";"Saida de Pista";1;0;0;0;0;0;0;0;0;0;1;0;0;0;0
"20/10/2020";"10:51:00";"87";"ac02 - Aci";"294,15";"BR-050/GO";"Norte";"Colisão lateral no mesmo sentido";1;0;1;0;0;0;0;0;0;0;0;3;0;0;0
"20/10/2020";"16:40:00";"152";"ac03 - Aci";"55,8";"BR-050/MG";"Norte";"Colisão Traseira";0;0;2;0;0;0;0;0;0;0;2;0;0;0;0
"20/10/2020";"19:26:00";"180";"ac02 - Aci";"44,95";"BR-050/MG";"Norte";"Colisão Traseira";0;0;2;0;0;0;0;0;0;0;1;0;1;0;0
"21/10/2020";"02:59:00";"21";"ac02 - Aci";"152,33";"BR-050/GO";"Sul";"Choque - Sinalização";0;0;1;0;0;0;0;0;0;0;1;1;0;0;0
"21/10/2020";"10:00:00";"100";"ac03 - Aci";"59,85";"BR-050/MG";"Sul";"Saida de Pista";1;0;0;0;0;0;0;0;0;0;2;0;0;0;0
"21/10/2020";"18:58:00";"217";"ac03 - Aci";"175,05";"BR-050/MG";"Sul";"Atropelamento de Animal";1;0;0;0;0;0;0;0;0;0;1;0;0;0;0
"22/10/2020";"17:26:00";"231";"ac02 - Aci";"133,65";"BR-050/MG";"Sul";"Capotamento";1;0;0;0;0;0;0;0;0;0;0;1;0;0;0
"22/10/2020";"21:23:00";"274";"ac03 - Aci";"138";"BR-050/MG";"Sul";"Colisão Traseira";0;0;2;0;0;0;0;0;0;0;3;0;0;0;0
"23/10/2020";"05:23:00";"36";"ac03 - Aci";"299";"BR-050/GO";"Sul";"Choque - Elemento de Drenagem";0;0;1;0;0;0;0;0;0;0;1;0;0;0;0
"23/10/2020";"05:38:00";"40";"ac03 - Aci";"120,1";"BR-050/MG";"Norte";"Capotamento";1;0;0;0;0;0;0;0;0;0;1;0;0;0;0
"24/10/2020";"01:22:00";"10";"ac02 - Aci";"6,1";"BR-050/MG";"Sul";"Queda de Moto";0;0;0;1;0;0;0;0;0;0;0;1;0;0;0
"24/10/2020";"04:01:00";"24";"ac03 - Aci";"175,5";"BR-050/MG";"Norte";"Choque - Elemento de Drenagem";1;0;0;0;0;0;0;0;0;0;4;0;0;0;0
"24/10/2020";"04:53:00";"30";"ac03 - Aci";"196";"BR-050/MG";"Sul";"Saida de Pista";1;0;0;0;0;0;0;0;0;0;1;0;0;0;0
"24/10/2020";"05:03:00";"32";"ac02 - Aci";"35,9";"BR-050/MG";"Norte";"Colisão Traseira";1;0;0;0;0;0;0;0;0;0;0;1;0;0;0
"24/10/2020";"15:16:00";"153";"ac03 - Aci";"77,3";"BR-050/MG";"Sul";"Colisão lateral no mesmo sentido";1;0;0;0;0;1;0;0;0;0;1;0;0;0;0
"24/10/2020";"15:23:00";"156";"ac03 - Aci";"260,1";"BR-050/GO";"Norte";"Choque - Defensa metálica";1;0;0;0;0;0;0;0;0;0;1;0;0;0;0
"24/10/2020";"15:31:00";"159";"ac03 - Aci";"267,2";"BR-050/GO";"Norte";"Choque - Outros";1;0;0;0;0;0;0;0;0;0;3;0;0;0;0
"25/10/2020";"00:32:00";"2";"ac02 - Aci";"103,58";"BR-050/GO";"Norte";"Queda de Moto";0;0;0;1;0;0;0;0;0;0;1;0;1;0;0
"25/10/2020";"13:12:00";"86";"ac02 - Aci";"17,4";"CT-UDI-MG";"Norte";"Queda de Moto";0;0;0;1;0;0;0;0;0;0;1;1;0;0;0
"25/10/2020";"15:58:00";"113";"ac02 - Aci";"55,85";"BR-050/MG";"Sul";"Choque - Defensa metálica";1;0;0;0;0;0;0;0;0;0;2;1;0;0;0
"25/10/2020";"16:40:00";"127";"ac02 - Aci";"268,5";"BR-050/GO";"Norte";"Capotamento";1;0;0;0;0;0;0;0;0;0;4;2;0;0;0
"25/10/2020";"17:46:00";"138";"ac03 - Aci";"51,91";"BR-050/MG";"Norte";"Colisão Transversal";2;0;0;0;0;0;0;0;0;0;8;0;0;0;0
"25/10/2020";"20:34:00";"158";"ac03 - Aci";"98,05";"BR-050/GO";"Norte";"Choque - Barranco";1;0;0;0;0;0;0;0;0;0;1;0;0;0;0
"25/10/2020";"22:40:00";"177";"ac02 - Aci";"2";"BR-050/MG";"Sul";"Colisão Traseira";0;0;2;0;0;0;0;0;0;0;1;1;0;0;0
"26/10/2020";"01:07:00";"9";"ac03 - Aci";"273";"BR-050/GO";"Sul";"Atropelamento de Animal";0;0;0;0;0;0;0;0;0;1;1;0;0;0;0
"26/10/2020";"17:05:00";"224";"ac02 - Aci";"97";"BR-050/GO";"Norte";"Queda de Moto";0;0;0;1;0;0;0;0;0;0;0;1;0;0;0
"26/10/2020";"17:19:00";"228";"ac02 - Aci";"140,3";"BR-050/MG";"Norte";"Tombamento";0;0;0;0;0;0;0;0;0;1;0;0;1;0;0
"26/10/2020";"19:32:00";"255";"ac03 - Aci";"1";"CT-UDI-MG";"Sul";"Colisão lateral no mesmo sentido";2;0;0;0;0;0;0;0;0;0;2;0;0;0;0