data;horario;n_da_ocorrencia;tipo_de_ocorrencia;km;trecho;sentido;tipo_de_acidente;automovel;bicicleta;caminhao;moto;onibus;outros;tracao_animal;transporte_de_cargas_especiais;trator_maquinas;utilitarios;ilesos;levemente_feridos;moderadamente_feridos;gravemente_feridos;mortos
"26/10/2020";"20:11:00";"267";"ac03 - Aci";"283";"BR-050/GO";"Sul";"Colisão Transversal";1;0;1;0;0;0;0;0;0;0;3;0;0;0;0
"27/10/2020";"10:52:00";"129";"ac02 - Aci";"106,8";"BR-050/MG";"Norte";"Capotamento";1;0;0;0;0;0;0;0;0;0;0;1;0;0;0
"27/10/2020";"14:44:00";"175";"ac03 - Aci";"179";"BR-050/MG";"Sul";"Colisão lateral no mesmo sentido";0;0;2;0;0;0;0;0;0;0;2;0;0;0;0
"27/10/2020";"16:09:00";"205";"ac03 - Aci";"81";"BR-050/MG";"Norte";"Colisão lateral no mesmo sentido";0;0;0;1;0;1;0;0;0;0;1;0;0;0;0
"28/10/2020";"07:58:00";"66";"ac03 - Aci";"119,2";"BR-050/GO";"Norte";"Choque - Meio fio";1;0;0;0;0;0;0;0;0;0;1;0;0;0;0
"28/10/2020";"11:59:00";"142";"ac02 - Aci";"177,9";"BR-050/GO";"Norte";"Capotamento";1;0;0;0;0;0;0;0;0;0;0;2;0;0;0
"28/10/2020";"16:12:00";"206";"ac03 - Aci";"47,45";"BR-050/MG";"Sul";"Choque - Talude";0;0;1;0;0;0;0;0;0;0;1;0;0;0;0
"28/10/2020";"23:49:00";"302";"ac03 - Aci";"260,92";"BR-050/GO";"Norte";"Choque - Defensa metálica";0;0;1;0;0;0;0;0;0;0;1;0;0;0;0
"29/10/2020";"09:01:00";"82";"ac02 - Aci";"130,5";"BR-050/MG";"Sul";"Capotamento";1;0;0;0;0;0;0;0;0;0;0;2;0;0;0
"29/10/2020";"14:30:00";"172";"ac03 - Aci";"10";"BR-050/MG";"Sul";"Capotamento";1;0;0;0;0;0;0;0;0;0;3;0;0;0;0
"29/10/2020";"15:11:00";"180";"ac02 - Aci";"51,65";"BR-050/MG";"Sul";"Colisão Traseira";0;0;2;0;0;0;0;0;0;0;1;0;1;0;0
"29/10/2020";"19:20:00";"244";"ac03 - Aci";"36";"BR-050/MG";"Norte";"Choque - Talude";1;0;0;0;0;0;0;0;0;0;1;0;0;0;0
"30/10/2020";"01:21:00";"2";"ac02 - Aci";"88,5";"BR-050/MG";"Norte";"Colisão Traseira";1;0;1;0;0;0;0;0;0;0;1;0;1;0;0
"30/10/2020";"03:43:00";"15";"ac01 - Aci";"102,3";"BR-050/MG";"Sul";"Capotamento";1;0;0;0;0;0;0;0;0;0;0;0;0;0;1
"30/10/2020";"10:02:00";"90";"ac02 - Aci";"56";"BR-050/MG";"Norte";"Tombamento";1;0;1;0;0;0;0;0;0;0;2;1;0;0;0
"30/10/2020";"13:59:00";"165";"ac02 - Aci";"155";"BR-050/MG";"Sul";"Colisão Transversal";1;0;0;0;0;0;0;0;0;1;0;2;0;1;0
"30/10/2020";"15:21:00";"180";"ac03 - Aci";"28,4";"BR-050/MG";"Norte";"Choque - Elemento de Drenagem";1;0;0;0;0;0;0;0;0;0;5;0;0;0;0
"30/10/2020";"16:32:00";"204";"ac03 - Aci";"206";"BR-050/GO";"Norte";"Saida de Pista";0;0;0;0;0;0;0;0;0;1;1;0;0;0;0
"30/10/2020";"17:14:00";"224";"ac03 - Aci";"44,8";"BR-050/MG";"Sul";"Colisão Traseira";0;0;2;0;0;0;0;0;0;0;2;0;0;0;0
"30/10/2020";"18:29:00";"244";"ac03 - Aci";"39,8";"BR-050/MG";"Sul";"Colisão lateral no mesmo sentido";0;0;2;0;0;0;0;0;0;0;3;0;0;0;0
"30/10/2020";"18:36:00";"246";"ac02 - Aci";"179";"BR-050/MG";"Norte";"Colisão Traseira";2;0;0;0;0;0;0;0;0;0;5;1;0;0;0
"30/10/2020";"19:23:00";"269";"ac03 - Aci";"179,8";"BR-050/MG";"Norte";"Colisão Traseira";2;0;0;0;0;0;0;0;0;0;2;0;0;0;0
"30/10/2020";"22:13:00";"314";"ac01 - Aci";"230,58";"BR-050/GO";"Norte";"Tombamento";0;0;1;0;0;1;0;0;0;0;0;0;0;0;1
"31/10/2020";"01:10:00";"12";"ac02 - Aci";"294";"BR-050/GO";"Norte";"Capotamento";1;0;0;0;0;0;0;0;0;0;0;4;0;0;0
"31/10/2020";"01:14:00";"13";"ac02 - Aci";"191,18";"BR-050/GO";"Norte";"Saida de Pista";0;0;1;0;0;0;0;0;0;0;0;1;0;0;0
"31/10/2020";"02:17:00";"19";"ac02 - Aci";"166";"BR-050/GO";"Norte";"Colisão Traseira";1;0;1;0;0;0;0;0;0;0;2;1;0;0;0
"31/10/2020";"04:59:00";"30";"ac03 - Aci";"52,54";"BR-050/MG";"Norte";"Colisão Traseira";0;0;2;0;0;0;0;0;0;0;2;0;0;0;0
"31/10/2020";"11:30:00";"128";"ac02 - Aci";"126,28";"BR-050/MG";"Norte";"Choque - Arvore";1;0;0;0;0;0;0;0;0;0;2;1;1;0;0
"31/10/2020";"22:11:00";"278";"ac03 - Aci";"176";"BR-050/GO";"Sul";"Colisão lateral no mesmo sentido";1;0;1;0;0;0;0;0;0;0;6;0;0;0;0
"01/11/2020";"09:13:00";"60";"ac02 - Aci";"48,3";"BR-050/MG";"Sul";"Queda de Moto";0;0;0;1;0;0;0;0;0;0;0;2;0;0;0
"01/11/2020";"10:30:00";"83";"ac02 - Aci";"78,96";"BR-050/MG";"Sul";"Queda de Moto";0;0;0;1;0;0;0;0;0;0;0;1;0;0;0
"01/11/2020";"17:19:00";"156";"ac02 - Aci";"1,7";"BR-050/MG";"Norte";"Choque - Defensa metálica";1;0;0;0;0;0;0;0;0;0;1;1;0;0;0
"01/11/2020";"19:11:00";"175";"ac03 - Aci";"22,15";"BR-050/MG";"Sul";"Choque - Meio fio";1;0;0;0;0;0;0;0;0;0;1;0;0;0;0
"01/11/2020";"21:22:00";"195";"ac02 - Aci";"174,2";"BR-050/MG";"Sul";"Choque - New jersey";1;0;0;0;0;0;0;0;0;0;4;1;0;0;0
"01/11/2020";"23:40:00";"216";"ac02 - Aci";"34,6";"BR-050/MG";"Sul";"Choque - Sinalização";0;0;1;0;0;0;0;0;0;0;1;1;0;0;0
"02/11/2020";"09:31:00";"78";"ac03 - Aci";"51,6";"BR-050/MG";"Norte";"Choque - Veiculo parado na pista";0;0;0;1;0;0;0;0;0;1;2;0;0;0;0
"02/11/2020";"20:00:00";"233";"ac01 - Aci";"198,9";"BR-050/MG";"Norte";"Colisão Traseira";0;0;0;1;0;0;0;0;0;1;1;0;0;0;1
"03/11/2020";"03:42:00";"21";"ac02 - Aci";"203,9";"BR-050/GO";"Sul";"Capotamento";1;0;0;0;0;0;0;0;0;0;1;1;0;0;0
"03/11/2020";"06:34:00";"35";"ac02 - Aci";"176,95";"BR-050/MG";"Norte";"Choque - Veiculo parado na pista";0;0;0;1;0;1;0;0;0;0;0;0;1;0;0
"03/11/2020";"06:45:00";"37";"ac03 - Aci";"176,98";"BR-050/MG";"Norte";"Choque - Veiculo parado na pista";1;0;0;0;0;0;0;0;0;1;3;0;0;0;0
"03/11/2020";"12:39:00";"135";"ac02 - Aci";"98,5";"BR-050/MG";"Sul";"Saida de Pista";1;0;0;0;0;0;0;0;0;0;0;1;0;0;0
"03/11/2020";"15:08:00";"176";"ac03 - Aci";"236";"BR-050/GO";"Norte";"Choque - New jersey";0;0;0;0;0;0;0;0;0;1;1;0;0;0;0
"03/11/2020";"16:37:00";"192";"ac03 - Aci";"169,9";"BR-050/MG";"Sul";"Colisão Transversal";1;0;0;0;0;1;0;0;0;0;1;0;0;0;0
"03/11/2020";"19:15:00";"246";"ac02 - Aci";"7";"CT-UDI-MG";"Norte";"Queda de Ciclista";0;1;0;0;0;0;0;0;0;0;0;0;0;1;0
"03/11/2020";"20:29:00";"265";"ac02 - Aci";"60,35";"BR-050/MG";"Sul";"Colisão Traseira";0;0;2;0;0;0;0;0;0;0;1;1;0;0;0
"03/11/2020";"20:40:00";"266";"ac03 - Aci";"24,16";"BR-050/MG";"Sul";"Queda de Moto";0;0;0;1;0;0;0;0;0;0;2;0;0;0;0
"04/11/2020";"10:22:00";"105";"ac02 - Aci";"116,7";"BR-050/GO";"Sul";"Choque - Sinalização";1;0;0;0;0;0;0;0;0;0;2;1;0;0;0
"04/11/2020";"15:15:00";"192";"ac02 - Aci";"280,5";"BR-050/GO";"Sul";"Colisão Transversal";1;0;0;1;0;0;0;0;0;0;1;1;0;0;0
"04/11/2020";"16:20:00";"210";"ac03 - Aci";"264,45";"BR-050/GO";"Sul";"Colisão lateral no mesmo sentido";1;0;1;0;0;0;0;0;0;0;2;0;0;0;0
"05/11/2020";"13:21:00";"179";"ac02 - Aci";"137,1";"BR-050/MG";"Sul";"Colisão Traseira";2;0;0;0;0;0;0;0;0;0;0;2;0;0;0
"06/11/2020";"07:58:00";"61";"ac03 - Aci";"85,1";"BR-050/MG";"Norte";"Choque - Sinalização";1;0;0;0;0;0;0;0;0;0;1;0;0;0;0
"06/11/2020";"10:57:00";"126";"ac03 - Aci";"178,85";"BR-050/MG";"Sul";"Engavetamento";1;0;2;0;0;0;0;0;0;0;3;0;0;0;0
"06/11/2020";"11:57:00";"139";"ac02 - Aci";"128,6";"BR-050/GO";"Norte";"Choque - Sinalização";1;0;0;0;0;0;0;0;0;0;0;2;0;0;0
"06/11/2020";"12:49:00";"151";"ac02 - Aci";"16,65";"CT-UDI-MG";"Sul";"Colisão Traseira";1;0;0;0;0;0;0;0;0;1;1;2;0;0;0
"07/11/2020";"00:02:00";"2";"ac02 - Aci";"165,48";"BR-050/GO";"Sul";"Choque - Elemento de Drenagem";0;0;1;0;0;0;0;0;0;0;0;1;0;0;0
"07/11/2020";"02:01:00";"13";"ac02 - Aci";"175";"BR-050/MG";"Norte";"Choque - Sinalização";1;0;0;0;0;0;0;0;0;0;0;1;0;0;0
"07/11/2020";"05:09:00";"23";"ac03 - Aci";"45";"BR-050/MG";"Norte";"Choque - Elemento de Drenagem";1;0;0;0;0;0;0;0;0;0;4;0;0;0;0
"07/11/2020";"06:19:00";"31";"ac03 - Aci";"44,9";"BR-050/MG";"Norte";"Colisão Traseira";2;0;0;0;0;0;0;0;0;0;2;0;0;0;0
"07/11/2020";"10:51:00";"112";"ac02 - Aci";"53";"BR-050/MG";"Sul";"Choque - New jersey";1;0;1;0;0;0;0;0;0;0;0;0;0;4;0
"07/11/2020";"12:26:00";"132";"ac02 - Aci";"44";"BR-050/MG";"Norte";"Choque - Objeto sobre a pista";1;0;0;0;0;0;0;0;0;0;1;1;0;0;0
"07/11/2020";"14:05:00";"156";"ac03 - Aci";"29,7";"BR-050/MG";"Norte";"Choque - Elemento de Drenagem";1;0;0;0;0;1;0;0;0;0;1;0;0;0;0
"07/11/2020";"15:54:00";"191";"ac02 - Aci";"112,1";"BR-050/MG";"Sul";"Colisão Traseira";0;0;1;0;0;0;0;0;0;1;1;1;0;0;0
"07/11/2020";"22:52:00";"292";"ac02 - Aci";"163";"BR-050/MG";"Sul";"Colisão Traseira";1;0;0;0;0;0;0;0;0;1;2;1;0;0;0
"08/11/2020";"18:24:00";"196";"ac02 - Aci";"58";"BR-050/MG";"Sul";"Colisão lateral no mesmo sentido";1;0;0;1;0;0;0;0;0;1;5;0;2;0;0
"08/11/2020";"21:53:00";"244";"ac03 - Aci";"114,5";"BR-050/MG";"Norte";"Saida de Pista";0;0;0;0;0;0;0;0;0;1;4;0;0;0;0
"09/11/2020";"06:52:00";"38";"ac03 - Aci";"183,4";"BR-050/MG";"Sul";"Colisão Traseira";1;0;0;0;0;0;0;0;0;1;2;0;0;0;0
"09/11/2020";"08:50:00";"68";"ac03 - Aci";"182,05";"BR-050/MG";"Sul";"Colisão Traseira";0;0;0;0;0;0;0;0;0;2;3;0;0;0;0
"09/11/2020";"09:18:00";"78";"ac03 - Aci";"294,7";"BR-050/GO";"Sul";"Saida de Pista";1;0;0;0;0;0;0;0;0;0;1;0;0;0;0
"09/11/2020";"11:10:00";"118";"ac02 - Aci";"141,3";"BR-050/MG";"Sul";"Choque - Defensa metálica";0;0;1;0;0;0;0;0;0;0;0;0;1;0;0
"09/11/2020";"19:09:00";"250";"ac02 - Aci";"178,85";"BR-050/MG";"Sul";"Colisão Traseira";1;0;0;1;0;0;0;0;0;0;1;1;0;0;0
"10/11/2020";"17:36:00";"199";"ac02 - Aci";"88,05";"BR-050/MG";"Norte";"Tombamento";0;0;0;0;0;0;0;0;0;1;1;1;0;0;0
"11/11/2020";"00:41:00";"3";"ac02 - Aci";"181";"BR-050/MG";"Norte";"Queda de Ciclista";0;1;0;0;0;0;0;0;0;0;0;1;0;0;0
"11/11/2020";"01:26:00";"6";"ac02 - Aci";"58,3";"BR-050/MG";"Norte";"Colisão Traseira";0;0;2;0;0;0;0;0;0;0;1;0;1;0;0
"11/11/2020";"11:54:00";"116";"ac02 - Aci";"86,9";"BR-050/MG";"Sul";"Choque - Elemento de Drenagem";0;0;0;0;0;0;0;0;0;1;1;1;0;0;0
"11/11/2020";"13:06:00";"126";"ac03 - Aci";"56,7";"BR-050/MG";"Sul";"Colisão Traseira";1;0;1;0;0;0;0;0;0;0;4;0;0;0;0
"11/11/2020";"14:40:00";"159";"ac03 - Aci";"20";"CT-UDI-MG";"Norte";"Choque - New jersey";1;0;0;0;0;0;0;0;0;0;1;0;0;0;0
"12/11/2020";"01:32:00";"11";"ac02 - Aci";"79,93";"BR-050/MG";"Norte";"Capotamento";1;0;0;0;0;0;0;0;0;0;0;1;0;0;0
"12/11/2020";"12:34:00";"147";"ac02 - Aci";"183,4";"BR-050/MG";"Sul";"Engavetamento";6;0;1;0;0;0;0;0;0;0;7;4;3;0;0
"12/11/2020";"15:38:00";"202";"ac02 - Aci";"157";"BR-050/GO";"Sul";"Saida de Pista";1;0;0;0;0;0;0;0;0;0;0;1;0;0;0
"12/11/2020";"18:50:00";"253";"ac03 - Aci";"180";"BR-050/MG";"Sul";"Colisão Traseira";1;0;1;0;0;0;0;0;0;0;2;0;0;0;0
"12/11/2020";"19:36:00";"267";"ac03 - Aci";"150";"BR-050/MG";"Norte";"Tombamento";0;0;1;0;0;0;0;0;0;0;2;0;0;0;0
"12/11/2020";"21:04:00";"280";"ac03 - Aci";"278,6";"BR-050/GO";"Sul";"Colisão Transversal";2;0;0;0;0;0;0;0;0;0;3;0;0;0;0
"13/11/2020";"03:30:00";"18";"ac02 - Aci";"177";"BR-050/MG";"Norte";"Choque - New jersey";0;0;0;0;0;0;0;0;0;1;0;1;0;0;0
"13/11/2020";"05:50:00";"30";"ac02 - Aci";"97";"BR-050/MG";"Norte";"Colisão Traseira";1;0;1;0;0;0;0;0;0;0;0;1;0;0;0
"13/11/2020";"06:17:00";"36";"ac03 - Aci";"189,7";"BR-050/MG";"Sul";"Choque - New jersey";0;0;1;0;0;0;0;0;0;0;1;0;0;0;0
"13/11/2020";"07:56:00";"65";"ac02 - Aci";"171,25";"BR-050/MG";"Norte";"Colisão Traseira";2;0;0;0;0;0;0;0;0;0;3;1;0;0;0
"13/11/2020";"16:19:00";"195";"ac03 - Aci";"25,19";"BR-050/MG";"Sul";"Choque - Elemento de Drenagem";1;0;0;0;0;0;0;0;0;0;1;0;0;0;0
"13/11/2020";"16:48:00";"202";"ac02 - Aci";"267,6";"BR-050/GO";"Sul";"Choque - Elemento de Drenagem";0;0;0;0;0;0;0;0;0;1;0;1;0;0;0
"13/11/2020";"19:29:00";"240";"ac01 - Aci";"101,92";"BR-050/GO";"Norte";"Colisão Traseira";0;0;1;1;0;0;0;0;0;0;0;0;0;0;1
"13/11/2020";"19:50:00";"243";"ac03 - Aci";"102";"BR-050/GO";"Norte";"Engavetamento";3;0;0;0;0;0;0;0;0;0;6;0;0;0;0
"13/11/2020";"21:11:00";"263";"ac02 - Aci";"114";"BR-050/GO";"Norte";"Colisão Traseira";0;0;2;0;0;0;0;0;0;0;1;1;0;0;0
"13/11/2020";"21:25:00";"266";"ac03 - Aci";"180,8";"BR-050/MG";"Sul";"Colisão lateral no mesmo sentido";1;0;1;0;0;0;0;0;0;0;2;0;0;0;0
"13/11/2020";"23:33:00";"290";"ac03 - Aci";"178,3";"BR-050/GO";"Norte";"Saida de Pista";1;0;0;0;0;0;0;0;0;0;2;0;0;0;0
"14/11/2020";"05:16:00";"35";"ac02 - Aci";"265,54";"BR-050/GO";"Norte";"Colisão Traseira";0;0;0;0;0;0;0;0;0;2;1;0;0;3;0
"14/11/2020";"12:13:00";"116";"ac02 - Aci";"62,5";"BR-050/MG";"Sul";"Capotamento";1;0;0;0;0;0;0;0;0;0;0;1;1;0;0
"14/11/2020";"13:10:00";"126";"ac03 - Aci";"17";"BR-050/MG";"Norte";"Choque - Elemento de Drenagem";1;0;0;0;0;0;0;0;0;0;1;0;0;0;0
"14/11/2020";"17:25:00";"184";"ac03 - Aci";"197,05";"BR-050/MG";"Sul";"Choque - Meio fio";0;0;0;0;0;0;0;0;0;1;2;0;0;0;0
"14/11/2020";"19:16:00";"201";"ac01 - Aci";"311,32";"BR-050/GO";"Norte";"Colisão Traseira";0;0;1;1;0;0;0;0;0;0;0;0;0;0;1
"15/11/2020";"01:27:00";"9";"ac03 - Aci";"80,4";"BR-050/MG";"Sul";"Colisão Traseira";2;0;0;0;0;0;0;0;0;0;5;0;0;0;0
"15/11/2020";"10:48:00";"87";"ac02 - Aci";"185,75";"BR-050/MG";"Sul";"Engavetamento";3;0;2;0;0;0;0;0;0;0;4;1;2;0;0
"15/11/2020";"14:26:00";"134";"ac02 - Aci";"36,7";"BR-050/MG";"Sul";"Capotamento";1;0;0;0;0;1;0;0;0;0;0;1;0;0;0
"15/11/2020";"16:45:00";"170";"ac03 - Aci";"29,7";"BR-050/MG";"Sul";"Choque - Elemento de Drenagem";1;0;0;0;0;0;0;0;0;0;4;0;0;0;0
"15/11/2020";"18:01:00";"190";"ac02 - Aci";"130,35";"BR-050/MG";"Sul";"Capotamento";1;0;0;0;0;0;0;0;0;0;3;0;1;0;0
"16/11/2020";"08:34:00";"77";"ac03 - Aci";"309,5";"BR-050/GO";"Norte";"Choque - Sinalização";0;0;0;0;0;0;0;0;0;1;1;0;0;0;0
"16/11/2020";"16:12:00";"218";"ac02 - Aci";"10";"CT-UDI-MG";"Norte";"Capotamento";1;0;0;0;0;0;0;0;0;0;0;1;0;0;0
"16/11/2020";"17:35:00";"247";"ac03 - Aci";"163,6";"BR-050/MG";"Sul";"Saida de Pista";0;0;1;0;0;0;0;0;0;0;2;0;0;0;0
"16/11/2020";"19:25:00";"272";"ac03 - Aci";"114";"BR-050/GO";"Norte";"Saida de Pista";1;0;0;0;0;0;0;0;0;0;1;0;0;0;0
"17/11/2020";"07:03:00";"43";"ac03 - Aci";"202";"BR-050/MG";"Sul";"Capotamento";1;0;0;0;0;0;0;0;0;0;1;0;0;0;0
"17/11/2020";"17:02:00";"211";"ac03 - Aci";"294,7";"BR-050/GO";"Sul";"Queda de Ciclista";0;1;0;0;0;0;0;0;0;0;1;0;0;0;0
"18/11/2020";"04:32:00";"16";"ac02 - Aci";"179,8";"BR-050/MG";"Norte";"Colisão Traseira";0;0;2;0;0;0;0;0;0;0;1;0;1;0;0
"18/11/2020";"08:32:00";"65";"ac03 - Aci";"147,8";"BR-050/MG";"Sul";"Capotamento";1;0;0;0;0;0;0;0;0;0;1;0;0;0;0
"18/11/2020";"12:43:00";"146";"ac03 - Aci";"192,75";"BR-050/MG";"Sul";"Colisão Traseira";1;0;0;0;0;0;0;0;0;1;5;0;0;0;0
"18/11/2020";"13:00:00";"148";"ac03 - Aci";"263,2";"BR-050/GO";"Norte";"Choque - Sinalização";1;0;0;0;0;0;0;0;0;0;1;0;0;0;0
"18/11/2020";"13:18:00";"150";"ac03 - Aci";"144,8";"BR-050/MG";"Sul";"Choque - Elemento de Drenagem";1;0;0;0;0;0;0;0;0;0;1;0;0;0;0
"18/11/2020";"15:09:00";"176";"ac03 - Aci";"135,04";"BR-050/MG";"Sul";"Tombamento";1;0;0;0;0;0;0;0;0;0;3;0;0;0;0
"20/11/2020";"02:04:00";"15";"ac03 - Aci";"286,6";"BR-050/GO";"Norte";"Saida de Pista";1;0;0;0;0;0;0;0;0;0;1;0;0;0;0
"20/11/2020";"04:24:00";"29";"ac03 - Aci";"268";"BR-050/GO";"Norte";"Saida de Pista";1;0;0;0;0;0;0;0;0;0;1;0;0;0;0
"20/11/2020";"06:23:00";"42";"ac03 - Aci";"178,25";"BR-050/MG";"Sul";"Saida de Pista";0;0;1;0;0;0;0;0;0;0;1;0;0;0;0
"20/11/2020";"11:27:00";"147";"ac03 - Aci";"174";"BR-050/MG";"Norte";"Colisão Traseira";2;0;0;0;0;1;0;0;0;0;2;0;0;0;0
"20/11/2020";"22:59:00";"331";"ac03 - Aci";"14,4";"BR-050/MG";"Norte";"Choque - Sinalização";0;0;0;0;0;1;0;0;0;1;3;0;0;0;0
"21/11/2020";"02:14:00";"12";"ac03 - Aci";"151";"BR-050/MG";"Norte";"Tombamento";1;0;0;0;0;0;0;0;0;0;1;0;0;0;0
"21/11/2020";"20:58:00";"250";"ac03 - Aci";"140,3";"BR-050/MG";"Norte";"Choque - Sinalização";0;0;1;0;0;0;0;0;0;0;1;0;0;0;0
"22/11/2020";"00:52:00";"2";"ac02 - Aci";"20,8";"CT-UDI-MG";"Sul";"Colisão Traseira";0;1;0;0;0;1;0;0;0;0;0;1;0;0;0
"22/11/2020";"04:14:00";"18";"ac03 - Aci";"81";"BR-050/MG";"Norte";"Capotamento";1;0;0;0;0;0;0;0;0;0;0;0;0;0;0
"22/11/2020";"04:43:00";"20";"ac02 - Aci";"233,6";"BR-050/GO";"Norte";"Colisão Traseira";0;0;1;0;0;0;0;0;0;1;1;0;2;0;0
"22/11/2020";"15:34:00";"151";"ac01 - Aci";"261,1";"BR-050/GO";"Sul";"Choque - Talude";1;0;0;0;0;0;0;0;0;0;1;0;0;0;1
"22/11/2020";"15:57:00";"155";"ac03 - Aci";"121,5";"BR-050/MG";"Sul";"Colisão lateral no mesmo sentido";1;0;1;0;0;0;0;0;0;0;3;0;0;0;0
"23/11/2020";"13:26:00";"135";"ac03 - Aci";"5,8";"CT-UDI-MG";"Norte";"Colisão lateral no mesmo sentido";1;0;1;0;0;1;0;0;0;0;2;0;0;0;0
"23/11/2020";"14:22:00";"148";"ac03 - Aci";"266,2";"BR-050/GO";"Sul";"Saida de Pista";1;0;0;0;0;0;0;0;0;0;3;0;0;0;0
"23/11/2020";"17:11:00";"181";"ac02 - Aci";"21,5";"CT-UDI-MG";"Sul";"Colisão lateral no mesmo sentido";0;1;0;0;0;1;0;0;0;0;0;0;1;0;0
"23/11/2020";"21:29:00";"251";"ac02 - Aci";"81";"BR-050/MG";"Norte";"Choque - Defensa metálica";0;0;0;1;0;0;0;0;0;0;0;1;0;0;0
"23/11/2020";"22:26:00";"261";"ac02 - Aci";"173,5";"BR-050/GO";"Norte";"Capotamento";1;0;0;0;0;0;0;0;0;0;5;2;0;0;0
"24/11/2020";"01:37:00";"12";"ac03 - Aci";"166,1";"BR-050/GO";"Sul";"Capotamento";0;0;0;0;0;0;0;0;0;1;1;0;0;0;0
"24/11/2020";"07:53:00";"57";"ac03 - Aci";"206,5";"BR-050/MG";"Norte";"Colisão Traseira";0;0;2;0;0;0;0;0;0;0;3;0;0;0;0
"24/11/2020";"08:14:00";"66";"ac03 - Aci";"180,3";"BR-050/MG";"Sul";"Saida de Pista";1;0;0;0;0;1;0;0;0;0;1;0;0;0;0
"24/11/2020";"12:51:00";"153";"ac03 - Aci";"104,9";"BR-050/MG";"Norte";"Colisão Traseira";0;0;1;0;0;0;0;0;0;1;2;0;0;0;0
"24/11/2020";"15:28:00";"187";"ac02 - Aci";"57";"BR-050/MG";"Norte";"Capotamento";1;0;0;0;0;0;0;0;0;0;0;2;0;0;0
"25/11/2020";"04:30:00";"26";"ac02 - Aci";"133,8";"BR-050/MG";"Norte";"Choque - New jersey";0;0;1;0;0;0;0;0;0;0;0;1;0;0;0
"25/11/2020";"15:19:00";"184";"ac03 - Aci";"204,05";"BR-050/MG";"Sul";"Saida de Pista";1;0;0;0;0;0;0;0;0;0;3;0;0;0;0
"25/11/2020";"18:26:00";"242";"ac03 - Aci";"10";"CT-UDI-MG";"Sul";"Choque - Elemento de Drenagem";1;0;0;0;0;0;0;0;0;0;2;0;0;0;0
"26/11/2020";"07:00:00";"44";"ac02 - Aci";"283";"BR-050/GO";"Sul";"Colisão Transversal";1;0;0;1;0;0;0;0;0;0;2;2;0;0;0
"26/11/2020";"07:11:00";"46";"ac02 - Aci";"271,344";"BR-050/GO";"Sul";"Colisão lateral no mesmo sentido";1;0;0;1;0;0;0;0;0;0;4;0;0;1;0
"26/11/2020";"11:10:00";"123";"ac02 - Aci";"141,8";"BR-050/MG";"Norte";"Tombamento";0;0;2;0;0;0;0;0;0;0;0;2;0;0;0
"26/11/2020";"14:04:00";"158";"ac03 - Aci";"260,054";"BR-050/GO";"Sul";"Choque - Defensa metálica";0;0;0;0;0;0;0;0;0;1;2;0;0;0;0
"26/11/2020";"15:46:00";"194";"ac03 - Aci";"82,4";"BR-050/MG";"Norte";"Colisão lateral no mesmo sentido";0;0;2;0;0;0;0;0;0;0;4;0;0;0;0
"27/11/2020";"15:38:00";"177";"ac03 - Aci";"194,15";"BR-050/GO";"Norte";"Saida de Pista";1;0;0;0;0;0;0;0;0;0;3;0;0;0;0
"27/11/2020";"16:44:00";"194";"ac02 - Aci";"177,2";"BR-050/MG";"Sul";"Colisão Traseira";0;0;0;1;0;0;0;0;0;1;1;1;0;0;0
"27/11/2020";"22:08:00";"281";"ac02 - Aci";"276,46";"BR-050/GO";"Norte";"Choque - New jersey";1;0;0;0;0;0;0;0;0;0;0;2;0;0;0
"27/11/2020";"23:03:00";"292";"ac02 - Aci";"207";"BR-050/MG";"Norte";"Choque - New jersey";1;0;0;0;0;0;0;0;0;0;2;1;0;0;0
"27/11/2020";"23:41:00";"302";"ac03 - Aci";"145,75";"BR-050/MG";"Sul";"Saida de Pista";0;0;1;0;0;0;0;0;0;0;1;0;0;0;0
"29/11/2020";"02:47:00";"14";"ac02 - Aci";"140,9";"BR-050/GO";"Sul";"Choque - Elemento de Drenagem";1;0;0;0;0;0;0;0;0;0;0;1;0;0;0
"29/11/2020";"10:21:00";"80";"ac02 - Aci";"140,7";"BR-050/GO";"Sul";"Capotamento";1;0;0;0;0;0;0;0;0;0;2;1;2;1;0
"29/11/2020";"11:09:00";"90";"ac02 - Aci";"251,25";"BR-050/GO";"Norte";"Queda de Moto";0;0;0;1;0;0;0;0;0;0;1;0;0;1;0
"29/11/2020";"11:18:00";"92";"ac03 - Aci";"251,2";"BR-050/GO";"Norte";"Colisão lateral no mesmo sentido";1;0;1;0;0;0;0;0;0;0;0;0;0;0;0
"30/11/2020";"00:13:00";"2";"ac03 - Aci";"64,1";"BR-050/MG";"Norte";"Choque - Elemento de Drenagem";1;0;0;0;0;0;0;0;0;0;5;0;0;0;0
"30/11/2020";"00:26:00";"3";"ac03 - Aci";"52,9";"BR-050/MG";"Norte";"Choque - Elemento de Drenagem";1;0;0;0;0;0;0;0;0;0;1;0;0;0;0
"30/11/2020";"00:45:00";"8";"ac03 - Aci";"107,1";"BR-050/GO";"Norte";"Atropelamento de Animal";1;0;0;0;0;0;0;0;0;0;3;0;0;0;0
"30/11/2020";"04:57:00";"35";"ac03 - Aci";"198";"BR-050/MG";"Norte";"Colisão Traseira";1;0;0;0;1;0;0;0;0;0;16;0;0;0;0
"30/11/2020";"05:54:00";"43";"ac02 - Aci";"141,68";"BR-050/MG";"Norte";"Capotamento";1;0;0;0;0;0;0;0;0;0;0;1;0;0;0
"30/11/2020";"13:09:00";"159";"ac03 - Aci";"27,98";"BR-050/MG";"Sul";"Choque - Defensa metálica";0;0;1;0;0;0;0;0;0;0;1;0;0;0;0
"30/11/2020";"19:50:00";"278";"ac02 - Aci";"273";"BR-050/GO";"Norte";"Choque - Veiculo parado na pista";0;0;1;1;0;0;0;0;0;0;0;0;0;1;0
"01/12/2020";"21:35:00";"300";"ac03 - Aci";"138,5";"BR-050/MG";"Norte";"Colisão Traseira";0;0;2;0;0;0;0;0;0;0;2;0;0;0;0
"01/12/2020";"23:21:00";"311";"ac02 - Aci";"162";"BR-050/MG";"Norte";"Tombamento";0;0;1;0;0;0;0;0;0;0;0;1;0;0;0