data;horario;n_da_ocorrencia;tipo_de_ocorrencia;km;trecho;sentido;tipo_de_acidente;automovel;bicicleta;caminhao;moto;onibus;outros;tracao_animal;transporte_de_cargas_especiais;trator_maquinas;utilitarios;ilesos;levemente_feridos;moderadamente_feridos;gravemente_feridos;mortos
"03/01/2021";"07:39:00";"25";"ac03 - Aci";"178,9";"BR-050/MG";"Norte";"Choque - Outros";1;0;0;0;0;0;0;0;0;0;1;0;0;0;0
"03/01/2021";"15:33:00";"124";"ac02 - Aci";"271,4";"BR-050/GO";"Norte";"Choque - Meio fio";1;0;0;0;0;0;0;0;0;0;3;1;0;0;0
"03/01/2021";"17:32:00";"163";"ac03 - Aci";"280,6";"BR-050/GO";"Sul";"Colisão Transversal";1;0;0;0;0;0;0;0;0;1;6;0;0;0;0
"03/01/2021";"17:56:00";"170";"ac02 - Aci";"53,6";"BR-050/MG";"Sul";"Choque - Defensa metálica";0;0;0;0;0;0;0;0;0;1;0;1;0;0;0
"03/01/2021";"18:01:00";"172";"ac03 - Aci";"39,77";"BR-050/MG";"Sul";"Choque - New jersey";1;0;0;0;0;0;0;0;0;0;3;0;0;0;0
"03/01/2021";"18:04:00";"175";"ac02 - Aci";"106";"BR-050/GO";"Norte";"Choque - Elemento de Drenagem";1;0;0;0;0;0;0;0;0;0;0;0;6;0;0
"03/01/2021";"20:00:00";"202";"ac02 - Aci";"309,4";"BR-050/GO";"Sul";"Queda de Moto";0;0;0;1;0;0;0;0;0;0;0;0;1;0;0
"04/01/2021";"05:10:00";"22";"ac03 - Aci";"257,8";"BR-050/GO";"Norte";"Choque - Elemento de Drenagem";0;0;0;0;0;0;0;0;0;1;5;0;0;0;0
"04/01/2021";"06:25:00";"28";"ac03 - Aci";"136,62";"BR-050/MG";"Sul";"Choque - Outros";0;0;0;0;0;0;0;0;0;1;2;0;0;0;0
"04/01/2021";"06:50:00";"34";"ac03 - Aci";"5,8";"BR-050/MG";"Sul";"Choque - Sinalização";1;0;0;0;0;0;0;0;0;0;4;0;0;0;0
"04/01/2021";"07:11:00";"39";"ac03 - Aci";"259";"BR-050/GO";"Sul";"Choque - Sinalização";1;0;0;0;0;0;0;0;0;0;1;0;0;0;0
"04/01/2021";"15:13:00";"167";"ac02 - Aci";"177,3";"BR-050/MG";"Sul";"Tombamento";0;0;1;0;0;0;0;0;0;0;0;0;1;0;0
"04/01/2021";"18:40:00";"216";"ac03 - Aci";"12";"CT-UDI-MG";"Norte";"Choque - Meio fio";1;0;0;0;0;0;0;0;0;0;1;0;0;0;0
"06/01/2021";"00:16:00";"4";"ac03 - Aci";"305";"BR-050/GO";"Norte";"Colisão Traseira";0;0;1;0;1;0;0;0;0;0;34;0;0;0;0
"06/01/2021";"04:25:00";"20";"ac02 - Aci";"147,3";"BR-050/MG";"Norte";"Colisão Traseira";0;0;2;0;0;0;0;0;0;0;1;1;0;0;0
"06/01/2021";"07:49:00";"49";"ac03 - Aci";"142";"BR-050/MG";"Sul";"Choque - Defensa metálica";1;0;0;0;0;0;0;0;0;0;2;0;0;0;0
"06/01/2021";"13:14:00";"168";"ac02 - Aci";"6,03";"BR-050/MG";"Norte";"Choque - Meio fio";1;0;0;0;0;0;0;0;0;0;0;1;0;0;0
"06/01/2021";"17:08:00";"225";"ac03 - Aci";"102,15";"BR-050/GO";"Norte";"Choque - Arvore";1;0;0;0;0;0;0;0;0;0;1;0;0;0;0
"07/01/2021";"07:15:00";"53";"ac03 - Aci";"167";"BR-050/MG";"Norte";"Colisão lateral no mesmo sentido";0;0;1;0;0;0;0;0;0;1;2;0;0;0;0
"07/01/2021";"18:16:00";"250";"ac03 - Aci";"188";"BR-050/MG";"Sul";"Choque - Sinalização";1;0;0;0;0;0;0;0;0;0;2;0;0;0;0
"07/01/2021";"22:38:00";"294";"ac03 - Aci";"204";"BR-050/MG";"Norte";"Choque - New jersey";0;0;0;0;0;0;0;0;0;1;1;0;0;0;0
"07/01/2021";"23:13:00";"298";"ac02 - Aci";"113,9";"BR-050/MG";"Norte";"Capotamento";1;0;0;0;0;0;0;0;0;0;0;1;0;0;0
"08/01/2021";"06:31:00";"33";"ac03 - Aci";"1,41";"BR-050/MG";"Norte";"Choque - Meio fio";1;0;0;0;0;0;0;0;0;0;2;0;0;0;0
"08/01/2021";"07:31:00";"42";"ac03 - Aci";"180,35";"BR-050/MG";"Norte";"Colisão lateral no mesmo sentido";0;0;1;0;0;0;0;0;0;1;2;0;0;0;0
"08/01/2021";"12:16:00";"141";"ac02 - Aci";"200,8";"BR-050/GO";"Sul";"Capotamento";1;0;0;0;0;0;0;0;0;0;0;1;0;0;0
"08/01/2021";"13:36:00";"153";"ac03 - Aci";"48,8";"BR-050/MG";"Norte";"Choque - Meio fio";0;0;0;0;0;0;0;0;0;1;2;0;0;0;0
"08/01/2021";"19:47:00";"248";"ac03 - Aci";"37";"BR-050/MG";"Sul";"Colisão Traseira";2;0;0;0;0;0;0;0;0;0;5;0;0;0;0
"08/01/2021";"20:46:00";"263";"ac02 - Aci";"186,2";"BR-050/MG";"Sul";"Choque - Outros";1;0;0;0;0;0;0;0;0;0;0;1;0;0;0
"09/01/2021";"07:08:00";"52";"ac03 - Aci";"99,075";"BR-050/GO";"Norte";"Tombamento";1;0;0;0;0;0;0;0;0;0;1;0;0;0;0
"09/01/2021";"08:39:00";"70";"ac02 - Aci";"119,45";"BR-050/MG";"Norte";"Queda de Moto";0;0;0;1;0;0;0;0;0;0;0;1;0;0;0
"09/01/2021";"10:00:00";"97";"ac03 - Aci";"45,5";"BR-050/MG";"Norte";"Queda de Moto";0;0;0;1;0;0;0;0;0;0;1;0;0;0;0
"09/01/2021";"16:32:00";"220";"ac03 - Aci";"130,9";"BR-050/GO";"Norte";"Choque - Elemento de Drenagem";1;0;0;0;0;0;0;0;0;0;4;0;0;0;0
"09/01/2021";"21:04:00";"274";"ac02 - Aci";"180";"BR-050/MG";"Norte";"Colisão Traseira";1;0;0;1;0;0;0;0;0;0;2;1;0;0;0
"10/01/2021";"05:39:00";"23";"ac02 - Aci";"54,14";"BR-050/MG";"Sul";"Tombamento";0;0;1;0;0;0;0;0;0;0;0;3;0;0;0
"10/01/2021";"09:02:00";"61";"ac02 - Aci";"2";"BR-050/MG";"Norte";"Choque - Elemento de Drenagem";0;0;1;0;0;0;0;0;0;0;0;1;0;0;0
"10/01/2021";"18:14:00";"209";"ac03 - Aci";"54";"BR-050/MG";"Norte";"Choque - Elemento de Drenagem";1;0;0;0;0;0;0;0;0;0;5;0;0;0;0
"10/01/2021";"21:26:00";"254";"ac02 - Aci";"114,95";"BR-050/GO";"Sul";"Capotamento";1;0;0;0;0;0;0;0;0;0;0;0;0;2;0
"11/01/2021";"04:25:00";"19";"ac03 - Aci";"225,9";"BR-050/GO";"Norte";"Choque - Elemento de Drenagem";1;0;0;0;0;0;0;0;0;0;3;0;0;0;0
"11/01/2021";"11:04:00";"113";"ac03 - Aci";"302,6";"BR-050/GO";"Sul";"Choque - Sinalização";0;0;0;0;0;0;0;0;0;1;4;0;0;0;0
"12/01/2021";"00:04:00";"2";"ac02 - Aci";"123,5";"BR-050/MG";"Norte";"Colisão Traseira";0;0;0;0;0;0;0;0;0;1;0;1;0;0;0
"12/01/2021";"03:37:00";"26";"ac02 - Aci";"127,7";"BR-050/MG";"Norte";"Colisão Traseira";0;0;2;0;0;0;0;0;0;0;0;2;0;0;0
"12/01/2021";"04:31:00";"33";"ac03 - Aci";"280,5";"BR-050/GO";"Norte";"Choque - Elemento de Drenagem";0;0;1;0;0;0;0;0;0;0;1;0;0;0;0
"12/01/2021";"12:44:00";"149";"ac02 - Aci";"148,05";"BR-050/MG";"Sul";"Choque - Arvore";0;0;1;0;0;0;0;0;0;0;0;0;1;0;0
"12/01/2021";"14:35:00";"173";"ac01 - Aci";"172,4";"BR-050/MG";"Norte";"Atropelamento - Pedestre";0;0;1;0;0;0;0;0;0;0;0;1;0;0;1
"12/01/2021";"17:40:00";"218";"ac03 - Aci";"21,6";"BR-050/MG";"Norte";"Choque - Veiculo parado no acostamento";0;0;1;0;0;0;0;0;0;1;0;0;0;0;0
"13/01/2021";"01:33:00";"11";"ac03 - Aci";"218,199";"BR-050/GO";"Sul";"Tombamento";0;0;1;0;0;0;0;0;0;0;1;0;0;0;0
"13/01/2021";"12:22:00";"124";"ac01 - Aci";"99,3";"BR-050/MG";"Norte";"Colisão Frontal";1;0;1;0;0;0;0;0;0;0;1;0;2;0;1
"13/01/2021";"12:32:00";"126";"ac03 - Aci";"169,8";"BR-050/MG";"Sul";"Colisão Traseira";0;0;2;0;0;0;0;0;0;0;2;0;0;0;0
"13/01/2021";"15:59:00";"175";"ac03 - Aci";"176";"BR-050/MG";"Sul";"Choque - Elemento de Drenagem";1;0;0;0;0;0;0;0;0;0;1;0;0;0;0
"13/01/2021";"17:27:00";"200";"ac03 - Aci";"198,17";"BR-050/MG";"Norte";"Colisão Traseira";1;0;1;0;0;0;0;0;0;0;2;0;0;0;0
"14/01/2021";"07:58:00";"60";"ac03 - Aci";"6,48";"CT-UDI-MG";"Norte";"Choque - Elemento de Drenagem";1;0;0;0;0;0;0;0;0;0;1;0;0;0;0
"14/01/2021";"07:59:00";"61";"ac03 - Aci";"29,7";"BR-050/MG";"Norte";"Choque - Meio fio";1;0;0;0;0;0;0;0;0;0;1;0;0;0;0
"14/01/2021";"10:04:00";"91";"ac03 - Aci";"102,2";"BR-050/GO";"Sul";"Choque - Elemento de Drenagem";1;0;0;0;0;0;0;0;0;0;1;0;0;0;0
"14/01/2021";"10:14:00";"97";"ac02 - Aci";"20";"BR-050/MG";"Sul";"Colisão lateral no sentido contrário";0;0;1;0;0;0;0;0;0;1;1;3;0;0;0
"14/01/2021";"10:19:00";"99";"ac03 - Aci";"18,9";"BR-050/MG";"Sul";"Choque - Elemento de Drenagem";1;0;0;0;0;0;0;0;0;0;2;0;0;0;0
"14/01/2021";"10:23:00";"102";"ac03 - Aci";"35";"BR-050/MG";"Sul";"Choque - Elemento de Drenagem";1;0;0;0;0;0;0;0;0;0;1;0;0;0;0
"14/01/2021";"14:48:00";"171";"ac02 - Aci";"251,25";"BR-050/GO";"Sul";"Choque - Talude ou Barranco";1;0;0;0;0;0;0;0;0;0;0;0;0;1;0
"14/01/2021";"17:44:00";"215";"ac02 - Aci";"230,64";"BR-050/GO";"Norte";"Choque - Defensa metálica";0;0;0;0;0;0;0;0;0;1;0;0;1;0;0
"15/01/2021";"11:15:00";"116";"ac03 - Aci";"178,69";"BR-050/MG";"Norte";"Tombamento";0;0;1;0;0;0;0;0;0;0;1;0;0;0;0
"15/01/2021";"14:42:00";"169";"ac03 - Aci";"177,8";"BR-050/MG";"Sul";"Colisão Traseira";0;0;1;0;0;0;0;0;0;1;2;0;0;0;0
"16/01/2021";"00:39:00";"8";"ac03 - Aci";"214,7";"BR-050/GO";"Sul";"Colisão Traseira";1;0;1;0;0;0;0;0;0;0;6;0;0;0;0
"16/01/2021";"03:42:00";"32";"ac03 - Aci";"268,5";"BR-050/GO";"Sul";"Choque - Elemento de Drenagem";1;0;0;0;0;0;0;0;0;0;3;0;0;0;0
"16/01/2021";"10:32:00";"116";"ac03 - Aci";"98,6";"BR-050/GO";"Norte";"Capotamento";0;0;0;0;0;0;0;0;0;1;1;0;0;0;0
"16/01/2021";"10:37:00";"119";"ac02 - Aci";"204,2";"BR-050/MG";"Norte";"Colisão Traseira";2;0;0;0;0;0;0;0;0;0;0;8;0;0;0
"16/01/2021";"12:34:00";"151";"ac02 - Aci";"206,55";"BR-050/MG";"Sul";"Colisão Traseira";1;0;0;0;0;0;0;0;0;1;4;1;0;0;0
"16/01/2021";"14:50:00";"181";"ac03 - Aci";"6,8";"CT-UDI-MG";"Sul";"Capotamento";1;0;0;0;0;0;0;0;0;0;4;0;0;0;0
"16/01/2021";"14:56:00";"184";"ac03 - Aci";"28,25";"BR-050/MG";"Norte";"Choque - Elemento de Drenagem";0;0;0;0;0;0;0;0;0;1;3;0;0;0;0
"16/01/2021";"15:08:00";"185";"ac03 - Aci";"9,6";"BR-050/MG";"Sul";"Choque - Elemento de Drenagem";0;0;0;0;0;1;0;0;0;1;2;0;0;0;0
"16/01/2021";"15:17:00";"186";"ac02 - Aci";"182";"BR-050/MG";"Norte";"Queda de Moto";0;0;0;1;0;0;0;0;0;0;0;1;0;0;0
"16/01/2021";"21:56:00";"274";"ac03 - Aci";"86,9";"BR-050/MG";"Norte";"Choque - Arvore";1;0;0;0;0;0;0;0;0;0;1;0;0;0;0
"17/01/2021";"08:06:00";"38";"ac03 - Aci";"31,1";"BR-050/MG";"Norte";"Colisão lateral no sentido contrário";0;0;2;0;0;0;0;0;0;0;2;0;0;0;0
"17/01/2021";"09:53:00";"65";"ac02 - Aci";"49,21";"BR-050/MG";"Sul";"Queda de Ciclista";0;1;0;0;0;0;0;0;0;0;0;0;0;1;0
"18/01/2021";"06:39:00";"32";"ac02 - Aci";"55,68";"BR-050/MG";"Sul";"Choque - Elemento de Drenagem";1;0;0;0;0;0;0;0;0;0;0;0;1;0;0
"18/01/2021";"07:37:00";"48";"ac03 - Aci";"270,6";"BR-050/GO";"Sul";"Choque - Elemento de Drenagem";1;0;0;0;0;0;0;0;0;0;1;0;0;0;0
"18/01/2021";"09:45:00";"94";"ac03 - Aci";"54,5";"BR-050/MG";"Norte";"Choque - Talude ou Barranco";1;0;0;0;0;0;0;0;0;0;1;0;0;0;0
"18/01/2021";"11:11:00";"118";"ac03 - Aci";"18";"CT-UDI-MG";"Sul";"Choque - New jersey";1;0;0;0;0;0;0;0;0;0;1;0;0;0;0
"18/01/2021";"23:54:00";"299";"ac02 - Aci";"28,7";"BR-050/MG";"Norte";"Tombamento";0;0;1;0;0;0;0;0;0;0;2;1;0;0;0
"19/01/2021";"00:07:00";"4";"ac03 - Aci";"1,3";"CT-UDI-MG";"Norte";"Choque - Defensa metálica";0;0;1;0;0;0;0;0;0;0;1;0;0;0;0
"19/01/2021";"13:04:00";"154";"ac02 - Aci";"306,4";"BR-050/GO";"Sul";"Tombamento";0;0;1;0;0;0;0;0;0;0;0;0;1;0;0
"19/01/2021";"16:21:00";"210";"ac02 - Aci";"150,58";"BR-050/MG";"Sul";"Choque - Elemento de Drenagem";1;0;0;0;0;0;0;0;0;0;0;1;0;0;0
"19/01/2021";"21:09:00";"268";"ac03 - Aci";"97";"BR-050/GO";"Norte";"Choque - Meio fio";1;0;0;0;0;0;0;0;0;0;4;0;0;0;0
"20/01/2021";"00:14:00";"2";"ac03 - Aci";"57";"BR-050/MG";"Norte";"Choque - Elemento de Drenagem";1;0;0;0;0;0;0;0;0;0;1;0;0;0;0
"20/01/2021";"11:26:00";"140";"ac02 - Aci";"286,3";"BR-050/GO";"Norte";"Queda de Moto";0;0;0;1;0;0;0;0;0;0;0;1;0;0;0
"20/01/2021";"22:03:00";"294";"ac03 - Aci";"101,1";"BR-050/MG";"Norte";"Colisão Traseira";0;0;1;0;0;1;0;0;0;1;3;0;0;0;0
"21/01/2021";"20:23:00";"229";"ac03 - Aci";"118";"BR-050/MG";"Norte";"Choque - Elemento de Drenagem";0;0;0;0;0;0;0;0;0;1;1;0;0;0;0
"22/01/2021";"09:13:00";"82";"ac02 - Aci";"279,1";"BR-050/GO";"Sul";"Queda de Ciclista";0;1;0;0;0;0;0;0;0;0;0;0;1;0;0
"22/01/2021";"17:18:00";"232";"ac03 - Aci";"151,54";"BR-050/MG";"Sul";"Choque - Talude ou Barranco";0;0;1;0;0;0;0;0;0;0;1;0;0;0;0
"22/01/2021";"18:15:00";"248";"ac03 - Aci";"180";"BR-050/MG";"Sul";"Colisão lateral no mesmo sentido";1;0;1;0;0;0;0;0;0;0;4;0;0;0;0
"22/01/2021";"20:55:00";"285";"ac03 - Aci";"152,3";"BR-050/MG";"Norte";"Colisão lateral no mesmo sentido";1;0;1;0;0;0;0;0;0;0;1;0;0;0;0
"22/01/2021";"22:10:00";"299";"ac03 - Aci";"271,6";"BR-050/GO";"Norte";"Colisão Traseira";0;0;2;0;0;0;0;0;0;0;2;0;0;0;0
"23/01/2021";"12:27:00";"128";"ac03 - Aci";"171,15";"BR-050/MG";"Norte";"Colisão Traseira";1;0;1;0;0;0;0;0;0;0;3;0;0;0;0
"23/01/2021";"14:44:00";"165";"ac02 - Aci";"289,6";"BR-050/GO";"Sul";"Capotamento";1;0;0;0;0;0;0;0;0;0;0;0;4;0;0
"23/01/2021";"18:56:00";"231";"ac02 - Aci";"101";"BR-050/MG";"Sul";"Atropelamento de Animal";1;0;0;0;0;0;0;0;0;0;0;1;0;0;0
"23/01/2021";"20:44:00";"254";"ac01 - Aci";"187,15";"BR-050/GO";"Norte";"Colisão Traseira";0;0;1;1;0;0;0;0;0;0;3;0;0;0;1
"24/01/2021";"04:03:00";"21";"ac02 - Aci";"23,39";"BR-050/MG";"Sul";"Choque - Elemento de Drenagem";0;0;0;0;1;0;0;0;0;0;23;1;0;0;0
"24/01/2021";"05:04:00";"27";"ac03 - Aci";"201";"BR-050/MG";"Sul";"Choque - Meio fio";1;0;0;0;0;0;0;0;0;0;1;0;0;0;0
"24/01/2021";"05:19:00";"30";"ac03 - Aci";"119";"BR-050/GO";"Sul";"Colisão Traseira";1;0;0;0;0;0;0;0;0;1;2;0;0;0;0
"24/01/2021";"18:52:00";"201";"ac03 - Aci";"168,2";"BR-050/MG";"Sul";"Choque - New jersey";1;0;0;0;0;0;0;0;0;0;1;0;0;0;0
"24/01/2021";"19:16:00";"209";"ac03 - Aci";"2";"CT-UDI-MG";"Norte";"Choque - Sinalização";1;0;0;0;0;0;0;0;0;0;4;0;0;0;0
"24/01/2021";"19:33:00";"215";"ac03 - Aci";"126,6";"BR-050/MG";"Norte";"Capotamento";1;0;0;0;0;0;0;0;0;0;1;0;0;0;0
"25/01/2021";"06:48:00";"35";"ac02 - Aci";"313,2";"BR-050/GO";"Sul";"Choque - Veiculo parado na pista";0;1;0;0;1;0;0;0;0;0;1;1;0;0;0
"25/01/2021";"14:43:00";"173";"ac02 - Aci";"172,35";"BR-050/MG";"Norte";"Capotamento";0;0;0;0;0;0;0;0;0;1;0;1;0;0;0
"25/01/2021";"15:45:00";"183";"ac02 - Aci";"139,6";"BR-050/MG";"Sul";"Capotamento";0;0;0;0;0;0;0;0;0;1;0;2;0;0;0
"26/01/2021";"17:41:00";"239";"ac02 - Aci";"147,4";"BR-050/MG";"Sul";"Choque - Defensa metálica";0;0;1;0;0;0;0;0;0;0;0;0;0;1;0
"27/01/2021";"06:58:00";"25";"ac02 - Aci";"46,4";"BR-050/MG";"Sul";"Queda de Ciclista";0;1;0;0;0;0;0;0;0;0;0;1;0;0;0
"27/01/2021";"08:06:00";"42";"ac03 - Aci";"181,5";"BR-050/GO";"Norte";"Choque - Meio fio";0;0;1;0;0;0;0;0;0;0;1;0;0;0;0
"27/01/2021";"09:19:00";"60";"ac03 - Aci";"205,9";"BR-050/GO";"Norte";"Colisão lateral no sentido contrário";2;0;0;0;0;0;0;0;0;0;4;0;0;0;0
"27/01/2021";"12:17:00";"136";"ac03 - Aci";"231,03";"BR-050/GO";"Norte";"Choque - Elemento de Drenagem";0;0;0;0;0;0;0;0;0;1;1;0;0;0;0
"27/01/2021";"13:15:00";"150";"ac02 - Aci";"59,8";"BR-050/MG";"Sul";"Colisão Traseira";1;0;1;0;0;0;0;0;0;0;1;0;2;0;0
"29/01/2021";"13:02:00";"151";"ac02 - Aci";"178,25";"BR-050/MG";"Norte";"Colisão Traseira";0;0;1;1;0;0;0;0;0;0;1;1;0;0;0
"30/01/2021";"00:16:00";"1";"ac02 - Aci";"170,5";"BR-050/MG";"Sul";"Colisão Traseira";0;0;2;0;0;0;0;0;0;0;1;0;0;1;0
"30/01/2021";"04:03:00";"11";"ac03 - Aci";"62,3";"BR-050/MG";"Sul";"Choque - Meio fio";1;0;0;0;0;0;0;0;0;0;2;0;0;0;0
"30/01/2021";"09:29:00";"66";"ac03 - Aci";"279";"BR-050/GO";"Sul";"Colisão lateral no mesmo sentido";2;0;0;0;0;0;0;0;0;0;2;0;0;0;0
"30/01/2021";"09:52:00";"77";"ac03 - Aci";"59,35";"BR-050/MG";"Sul";"Choque - Elemento de Drenagem";1;0;1;0;0;0;0;0;0;0;6;0;0;0;0
"30/01/2021";"14:03:00";"119";"ac02 - Aci";"165";"BR-050/MG";"Norte";"Choque - New jersey";0;0;0;0;0;1;0;0;0;1;0;4;0;0;0
"30/01/2021";"23:54:00";"255";"ac03 - Aci";"224,5";"BR-050/GO";"Sul";"Choque - Outros";0;0;1;0;0;0;0;0;0;0;1;0;0;0;0
"31/01/2021";"18:35:00";"194";"ac03 - Aci";"36";"BR-050/MG";"Norte";"Queda de Moto";0;0;0;1;0;0;0;0;0;0;2;0;0;0;0
"31/01/2021";"18:57:00";"200";"ac02 - Aci";"36";"BR-050/MG";"Norte";"Queda de Moto";0;0;0;1;0;0;0;0;0;0;0;0;2;0;0
"31/01/2021";"22:54:00";"246";"ac02 - Aci";"174,6";"BR-050/MG";"Sul";"Colisão Traseira";1;0;0;1;0;0;0;0;0;0;2;1;0;0;0
"01/02/2021";"00:37:00";"2";"ac03 - Aci";"195,9";"BR-050/MG";"Sul";"Choque - Meio fio";1;0;0;0;0;0;0;0;0;0;1;0;0;0;0
"01/02/2021";"01:14:00";"4";"ac03 - Aci";"158,8";"BR-050/GO";"Norte";"Choque - Sinalização";0;0;1;0;0;0;0;0;0;0;1;0;0;0;0
"01/02/2021";"03:41:00";"16";"ac02 - Aci";"123";"BR-050/MG";"Norte";"Choque - Meio fio";1;0;0;0;0;0;0;0;0;0;0;2;1;0;0
"01/02/2021";"16:39:00";"185";"ac03 - Aci";"177,3";"BR-050/MG";"Sul";"Choque - Meio fio";1;0;0;0;0;0;0;0;0;0;1;0;0;0;0
"01/02/2021";"18:24:00";"211";"ac03 - Aci";"241,7";"BR-050/GO";"Sul";"Choque - Talude ou Barranco";1;0;0;0;0;0;0;0;0;0;1;0;0;0;0
"02/02/2021";"02:10:00";"14";"ac03 - Aci";"102,4";"BR-050/MG";"Sul";"Choque - Elemento de Drenagem";1;0;0;0;0;0;0;0;0;0;4;0;0;0;0
"02/02/2021";"12:00:00";"124";"ac02 - Aci";"279,4";"BR-050/GO";"Norte";"Choque - Veiculo parado no acostamento";0;0;1;1;0;0;0;0;0;0;1;0;1;0;0
"03/02/2021";"01:36:00";"8";"ac03 - Aci";"127,5";"BR-050/MG";"Norte";"Colisão Traseira";0;0;0;0;0;1;0;0;0;1;1;0;0;0;0
"03/02/2021";"08:16:00";"50";"ac03 - Aci";"176,1";"BR-050/MG";"Norte";"Engavetamento";2;0;2;0;0;1;0;0;0;0;5;0;0;0;0
"03/02/2021";"08:50:00";"60";"ac02 - Aci";"177,3";"BR-050/MG";"Norte";"Colisão Traseira";0;0;0;1;0;0;0;0;0;1;1;1;0;0;0
"03/02/2021";"19:01:00";"258";"ac02 - Aci";"19,2";"CT-UDI-MG";"Sul";"Colisão Traseira";1;1;0;0;0;0;0;0;0;0;0;0;0;1;0
"05/02/2021";"00:40:00";"6";"ac02 - Aci";"98,4";"BR-050/MG";"Norte";"Choque - Elemento de Drenagem";1;0;0;0;0;0;0;0;0;0;0;4;0;0;0
"05/02/2021";"03:48:00";"33";"ac02 - Aci";"63,3";"BR-050/MG";"Sul";"Choque - Elemento de Drenagem";0;0;0;0;0;0;0;0;0;1;0;1;0;0;0
"05/02/2021";"07:59:00";"77";"ac02 - Aci";"37,65";"BR-050/MG";"Norte";"Colisão lateral no mesmo sentido";1;0;0;2;0;0;0;0;0;0;2;0;2;0;0
"05/02/2021";"10:43:00";"122";"ac02 - Aci";"96,1";"BR-050/GO";"Norte";"Colisão Transversal";0;0;1;0;0;0;0;0;0;1;1;1;0;0;0
"05/02/2021";"12:22:00";"154";"ac02 - Aci";"45,1";"BR-050/MG";"Sul";"Choque - Defensa metálica";0;0;1;0;0;0;0;0;0;0;0;1;0;0;0
"05/02/2021";"13:49:00";"176";"ac02 - Aci";"39,4";"BR-050/MG";"Norte";"Choque - New jersey";1;0;0;0;0;0;0;0;0;0;1;1;0;0;0
"06/02/2021";"06:56:00";"37";"ac03 - Aci";"260,12";"BR-050/GO";"Norte";"Choque - Defensa metálica";1;0;0;0;0;0;0;0;0;0;1;0;0;0;0
"06/02/2021";"10:33:00";"89";"ac03 - Aci";"52";"BR-050/MG";"Sul";"Choque - Defensa metálica";1;0;0;0;0;0;0;0;0;0;1;0;0;0;0
"06/02/2021";"13:43:00";"140";"ac02 - Aci";"148,4";"BR-050/MG";"Sul";"Capotamento";1;0;1;0;0;0;0;0;0;0;1;1;0;0;0
"06/02/2021";"13:47:00";"143";"ac02 - Aci";"6,6";"CT-UDI-MG";"Norte";"Capotamento";1;0;0;0;0;0;0;0;0;0;0;1;0;0;0
"06/02/2021";"14:55:00";"158";"ac03 - Aci";"49,8";"BR-050/MG";"Sul";"Choque - Meio fio";1;0;0;0;0;0;0;0;0;0;3;0;0;0;0
"06/02/2021";"16:45:00";"192";"ac03 - Aci";"198";"BR-050/MG";"Sul";"Engavetamento";3;0;1;0;0;0;0;0;0;1;8;0;0;0;0
"06/02/2021";"16:51:00";"194";"ac03 - Aci";"37,8";"BR-050/MG";"Sul";"Capotamento";0;0;0;0;0;0;0;0;0;1;1;0;0;0;0
"06/02/2021";"17:45:00";"209";"ac02 - Aci";"17";"BR-050/MG";"Norte";"Choque - Elemento de Drenagem";1;0;0;0;0;0;0;0;0;0;0;1;0;0;0
"06/02/2021";"19:04:00";"231";"ac02 - Aci";"46,97";"BR-050/MG";"Sul";"Capotamento";1;0;0;0;0;0;0;0;0;0;0;0;2;0;0
"07/02/2021";"05:06:00";"20";"ac03 - Aci";"154,5";"BR-050/MG";"Norte";"Choque - Outros";1;0;0;0;0;0;0;0;0;0;1;0;0;0;0
"07/02/2021";"12:21:00";"123";"ac03 - Aci";"93,15";"BR-050/MG";"Sul";"Choque - Sinalização";1;0;0;0;0;0;0;0;0;0;4;0;0;0;0
"07/02/2021";"15:52:00";"172";"ac02 - Aci";"1";"BR-050/MG";"Sul";"Choque - Elemento de Drenagem";1;0;0;0;0;0;0;0;0;0;0;1;0;0;0
"07/02/2021";"16:28:00";"180";"ac03 - Aci";"244";"BR-050/GO";"Norte";"Choque - Meio fio";1;0;0;0;0;0;0;0;0;0;1;0;0;0;0
"07/02/2021";"16:35:00";"182";"ac03 - Aci";"221,025";"BR-050/GO";"Norte";"Choque - Sinalização";0;0;1;0;0;0;0;0;0;0;1;0;0;0;0
"07/02/2021";"16:57:00";"187";"ac03 - Aci";"20";"BR-050/MG";"Norte";"Choque - Meio fio";1;0;0;0;0;0;0;0;0;0;2;0;0;0;0
"07/02/2021";"17:07:00";"191";"ac03 - Aci";"235,34";"BR-050/GO";"Norte";"Choque - Outros";1;0;0;0;0;0;0;0;0;0;5;0;0;0;0
"07/02/2021";"18:39:00";"211";"ac03 - Aci";"98";"BR-050/GO";"Norte";"Choque - Sinalização";0;0;0;0;0;0;0;0;0;1;2;0;0;0;0
"07/02/2021";"19:45:00";"226";"ac03 - Aci";"201,28";"BR-050/GO";"Sul";"Capotamento";1;0;0;0;0;0;0;0;0;0;5;0;0;0;0
"07/02/2021";"20:52:00";"237";"ac01 - Aci";"50,3";"BR-050/MG";"Sul";"Atropelamento - Pedestre";0;0;1;0;0;0;0;0;0;0;0;0;0;0;1
"08/02/2021";"11:46:00";"115";"ac02 - Aci";"192,25";"BR-050/MG";"Sul";"Engavetamento";0;0;1;0;1;0;0;0;1;2;4;0;1;0;0
"08/02/2021";"16:33:00";"164";"ac02 - Aci";"174";"BR-050/MG";"Norte";"Choque - New jersey";0;0;1;0;0;0;0;0;0;0;0;1;1;0;0
"08/02/2021";"17:30:00";"181";"ac03 - Aci";"177";"BR-050/MG";"Sul";"Colisão Traseira";1;0;0;0;0;1;0;0;0;0;2;0;0;0;0
"08/02/2021";"21:35:00";"241";"ac02 - Aci";"21,5";"CT-UDI-MG";"Sul";"Choque - New jersey";1;0;0;0;0;0;0;0;0;0;0;0;1;0;0
"09/02/2021";"12:45:00";"151";"ac02 - Aci";"190,2";"BR-050/MG";"Sul";"Colisão Traseira";2;0;0;0;0;0;0;0;0;0;1;1;0;0;0
"09/02/2021";"13:36:00";"160";"ac02 - Aci";"55,6";"BR-050/MG";"Norte";"Choque - New jersey";0;0;1;0;0;0;0;0;0;0;0;1;0;0;0