data;horario;n_da_ocorrencia;tipo_de_ocorrencia;km;trecho;sentido;tipo_de_acidente;automovel;bicicleta;caminhao;moto;onibus;outros;tracao_animal;transporte_de_cargas_especiais;trator_maquinas;utilitarios;ilesos;levemente_feridos;moderadamente_feridos;gravemente_feridos;mortos
"15/03/2021";"06:25:00";"24";"ac02 - Aci";"151,35";"BR-050/MG";"Sul";"Queda de Moto";0;0;0;1;0;0;0;0;0;0;0;1;0;0;0
"15/03/2021";"08:01:00";"60";"ac02 - Aci";"188,95";"BR-050/GO";"Sul";"Choque - Arvore";1;0;0;0;0;0;0;0;0;0;0;1;0;0;0
"15/03/2021";"12:32:00";"171";"ac02 - Aci";"83,76";"BR-050/MG";"Norte";"Colisão Traseira";0;0;0;0;0;2;0;0;0;1;0;1;0;0;0
"15/03/2021";"13:06:00";"182";"ac02 - Aci";"111";"BR-050/GO";"Sul";"Choque - Meio fio";0;0;1;0;0;0;0;0;0;0;0;1;0;0;0
"15/03/2021";"14:25:00";"209";"ac03 - Aci";"51";"BR-050/MG";"Norte";"Colisão lateral no mesmo sentido";1;0;0;0;0;1;0;0;0;0;2;0;0;0;0
"15/03/2021";"15:47:00";"229";"ac03 - Aci";"164,3";"BR-050/MG";"Sul";"Queda de veículo em ribanceira, ponte ou viaduto";1;0;0;0;0;0;0;0;0;0;2;0;0;0;0
"15/03/2021";"17:26:00";"254";"ac03 - Aci";"7";"CT-UDI-MG";"Sul";"Choque - Elemento de Drenagem";1;0;0;0;0;0;0;0;0;0;1;0;0;0;0
"15/03/2021";"19:00:00";"285";"ac02 - Aci";"179";"BR-050/MG";"Norte";"Queda de Moto";0;0;0;1;0;0;0;0;0;0;0;0;1;0;0
"15/03/2021";"19:39:00";"294";"ac03 - Aci";"48,3";"BR-050/MG";"Sul";"Choque - Elemento de Drenagem";0;0;0;0;0;0;0;0;0;1;1;0;0;0;0
"15/03/2021";"20:41:00";"306";"ac03 - Aci";"179";"BR-050/MG";"Norte";"Choque - Elemento de Drenagem";0;0;1;0;0;0;0;0;0;0;1;0;0;0;0
"16/03/2021";"07:16:00";"58";"ac02 - Aci";"191";"BR-050/MG";"Sul";"Choque - Sinalização";0;0;1;0;0;0;0;0;0;0;0;0;1;0;0
"16/03/2021";"15:12:00";"216";"ac03 - Aci";"27,8";"BR-050/MG";"Sul";"Choque - Defensa metálica";0;0;1;0;0;0;0;0;0;0;1;0;0;0;0
"16/03/2021";"17:49:00";"270";"ac02 - Aci";"37,5";"BR-050/MG";"Norte";"Colisão Frontal";1;1;0;0;0;0;0;0;0;0;1;0;0;1;0
"16/03/2021";"20:33:00";"308";"ac03 - Aci";"157,3";"BR-050/MG";"Sul";"Choque - Elemento de Drenagem";1;0;0;0;0;0;0;0;0;0;2;0;0;0;0
"17/03/2021";"00:02:00";"4";"ac03 - Aci";"157,38";"BR-050/GO";"Norte";"Choque - Elemento de Drenagem";0;0;0;0;0;0;0;0;0;1;1;0;0;0;0
"17/03/2021";"11:40:00";"157";"ac01 - Aci";"54,26";"BR-050/MG";"Sul";"Choque - New jersey";0;0;1;0;0;0;0;0;0;0;0;0;0;0;1
"17/03/2021";"11:41:00";"158";"ac02 - Aci";"41,7";"BR-050/MG";"Sul";"Queda de Moto";0;0;0;1;0;0;0;0;0;0;0;0;1;0;0
"17/03/2021";"13:54:00";"191";"ac03 - Aci";"229,4";"BR-050/GO";"Sul";"Choque - Elemento de Drenagem";1;0;0;0;0;0;0;0;0;0;1;0;0;0;0
"17/03/2021";"17:48:00";"257";"ac03 - Aci";"180";"BR-050/MG";"Sul";"Colisão Traseira";1;0;0;0;0;0;0;0;0;1;3;0;0;0;0
"18/03/2021";"06:43:00";"25";"ac02 - Aci";"108,63";"BR-050/MG";"Norte";"Capotamento";1;0;0;0;0;0;0;0;0;0;0;2;0;0;0
"18/03/2021";"11:31:00";"139";"ac03 - Aci";"151,25";"BR-050/MG";"Sul";"Colisão lateral no mesmo sentido";1;0;1;0;0;0;0;0;0;0;3;0;0;0;0
"18/03/2021";"11:52:00";"145";"ac03 - Aci";"205,15";"BR-050/MG";"Sul";"Choque - Talude ou Barranco";1;0;0;0;0;0;0;0;0;0;4;0;0;0;0
"18/03/2021";"15:18:00";"194";"ac03 - Aci";"198";"BR-050/MG";"Sul";"Choque - Veiculo parado na pista";1;0;1;0;0;0;0;0;0;0;3;0;0;0;0
"18/03/2021";"21:33:00";"295";"ac03 - Aci";"137,9";"BR-050/MG";"Sul";"Colisão Traseira";0;0;2;0;0;0;0;0;0;0;3;0;0;0;0
"19/03/2021";"10:59:00";"157";"ac03 - Aci";"174,2";"BR-050/MG";"Sul";"Tombamento";0;0;1;0;0;0;0;0;0;0;1;0;0;0;0
"19/03/2021";"13:12:00";"208";"ac02 - Aci";"312,3";"BR-050/GO";"Norte";"Choque - Meio fio";0;0;0;1;0;0;0;0;0;0;0;0;1;1;0
"19/03/2021";"13:41:00";"213";"ac02 - Aci";"22,95";"BR-050/MG";"Norte";"Colisão Traseira";0;0;2;0;0;0;0;0;0;0;1;0;0;1;0
"19/03/2021";"14:08:00";"219";"ac02 - Aci";"160,75";"BR-050/MG";"Sul";"Choque - Elemento de Drenagem";0;0;1;0;0;0;0;0;0;0;0;0;1;0;0
"19/03/2021";"15:14:00";"233";"ac03 - Aci";"22,9";"BR-050/MG";"Sul";"Colisão Traseira";0;0;0;0;0;0;0;0;0;2;2;0;0;0;0
"19/03/2021";"17:25:00";"289";"ac02 - Aci";"164";"BR-050/MG";"Sul";"Choque - Defensa metálica";0;0;1;0;0;0;0;0;0;0;0;1;0;0;0
"19/03/2021";"19:02:00";"321";"ac02 - Aci";"51,15";"BR-050/MG";"Norte";"Choque - Meio fio";1;0;0;0;0;1;0;0;0;0;2;1;0;0;0
"19/03/2021";"20:07:00";"335";"ac03 - Aci";"178,8";"BR-050/MG";"Norte";"Colisão lateral no mesmo sentido";1;0;1;0;0;0;0;0;0;0;2;0;0;0;0
"20/03/2021";"00:59:00";"9";"ac02 - Aci";"173,9";"BR-050/MG";"Sul";"Atropelamento - Pedestre";0;0;0;0;0;1;0;0;0;0;0;0;0;1;0
"20/03/2021";"09:49:00";"122";"ac02 - Aci";"39,6";"BR-050/MG";"Norte";"Queda de Moto";0;0;0;1;0;0;0;0;0;0;0;1;0;0;0
"21/03/2021";"03:31:00";"16";"ac02 - Aci";"198";"BR-050/GO";"Norte";"Choque - Elemento de Drenagem";1;0;0;0;0;0;0;0;0;0;0;2;0;0;0
"21/03/2021";"16:43:00";"181";"ac02 - Aci";"52,8";"BR-050/MG";"Norte";"Choque - Elemento de Drenagem";0;0;0;0;0;0;0;0;0;1;0;2;2;0;0
"21/03/2021";"17:51:00";"197";"ac02 - Aci";"17,03";"BR-050/MG";"Sul";"Choque - Defensa metálica";1;0;0;0;0;0;0;0;0;0;0;1;0;0;0
"21/03/2021";"18:22:00";"205";"ac03 - Aci";"50,75";"BR-050/MG";"Sul";"Choque - Sinalização";1;0;0;0;0;0;0;0;0;0;1;0;0;0;0
"22/03/2021";"08:24:00";"62";"ac02 - Aci";"169,7";"BR-050/MG";"Sul";"Choque - Defensa metálica";0;0;1;0;0;0;0;0;0;0;0;1;0;0;0
"22/03/2021";"10:12:00";"100";"ac03 - Aci";"105";"BR-050/MG";"Sul";"Choque - Veiculo parado na pista";1;0;1;0;0;0;0;0;0;0;2;0;0;0;0
"22/03/2021";"11:01:00";"130";"ac02 - Aci";"115,62";"BR-050/GO";"Norte";"Capotamento";1;0;0;0;0;0;0;0;0;0;3;1;0;0;0
"23/03/2021";"07:54:00";"44";"ac03 - Aci";"129,4";"BR-050/MG";"Norte";"Colisão lateral no mesmo sentido";0;0;1;0;0;0;0;0;0;1;2;0;0;0;0
"23/03/2021";"10:11:00";"102";"ac03 - Aci";"152,9";"BR-050/GO";"Norte";"Capotamento";1;0;0;0;0;1;0;0;0;0;2;0;0;0;0
"23/03/2021";"18:28:00";"267";"ac02 - Aci";"77,3";"BR-050/MG";"Sul";"Colisão Frontal";1;0;0;0;0;0;0;0;0;1;4;1;0;0;0
"24/03/2021";"17:40:00";"282";"ac03 - Aci";"206";"BR-050/MG";"Norte";"Colisão Traseira";0;0;1;0;0;0;0;0;0;1;3;0;0;0;0
"25/03/2021";"14:47:00";"216";"ac03 - Aci";"193,95";"BR-050/MG";"Norte";"Colisão Traseira";1;0;1;0;0;0;0;0;0;0;1;0;0;0;0
"25/03/2021";"21:37:00";"336";"ac03 - Aci";"201,1";"BR-050/GO";"Sul";"Choque - Outros";0;0;1;0;0;0;0;0;0;0;1;0;0;0;0
"26/03/2021";"15:35:00";"229";"ac02 - Aci";"280,3";"BR-050/GO";"Sul";"Colisão Transversal";0;0;0;1;0;0;0;0;0;1;1;0;1;0;0
"27/03/2021";"07:34:00";"59";"ac02 - Aci";"236,5";"BR-050/GO";"Norte";"Colisão Traseira";1;0;1;0;0;0;0;0;0;0;3;2;0;0;0
"27/03/2021";"20:34:00";"303";"ac03 - Aci";"280,005";"BR-050/GO";"Norte";"Colisão Transversal";2;0;0;0;0;0;0;0;0;0;4;0;0;0;0
"28/03/2021";"10:05:00";"91";"ac01 - Aci";"226,3";"BR-050/GO";"Sul";"Choque na praça – submarino";2;0;2;0;0;0;0;0;0;0;4;7;1;0;4
"28/03/2021";"16:04:00";"185";"ac03 - Aci";"172,42";"BR-050/MG";"Sul";"Choque - New jersey";1;0;0;0;0;1;0;0;0;0;2;0;0;0;0
"28/03/2021";"17:21:00";"221";"ac02 - Aci";"147,4";"BR-050/MG";"Sul";"Choque - Meio fio";0;0;1;0;0;0;0;0;0;0;0;1;0;0;0
"29/03/2021";"01:42:00";"4";"ac02 - Aci";"294,88";"BR-050/GO";"Sul";"Tombamento";0;0;1;0;0;0;0;0;0;0;0;1;0;0;0
"29/03/2021";"11:27:00";"144";"ac02 - Aci";"33,94";"BR-050/MG";"Sul";"Capotamento";1;0;0;0;0;0;0;0;0;0;0;1;0;0;0
"29/03/2021";"14:33:00";"194";"ac03 - Aci";"81,9";"BR-050/MG";"Norte";"Choque - Defensa metálica";1;0;0;0;0;0;0;0;0;0;1;0;0;0;0
"29/03/2021";"22:26:00";"308";"ac03 - Aci";"133";"BR-050/GO";"Sul";"Colisão Traseira";1;0;1;0;0;0;0;0;0;0;4;0;0;0;0
"30/03/2021";"18:34:00";"354";"ac02 - Aci";"179";"BR-050/MG";"Sul";"Colisão lateral no mesmo sentido";1;0;0;1;0;0;0;0;0;0;4;1;0;0;0
"31/03/2021";"06:12:00";"32";"ac03 - Aci";"83";"BR-050/MG";"Sul";"Colisão Traseira";1;0;0;0;0;0;0;0;0;1;2;0;0;0;0
"31/03/2021";"12:13:00";"165";"ac02 - Aci";"158";"BR-050/MG";"Norte";"Choque - Sinalização";0;0;0;0;0;0;0;0;0;1;0;1;0;0;0
"31/03/2021";"14:53:00";"203";"ac03 - Aci";"199";"BR-050/MG";"Norte";"Capotamento";2;0;0;0;0;0;0;0;0;0;3;0;0;0;0
"31/03/2021";"17:20:00";"278";"ac03 - Aci";"36,9";"BR-050/MG";"Sul";"Choque - Defensa metálica";0;0;0;0;0;1;0;0;0;1;1;0;0;0;0
"01/04/2021";"18:19:00";"297";"ac03 - Aci";"704,35";"BR-050/MG";"Leste";"Colisão Traseira";1;0;1;0;0;0;0;0;0;0;2;0;0;0;0
"02/04/2021";"11:08:00";"119";"ac03 - Aci";"653,7";"BR-050/MG";"Leste";"Choque - Meio fio";1;0;0;0;0;0;0;0;0;0;2;0;0;0;0
"03/04/2021";"06:25:00";"18";"ac02 - Aci";"773";"BR-050/MG";"Oeste";"Colisão Transversal";1;0;1;0;0;0;0;0;0;0;3;1;1;0;0
"03/04/2021";"12:04:00";"93";"ac02 - Aci";"667,8";"BR-050/MG";"Oeste";"Capotamento";0;0;0;0;0;0;0;0;0;1;0;1;0;0;0
"04/04/2021";"13:42:00";"103";"ac02 - Aci";"83,4";"BR-050/GO";"Leste";"Colisão lateral no mesmo sentido";0;0;1;0;0;0;0;0;0;1;1;0;1;0;0
"05/04/2021";"15:13:00";"197";"ac02 - Aci";"663";"BR-050/MG";"Oeste";"Capotamento";1;0;0;0;0;0;0;0;0;0;0;1;0;0;0
"06/04/2021";"14:52:00";"223";"ac03 - Aci";"147,5";"BR-050/GO";"Oeste";"Choque - Sinalização";0;0;1;0;0;0;0;0;0;0;1;0;0;0;0
"06/04/2021";"15:11:00";"233";"ac02 - Aci";"154,5";"BR-050/GO";"Oeste";"Tombamento";0;0;1;0;0;0;0;0;0;0;0;1;0;0;0
"07/04/2021";"06:29:00";"40";"ac02 - Aci";"668,8";"BR-050/MG";"Oeste";"Capotamento";0;0;0;0;0;0;0;0;0;1;0;1;0;0;0
"09/04/2021";"19:14:00";"351";"ac02 - Aci";"686";"BR-050/MG";"Leste";"Atropelamento - Pedestre";1;0;0;0;0;0;0;0;0;0;1;0;0;1;0
"10/04/2021";"14:33:00";"214";"ac03 - Aci";"659";"BR-050/MG";"Leste";"Choque - Veiculo parado no acostamento";0;0;1;0;0;1;0;0;0;0;2;0;0;0;0
"10/04/2021";"19:23:00";"319";"ac02 - Aci";"109";"BR-050/GO";"Leste";"Queda de Moto";0;0;0;1;0;0;0;0;0;0;0;1;0;0;0
"11/04/2021";"00:26:00";"5";"ac03 - Aci";"115";"BR-050/GO";"Leste";"Queda de veículo em ribanceira, ponte ou viaduto";0;0;0;0;0;0;0;0;0;1;1;0;0;0;0
"12/04/2021";"19:07:00";"311";"ac03 - Aci";"729";"BR-050/MG";"Leste";"Choque - Elemento de Drenagem";0;0;1;0;0;0;0;0;0;0;1;0;0;0;0
"13/04/2021";"06:40:00";"40";"ac03 - Aci";"627,3";"BR-050/MG";"Oeste";"Tombamento";0;0;1;0;0;0;0;0;0;0;1;0;0;0;0
"13/04/2021";"11:28:00";"186";"ac02 - Aci";"853";"BR-050/MG";"Leste";"Capotamento";1;0;0;0;0;0;0;0;0;0;0;2;1;1;0
"13/04/2021";"22:13:00";"396";"ac03 - Aci";"757";"BR-050/MG";"Leste";"Choque - Meio fio";1;0;0;0;0;0;0;0;0;0;1;0;0;0;0
"15/04/2021";"21:11:00";"399";"ac01 - Aci";"687,4";"BR-050/MG";"Oeste";"Atropelamento - Pedestre";0;0;0;0;0;0;0;0;0;1;4;0;0;0;1
"16/04/2021";"02:52:00";"15";"ac02 - Aci";"751";"BR-050/MG";"Oeste";"Queda de Moto";0;0;0;1;0;0;0;0;0;0;0;1;0;0;0
"16/04/2021";"21:27:00";"400";"ac03 - Aci";"706";"BR-050/MG";"Leste";"Choque - Meio fio";1;0;0;0;0;0;0;0;0;0;1;0;0;0;0
"17/04/2021";"07:15:00";"53";"ac03 - Aci";"706";"BR-050/MG";"Leste";"Choque - Meio fio";0;0;0;0;0;0;0;0;0;1;1;0;0;0;0
"17/04/2021";"22:38:00";"339";"ac02 - Aci";"4";"BR-050/GO";"Oeste";"Colisão Traseira";1;0;1;0;0;0;0;0;0;0;1;2;0;0;0
"18/04/2021";"20:19:00";"305";"ac02 - Aci";"96,5";"BR-050/GO";"Oeste";"Colisão lateral no sentido contrário";1;0;1;0;0;0;0;0;0;0;1;0;0;1;0
"22/04/2021";"14:18:00";"261";"ac02 - Aci";"58,2";"BR-050/GO";"Leste";"Queda de Moto";0;0;0;1;0;0;0;0;0;0;0;1;0;0;0
"22/04/2021";"17:45:00";"354";"ac02 - Aci";"673,5";"BR-050/MG";"Oeste";"Atropelamento de Animal";0;0;1;0;0;0;0;0;0;1;2;1;0;0;0
"23/04/2021";"16:32:00";"303";"ac03 - Aci";"824,7";"BR-050/MG";"Leste";"Capotamento";1;0;0;0;0;1;0;0;0;0;0;0;0;0;0
"23/04/2021";"21:41:00";"392";"ac02 - Aci";"719,2";"BR-050/MG";"Oeste";"Colisão lateral no mesmo sentido";0;0;1;0;0;0;0;0;0;1;0;1;0;0;0
"25/04/2021";"14:09:00";"185";"ac02 - Aci";"175";"BR-050/GO";"Leste";"Colisão lateral no sentido contrário";1;0;0;1;0;0;0;0;0;0;0;0;0;1;0
"25/04/2021";"18:56:00";"267";"ac03 - Aci";"716";"BR-050/MG";"Oeste";"Capotamento";1;0;0;0;0;0;0;0;0;0;0;0;0;0;0
"25/04/2021";"19:10:00";"269";"ac03 - Aci";"745";"BR-050/MG";"Oeste";"Capotamento";1;0;0;0;0;0;0;0;0;0;0;0;0;0;0
"25/04/2021";"23:35:00";"319";"ac03 - Aci";"153,4";"BR-050/GO";"Leste";"Atropelamento de Animal";0;0;0;0;0;0;0;0;0;1;2;0;0;0;0
"26/04/2021";"04:47:00";"35";"ac03 - Aci";"689,4";"BR-050/MG";"Leste";"Atropelamento de Animal";0;0;1;0;0;0;0;0;0;0;1;0;0;0;0
"27/04/2021";"15:27:00";"269";"ac02 - Aci";"794";"BR-050/MG";"Leste";"Engavetamento";0;0;1;0;0;1;0;0;0;1;1;1;0;0;0
"27/04/2021";"22:21:00";"408";"ac02 - Aci";"18";"BR-050/GO";"Leste";"Colisão Traseira";1;0;0;1;0;0;0;0;0;0;0;1;0;0;0
"29/04/2021";"19:03:00";"354";"ac01 - Aci";"719";"BR-050/MG";"Oeste";"Colisão Traseira";1;0;1;0;0;0;0;0;0;0;1;0;0;0;2
"30/04/2021";"14:02:00";"245";"ac02 - Aci";"630";"BR-050/MG";"Oeste";"Colisão lateral no mesmo sentido";1;0;1;0;0;0;0;0;0;0;2;2;0;0;0
"30/04/2021";"22:58:00";"427";"ac03 - Aci";"788,2";"BR-050/MG";"Oeste";"Atropelamento de Animal";1;0;0;0;0;0;0;0;0;0;3;0;0;0;0
"01/05/2021";"02:12:00";"33";"ac02 - Aci";"177,5";"BR-050/MG";"Sul";"Choque - New jersey";1;0;0;0;0;0;0;0;0;0;0;1;0;0;0
"01/05/2021";"02:28:00";"35";"ac03 - Aci";"254,52";"BR-050/GO";"Norte";"Choque - Elemento de Drenagem";1;0;0;0;0;0;0;0;0;0;2;0;0;0;0
"01/05/2021";"15:38:00";"242";"ac02 - Aci";"114,46";"BR-050/GO";"Sul";"Capotamento";1;0;0;0;0;0;0;0;0;0;1;0;2;0;0
"01/05/2021";"18:40:00";"290";"ac03 - Aci";"17,85";"CT-UDI-MG";"Sul";"Choque - New jersey";1;0;0;0;0;0;0;0;0;0;2;0;0;0;0
"01/05/2021";"21:42:00";"337";"ac02 - Aci";"179,2";"BR-050/MG";"Norte";"Colisão lateral no mesmo sentido";0;0;0;1;0;0;0;0;0;1;1;1;0;0;0
"02/05/2021";"07:24:00";"39";"ac02 - Aci";"273";"BR-050/GO";"Norte";"Queda de Ciclista";0;1;0;0;0;0;0;0;0;0;0;1;0;0;0
"02/05/2021";"11:10:00";"98";"ac03 - Aci";"174";"BR-050/MG";"Sul";"Colisão Traseira";0;0;0;0;0;1;0;0;0;0;0;0;0;0;0
"02/05/2021";"17:54:00";"208";"ac03 - Aci";"265";"BR-050/GO";"Sul";"Capotamento";0;0;0;0;0;1;0;0;0;0;0;0;0;0;0
"02/05/2021";"18:00:00";"212";"ac02 - Aci";"268,48";"BR-050/GO";"Sul";"Capotamento";0;0;0;0;0;0;0;0;0;1;0;1;0;0;0
"02/05/2021";"19:27:00";"239";"ac02 - Aci";"192,1";"BR-050/MG";"Norte";"Colisão Traseira";1;0;0;0;0;1;0;0;0;1;0;0;3;0;0
"03/05/2021";"15:46:00";"262";"ac03 - Aci";"165,35";"BR-050/MG";"Norte";"Choque - Outros";1;0;0;0;0;0;0;0;0;0;5;0;0;0;0
"03/05/2021";"18:13:00";"292";"ac02 - Aci";"27,3";"BR-050/MG";"Sul";"Colisão lateral no mesmo sentido";0;0;0;0;0;1;0;0;0;1;0;1;0;0;0
"03/05/2021";"18:31:00";"297";"ac03 - Aci";"198,3";"BR-050/MG";"Sul";"Colisão lateral no mesmo sentido";1;0;1;0;0;1;0;0;0;0;4;0;0;0;0
"04/05/2021";"04:54:00";"32";"ac03 - Aci";"95,8";"BR-050/MG";"Norte";"Capotamento";0;0;1;0;0;0;0;0;0;0;1;0;0;0;0
"04/05/2021";"04:58:00";"33";"ac02 - Aci";"114,7";"BR-050/MG";"Sul";"Capotamento";1;0;0;0;0;0;0;0;0;0;0;0;1;0;0
"04/05/2021";"07:07:00";"62";"ac03 - Aci";"179";"BR-050/MG";"Norte";"Engavetamento";2;0;0;0;0;0;0;0;0;2;8;0;0;0;0
"04/05/2021";"10:34:00";"169";"ac02 - Aci";"111,5";"BR-050/MG";"Norte";"Capotamento";1;0;0;0;0;0;0;0;0;0;0;1;0;0;0
"04/05/2021";"18:45:00";"338";"ac03 - Aci";"100";"BR-050/GO";"Sul";"Queda de Moto";0;0;0;1;0;0;0;0;0;0;0;0;0;0;0
"05/05/2021";"11:50:00";"164";"ac02 - Aci";"117";"BR-050/MG";"Sul";"Tombamento";0;0;1;0;0;0;0;0;0;1;1;1;0;0;0
"05/05/2021";"21:31:00";"325";"ac03 - Aci";"104,9";"BR-050/MG";"Norte";"Colisão Traseira";2;0;0;0;0;0;0;0;0;0;4;0;0;0;0
"06/05/2021";"00:07:00";"1";"ac02 - Aci";"214,8";"BR-050/GO";"Sul";"Colisão Traseira";0;0;1;0;0;0;0;0;0;0;0;1;0;0;0
"06/05/2021";"06:37:00";"53";"ac02 - Aci";"78,9";"BR-050/MG";"Norte";"Choque - Elemento de Drenagem";0;0;0;0;0;0;0;0;0;1;1;0;1;0;0
"06/05/2021";"06:55:00";"60";"ac03 - Aci";"79";"BR-050/MG";"Norte";"Queda de Moto";0;0;0;1;0;0;0;0;0;0;0;0;0;0;0
"06/05/2021";"10:53:00";"163";"ac03 - Aci";"81";"BR-050/MG";"Sul";"Colisão Traseira";0;0;0;0;0;0;0;0;0;2;3;0;0;0;0
"06/05/2021";"15:10:00";"277";"ac03 - Aci";"281";"BR-050/GO";"Sul";"Queda de Moto";0;0;0;1;0;0;0;0;0;0;0;0;0;0;0
"06/05/2021";"22:57:00";"401";"ac03 - Aci";"29,55";"BR-050/MG";"Norte";"Choque - Meio fio";1;0;0;0;0;0;0;0;0;0;1;0;0;0;0
"07/05/2021";"03:00:00";"29";"ac03 - Aci";"126,45";"BR-050/MG";"Sul";"Choque - Talude ou Barranco";0;0;1;0;0;0;0;0;0;0;1;0;0;0;0
"07/05/2021";"08:18:00";"82";"ac02 - Aci";"16,86";"BR-050/MG";"Norte";"Colisão lateral no mesmo sentido";0;0;2;0;0;0;0;0;0;0;1;1;0;0;0
"07/05/2021";"12:22:00";"170";"ac02 - Aci";"277,3";"BR-050/GO";"Sul";"Choque - Veiculo parado no acostamento";0;0;1;0;0;0;0;0;0;1;1;1;0;0;0
"07/05/2021";"15:40:00";"239";"ac02 - Aci";"207";"BR-050/GO";"Sul";"Queda de Moto";0;0;0;1;0;0;0;0;0;0;1;1;0;0;0
"07/05/2021";"19:32:00";"320";"ac03 - Aci";"42,3";"BR-050/MG";"Norte";"Tombamento";0;0;1;0;0;0;0;0;0;0;2;0;0;0;0
"07/05/2021";"21:24:00";"341";"ac03 - Aci";"234";"BR-050/GO";"Norte";"Queda de Moto";0;0;0;1;0;0;0;0;0;0;0;0;0;0;0
"08/05/2021";"10:18:00";"122";"ac02 - Aci";"190,4";"BR-050/GO";"Sul";"Capotamento";1;0;0;0;0;0;0;0;0;0;0;1;0;0;0
"08/05/2021";"15:53:00";"252";"ac03 - Aci";"95,7";"BR-050/GO";"Sul";"Choque - New jersey";1;0;0;0;0;0;0;0;0;0;1;0;0;0;0
"08/05/2021";"18:05:00";"290";"ac03 - Aci";"51,6";"BR-050/MG";"Norte";"Colisão Traseira";2;0;0;0;0;0;0;0;0;0;9;0;0;0;0
"08/05/2021";"23:43:00";"374";"ac03 - Aci";"13,1";"BR-050/MG";"Norte";"Choque - Meio fio";1;0;0;0;0;0;0;0;0;0;1;0;0;0;0
"09/05/2021";"07:31:00";"35";"ac03 - Aci";"279,89";"BR-050/GO";"Norte";"Colisão Transversal";0;0;0;1;0;1;0;0;0;1;2;0;0;0;0
"09/05/2021";"09:09:00";"67";"ac02 - Aci";"136,58";"BR-050/MG";"Norte";"Queda de Ciclista";0;1;0;0;0;0;0;0;0;0;0;0;1;0;0
"09/05/2021";"14:20:00";"160";"ac03 - Aci";"151,9";"BR-050/MG";"Sul";"Choque - Outros";1;0;0;0;0;0;0;0;0;0;1;0;0;0;0
"09/05/2021";"18:36:00";"241";"ac02 - Aci";"133,85";"BR-050/MG";"Norte";"Choque - Sinalização";0;0;1;0;0;0;0;0;0;0;0;0;1;0;0
"09/05/2021";"21:28:00";"298";"ac03 - Aci";"93,4";"BR-050/MG";"Sul";"Colisão lateral no mesmo sentido";1;0;1;0;0;0;0;0;0;0;2;0;0;0;0
"09/05/2021";"21:35:00";"299";"ac03 - Aci";"180,9";"BR-050/MG";"Norte";"Choque - Elemento de Drenagem";1;0;0;0;0;0;0;0;0;0;1;0;0;0;0
"09/05/2021";"22:34:00";"308";"ac03 - Aci";"202";"BR-050/MG";"Norte";"Tombamento";0;0;1;0;0;0;0;0;0;0;0;0;0;0;0
"10/05/2021";"07:45:00";"56";"ac03 - Aci";"206";"BR-050/MG";"Sul";"Colisão Traseira";0;0;2;0;0;0;0;0;0;1;3;0;0;0;0
"10/05/2021";"08:01:00";"60";"ac03 - Aci";"206";"BR-050/MG";"Norte";"Colisão lateral no mesmo sentido";0;0;0;0;0;2;0;0;0;0;0;0;0;0;0
"10/05/2021";"18:29:00";"312";"ac02 - Aci";"36";"BR-050/MG";"Sul";"Colisão Traseira";2;0;0;0;0;0;0;0;0;0;4;1;0;0;0
"11/05/2021";"00:32:00";"7";"ac03 - Aci";"306,45";"BR-050/GO";"Norte";"Colisão Traseira";0;0;2;0;0;0;0;0;0;0;2;0;0;0;0
"11/05/2021";"07:10:00";"46";"ac02 - Aci";"136";"BR-050/MG";"Sul";"Choque - Elemento de Drenagem";1;0;0;0;0;0;0;0;0;0;0;1;0;0;0
"11/05/2021";"07:15:00";"48";"ac03 - Aci";"281";"BR-050/GO";"Norte";"Colisão Transversal";1;0;0;0;0;1;0;0;0;0;1;0;0;0;0
"11/05/2021";"13:12:00";"199";"ac03 - Aci";"281,5";"BR-050/GO";"Norte";"Colisão lateral no sentido contrário";1;0;1;0;0;0;0;0;0;0;2;0;0;0;0
"11/05/2021";"20:33:00";"350";"ac03 - Aci";"50";"BR-050/MG";"Sul";"Colisão Traseira";1;0;1;0;0;0;0;0;0;0;3;0;0;0;0
"12/05/2021";"13:43:00";"215";"ac02 - Aci";"33,74";"BR-050/MG";"Sul";"Colisão Traseira";2;0;0;0;0;0;0;0;0;0;4;1;0;0;0
"12/05/2021";"16:05:00";"281";"ac03 - Aci";"165,02";"BR-050/GO";"Norte";"Choque - Elemento de Drenagem";0;0;0;0;0;0;0;0;0;1;1;0;0;0;0
"13/05/2021";"03:49:00";"28";"ac03 - Aci";"153,35";"BR-050/MG";"Norte";"Choque - Talude ou Barranco";0;0;1;0;0;0;0;0;0;0;1;0;0;0;0
"14/05/2021";"08:35:00";"77";"ac02 - Aci";"104,9";"BR-050/MG";"Norte";"Choque - Veiculo parado na pista";1;0;0;1;0;0;0;0;0;0;3;1;0;0;0
"14/05/2021";"22:44:00";"361";"ac03 - Aci";"122";"BR-050/GO";"Sul";"Tombamento";0;0;1;0;0;0;0;0;0;0;1;0;0;0;0
"15/05/2021";"04:04:00";"25";"ac03 - Aci";"133,2";"BR-050/GO";"Sul";"Choque - Elemento de Drenagem";0;0;1;0;0;0;0;0;0;0;1;0;0;0;0
"15/05/2021";"06:09:00";"38";"ac03 - Aci";"22";"BR-050/MG";"Sul";"Choque - Meio fio";1;0;0;0;0;0;0;0;0;0;3;0;0;0;0
"15/05/2021";"07:08:00";"53";"ac02 - Aci";"174,07";"BR-050/MG";"Norte";"Queda de Moto";0;0;0;1;0;0;0;0;0;0;0;1;0;0;0
"15/05/2021";"09:46:00";"101";"ac03 - Aci";"310,9";"BR-050/GO";"Sul";"Colisão Traseira";1;0;1;0;0;0;0;0;0;0;4;0;0;0;0
"15/05/2021";"11:40:00";"147";"ac03 - Aci";"24,76";"BR-050/MG";"Sul";"Choque - Elemento de Drenagem";0;0;0;0;0;0;0;0;0;2;2;0;0;0;0
"15/05/2021";"15:24:00";"205";"ac02 - Aci";"105";"BR-050/MG";"Sul";"Choque - Sinalização";0;0;1;0;0;0;0;0;0;0;0;1;0;0;0