data;horario;n_da_ocorrencia;tipo_de_ocorrencia;km;trecho;sentido;tipo_de_acidente;automovel;bicicleta;caminhao;moto;onibus;outros;tracao_animal;transporte_de_cargas_especiais;trator_maquinas;utilitarios;ilesos;levemente_feridos;moderadamente_feridos;gravemente_feridos;mortos
"06/08/2021";"11:06:00";"141";"ac02 - Aci";"154";"BR-050/GO";"Norte";"Tombamento";0;0;1;0;0;0;0;0;0;0;0;1;0;0;0
"06/08/2021";"11:23:00";"147";"ac02 - Aci";"16,4";"CT-UDI-MG";"Sul";"Colisão Traseira";0;0;0;1;0;0;0;0;0;1;1;1;0;0;0
"06/08/2021";"16:37:00";"255";"ac03 - Aci";"174,2";"BR-050/MG";"Sul";"Colisão Traseira";0;0;0;1;0;1;0;0;0;0;1;0;0;0;0
"06/08/2021";"19:51:00";"301";"ac03 - Aci";"27,8";"BR-050/MG";"Sul";"Colisão lateral no mesmo sentido";1;0;1;0;0;0;0;0;0;0;2;0;0;0;0
"07/08/2021";"01:44:00";"23";"ac02 - Aci";"80,6";"BR-050/MG";"Sul";"Capotamento";1;0;0;0;0;0;0;0;0;0;0;0;0;1;0
"07/08/2021";"01:56:00";"26";"ac03 - Aci";"80,6";"BR-050/MG";"Sul";"Choque - Veiculo parado na pista";0;0;0;0;0;0;0;0;0;1;2;0;0;0;0
"07/08/2021";"13:05:00";"150";"ac03 - Aci";"59,3";"BR-050/MG";"Norte";"Choque - Elemento de Drenagem";1;0;0;0;0;0;0;0;0;0;1;0;0;0;0
"07/08/2021";"14:20:00";"167";"ac03 - Aci";"105";"BR-050/MG";"Sul";"Choque - Sinalização";0;0;1;0;0;0;0;0;0;0;1;0;0;0;0
"07/08/2021";"21:46:00";"303";"ac03 - Aci";"173,4";"BR-050/MG";"Sul";"Choque - New jersey";1;0;0;0;0;0;0;0;0;0;0;0;0;0;0
"08/08/2021";"09:49:00";"75";"ac03 - Aci";"18,95";"CT-UDI-MG";"Sul";"Choque - New jersey";1;0;0;0;0;0;0;0;0;0;2;0;0;0;0
"08/08/2021";"12:38:00";"110";"ac03 - Aci";"44,64";"BR-050/MG";"Norte";"Colisão lateral no mesmo sentido";2;0;0;0;0;0;0;0;0;0;7;0;0;0;0
"08/08/2021";"14:49:00";"140";"ac03 - Aci";"178,9";"BR-050/MG";"Norte";"Choque - Meio fio";0;0;1;0;0;0;0;0;0;0;1;0;0;0;0
"08/08/2021";"14:52:00";"143";"ac03 - Aci";"123,93";"BR-050/GO";"Sul";"Choque - Elemento de Drenagem";0;0;0;1;0;0;0;0;0;0;1;0;0;0;0
"08/08/2021";"16:25:00";"173";"ac03 - Aci";"23,6";"BR-050/MG";"Norte";"Choque - Elemento de Drenagem";0;0;0;0;0;0;0;0;0;1;2;0;0;0;0
"08/08/2021";"16:55:00";"187";"ac02 - Aci";"176,7";"BR-050/MG";"Norte";"Capotamento";1;0;0;0;0;0;0;0;0;0;3;2;0;0;0
"08/08/2021";"17:56:00";"203";"ac03 - Aci";"176,8";"BR-050/MG";"Sul";"Colisão Traseira";1;0;0;1;0;0;0;0;0;0;4;0;0;0;0
"08/08/2021";"19:22:00";"233";"ac01 - Aci";"181,4";"BR-050/MG";"Norte";"Atropelamento - Pedestre";1;0;0;0;0;0;0;0;0;0;4;0;0;0;1
"09/08/2021";"12:29:00";"185";"ac03 - Aci";"282,8";"BR-050/GO";"Sul";"Colisão Transversal";1;0;1;0;0;0;0;0;0;0;2;0;0;0;0
"10/08/2021";"07:24:00";"69";"ac02 - Aci";"35";"BR-050/MG";"Norte";"Colisão Traseira";0;1;0;0;0;1;0;0;0;0;0;1;0;0;0
"10/08/2021";"23:09:00";"378";"ac01 - Aci";"82,48";"BR-050/MG";"Norte";"Atropelamento - Andarilho";0;0;0;0;0;0;0;0;0;0;0;0;0;0;1
"11/08/2021";"02:09:00";"20";"ac02 - Aci";"81,56";"BR-050/MG";"Norte";"Colisão Traseira";1;0;1;0;0;0;0;0;0;0;2;0;1;0;0
"11/08/2021";"08:59:00";"85";"ac03 - Aci";"63,1";"BR-050/MG";"Norte";"Queda de Moto";0;0;0;1;0;0;0;0;0;0;1;0;0;0;0
"11/08/2021";"10:22:00";"115";"ac03 - Aci";"25,1";"BR-050/MG";"Norte";"Choque - Talude ou Barranco";0;0;0;0;0;0;0;0;0;1;1;0;0;0;0
"11/08/2021";"12:24:00";"171";"ac03 - Aci";"26,2";"BR-050/MG";"Norte";"Choque - Sinalização";1;0;0;0;0;0;0;0;0;0;1;0;0;0;0
"11/08/2021";"15:25:00";"224";"ac03 - Aci";"179,9";"BR-050/GO";"Norte";"Choque - New jersey";0;0;1;0;0;0;0;0;0;0;1;0;0;0;0
"11/08/2021";"17:30:00";"263";"ac02 - Aci";"174,2";"BR-050/MG";"Sul";"Choque - New jersey";1;0;0;0;0;0;0;0;0;0;1;1;0;0;0
"11/08/2021";"19:35:00";"305";"ac02 - Aci";"179,2";"BR-050/MG";"Norte";"Colisão lateral no mesmo sentido";1;0;0;1;0;0;0;0;0;0;2;1;0;0;0
"12/08/2021";"14:04:00";"228";"ac02 - Aci";"275,3";"BR-050/GO";"Sul";"Choque - Sinalização";0;0;0;1;0;0;0;0;0;0;0;1;0;0;0
"13/08/2021";"00:44:00";"11";"ac02 - Aci";"140,5";"BR-050/MG";"Norte";"Choque - Arvore";0;0;1;0;0;0;0;0;0;0;0;0;1;0;0
"13/08/2021";"02:16:00";"24";"ac02 - Aci";"189,2";"BR-050/MG";"Norte";"Colisão Traseira";0;0;2;0;0;0;0;0;0;0;1;0;3;0;0
"13/08/2021";"04:57:00";"37";"ac02 - Aci";"278,94";"BR-050/GO";"Norte";"Colisão Traseira";0;0;0;0;0;1;0;0;0;1;0;1;0;0;0
"13/08/2021";"06:22:00";"40";"ac03 - Aci";"0,1";"CT-UDI-MG";"Norte";"Choque - Outros";1;0;0;0;0;0;0;0;0;0;1;0;0;0;0
"13/08/2021";"06:48:00";"43";"ac02 - Aci";"22,58";"BR-050/MG";"Norte";"Choque - Elemento de Drenagem";0;0;1;0;0;0;0;0;0;0;0;1;0;0;0
"13/08/2021";"10:35:00";"143";"ac03 - Aci";"16,9";"CT-UDI-MG";"Sul";"Choque - New jersey";0;0;1;0;0;0;0;0;0;0;1;0;0;0;0
"13/08/2021";"14:11:00";"210";"ac02 - Aci";"254,7";"BR-050/GO";"Sul";"Capotamento";1;0;0;0;0;0;0;0;0;0;0;4;1;0;0
"13/08/2021";"15:57:00";"243";"ac02 - Aci";"81";"BR-050/MG";"Sul";"Queda de Moto";0;0;0;1;0;0;0;0;0;0;0;1;0;0;0
"13/08/2021";"17:18:00";"268";"ac02 - Aci";"176,5";"BR-050/MG";"Sul";"Queda de Moto";0;0;0;1;0;0;0;0;0;0;0;1;0;0;0
"13/08/2021";"19:10:00";"296";"ac03 - Aci";"89,5";"BR-050/MG";"Norte";"Choque - Meio fio";0;0;0;1;0;0;0;0;0;0;1;0;0;0;0
"14/08/2021";"09:39:00";"100";"ac02 - Aci";"114,6";"BR-050/MG";"Norte";"Tombamento";0;0;1;0;0;0;0;0;0;0;0;1;1;0;0
"14/08/2021";"10:01:00";"111";"ac03 - Aci";"122,08";"BR-050/GO";"Norte";"Capotamento";1;0;0;0;0;0;0;0;0;0;1;0;0;0;0
"14/08/2021";"22:09:00";"333";"ac03 - Aci";"33";"BR-050/MG";"Norte";"Colisão Traseira";1;0;0;0;0;0;0;0;0;0;2;0;0;0;0
"15/08/2021";"03:59:00";"34";"ac03 - Aci";"36";"BR-050/MG";"Sul";"Choque - New jersey";1;0;0;0;0;0;0;0;0;0;1;0;0;0;0
"15/08/2021";"06:05:00";"44";"ac03 - Aci";"313";"BR-050/GO";"Sul";"Colisão Traseira";2;0;0;0;0;0;0;0;0;0;6;0;0;0;0
"15/08/2021";"18:02:00";"227";"ac03 - Aci";"112";"BR-050/GO";"Sul";"Choque - Elemento de Drenagem";0;0;0;0;0;0;0;0;0;1;1;0;0;0;0
"15/08/2021";"18:30:00";"235";"ac03 - Aci";"36";"BR-050/MG";"Sul";"Choque - Defensa metálica";1;0;0;0;0;0;0;0;0;0;3;0;0;0;0
"15/08/2021";"21:09:00";"272";"ac03 - Aci";"140";"BR-050/MG";"Sul";"Choque - Elemento de Drenagem";1;0;0;0;0;0;0;0;0;0;1;0;0;0;0
"17/08/2021";"06:09:00";"25";"ac02 - Aci";"145,5";"BR-050/MG";"Norte";"Capotamento";0;0;0;0;0;0;0;0;0;1;0;1;0;0;0
"17/08/2021";"12:42:00";"187";"ac03 - Aci";"287";"BR-050/GO";"Sul";"Queda de Moto";0;0;0;1;0;0;0;0;0;0;1;0;0;0;0
"18/08/2021";"07:34:00";"51";"ac03 - Aci";"282";"BR-050/GO";"Sul";"Choque - Veiculo parado no acostamento";0;0;2;0;0;0;0;0;0;0;2;0;0;0;0
"18/08/2021";"09:05:00";"87";"ac03 - Aci";"96,05";"BR-050/GO";"Sul";"Colisão Traseira";0;0;0;0;0;1;0;0;0;1;1;0;0;0;0
"19/08/2021";"01:40:00";"11";"ac03 - Aci";"175";"BR-050/MG";"Norte";"Choque - Elemento de Drenagem";1;0;0;0;0;0;0;0;0;0;1;0;0;0;0
"19/08/2021";"03:46:00";"21";"ac03 - Aci";"184,8";"BR-050/MG";"Norte";"Colisão Traseira";1;0;1;0;0;0;0;0;0;0;2;0;0;0;0
"19/08/2021";"09:58:00";"112";"ac03 - Aci";"96,45";"BR-050/MG";"Norte";"Colisão Traseira";1;0;1;0;0;0;0;0;0;0;3;0;0;0;0
"19/08/2021";"14:05:00";"198";"ac03 - Aci";"142,7";"BR-050/MG";"Sul";"Colisão lateral no mesmo sentido";1;0;1;0;0;0;0;0;0;0;2;0;0;0;0
"19/08/2021";"15:20:00";"226";"ac03 - Aci";"283";"BR-050/GO";"Sul";"Colisão lateral no mesmo sentido";0;0;1;0;0;1;0;0;0;0;1;0;0;0;0
"19/08/2021";"20:02:00";"332";"ac02 - Aci";"171,8";"BR-050/MG";"Norte";"Colisão lateral no mesmo sentido";1;0;0;1;0;0;0;0;0;0;3;1;0;0;0
"19/08/2021";"20:22:00";"336";"ac03 - Aci";"44,3";"BR-050/MG";"Sul";"Choque - Talude ou Barranco";0;0;0;0;0;0;0;0;0;1;2;0;0;0;0
"20/08/2021";"03:06:00";"24";"ac02 - Aci";"52,9";"BR-050/MG";"Norte";"Choque - Defensa metálica";1;0;0;0;0;0;0;0;0;0;0;3;0;0;0
"20/08/2021";"08:02:00";"89";"ac03 - Aci";"51,475";"BR-050/MG";"Norte";"Colisão lateral no mesmo sentido";0;0;0;0;0;1;0;0;0;1;1;0;0;0;0
"21/08/2021";"02:27:00";"17";"ac03 - Aci";"179";"BR-050/MG";"Norte";"Capotamento";1;0;0;0;0;0;0;0;0;0;5;0;0;0;0
"21/08/2021";"06:09:00";"30";"ac02 - Aci";"141,6";"BR-050/GO";"Sul";"Capotamento";1;0;0;0;0;0;0;0;0;0;0;1;1;0;0
"21/08/2021";"12:17:00";"150";"ac03 - Aci";"310,7";"BR-050/GO";"Sul";"Colisão Traseira";0;0;2;0;0;0;0;0;0;0;2;0;0;0;0
"21/08/2021";"22:09:00";"319";"ac03 - Aci";"127,7";"BR-050/MG";"Norte";"Colisão lateral no mesmo sentido";1;0;0;0;0;1;0;0;0;0;1;0;0;0;0
"22/08/2021";"04:34:00";"26";"ac03 - Aci";"142";"BR-050/MG";"Norte";"Colisão Traseira";0;0;1;0;0;1;0;0;0;0;1;0;0;0;0
"22/08/2021";"06:22:00";"36";"ac02 - Aci";"21";"CT-UDI-MG";"Norte";"Colisão Traseira";1;0;0;1;0;0;0;0;0;0;1;1;0;0;0
"22/08/2021";"07:52:00";"56";"ac03 - Aci";"121,9";"BR-050/GO";"Norte";"Choque - Talude ou Barranco";1;0;0;0;0;0;0;0;0;0;3;0;0;0;0
"22/08/2021";"09:47:00";"89";"ac03 - Aci";"198,17";"BR-050/MG";"Norte";"Colisão Traseira";2;0;0;0;0;0;0;0;0;0;3;0;0;0;0
"22/08/2021";"17:30:00";"221";"ac03 - Aci";"27,7";"BR-050/MG";"Sul";"Choque - Sinalização";1;0;0;0;0;0;0;0;0;0;1;0;0;0;0
"22/08/2021";"18:58:00";"247";"ac01 - Aci";"274,11";"BR-050/GO";"Sul";"Atropelamento - Sem Informação";0;0;0;0;0;1;0;0;0;0;0;0;0;0;1
"22/08/2021";"19:14:00";"255";"ac03 - Aci";"36";"BR-050/MG";"Sul";"Choque - Meio fio";1;0;0;0;0;0;0;0;0;0;3;0;0;0;0
"23/08/2021";"16:43:00";"255";"ac02 - Aci";"306,1";"BR-050/GO";"Sul";"Capotamento";0;0;1;0;0;0;0;0;0;0;0;1;0;0;0
"24/08/2021";"13:07:00";"197";"ac02 - Aci";"299";"BR-050/GO";"Norte";"Choque - Elemento de Drenagem";1;0;0;0;0;0;0;0;0;0;1;1;0;0;0
"24/08/2021";"15:29:00";"241";"ac03 - Aci";"278,1";"BR-050/GO";"Norte";"Colisão Traseira";0;0;1;0;0;1;0;0;0;0;1;0;0;0;0
"24/08/2021";"20:48:00";"365";"ac03 - Aci";"96,3";"BR-050/GO";"Norte";"Atropelamento - Andarilho";1;0;0;0;0;0;0;0;0;0;2;0;0;0;0
"25/08/2021";"08:56:00";"108";"ac03 - Aci";"53,8";"BR-050/MG";"Sul";"Colisão Traseira";0;0;1;0;0;0;0;0;0;1;3;0;0;0;0
"25/08/2021";"14:05:00";"229";"ac02 - Aci";"18,6";"BR-050/MG";"Norte";"Choque - Elemento de Drenagem";0;0;1;0;0;0;0;0;0;0;0;1;0;0;0
"25/08/2021";"20:04:00";"361";"ac02 - Aci";"125,21";"BR-050/GO";"Sul";"Colisão Traseira";0;0;0;1;0;0;0;0;0;1;1;0;1;0;0
"26/08/2021";"03:10:00";"18";"ac03 - Aci";"105,4";"BR-050/MG";"Norte";"Tombamento";0;0;1;0;0;0;0;0;0;0;1;0;0;0;0
"26/08/2021";"16:04:00";"257";"ac02 - Aci";"6";"CT-UDI-MG";"Norte";"Colisão Traseira";0;0;2;0;0;0;0;0;0;0;0;2;0;0;0
"26/08/2021";"18:28:00";"304";"ac03 - Aci";"11,8";"BR-050/MG";"Sul";"Colisão Traseira";1;0;1;0;0;0;0;0;0;0;2;0;0;0;0
"26/08/2021";"21:18:00";"358";"ac02 - Aci";"172";"BR-050/MG";"Sul";"Choque - New jersey";0;0;0;1;0;0;0;0;0;0;0;0;0;1;0
"27/08/2021";"12:57:00";"192";"ac02 - Aci";"151,07";"BR-050/MG";"Sul";"Choque - Sinalização";1;0;0;0;0;0;0;0;0;0;0;0;1;0;0
"27/08/2021";"14:25:00";"217";"ac03 - Aci";"112,7";"BR-050/GO";"Norte";"Colisão Traseira";0;0;1;0;0;0;0;0;0;1;3;0;0;0;0
"27/08/2021";"15:14:00";"229";"ac03 - Aci";"305";"BR-050/GO";"Sul";"Choque - Elemento de Drenagem";0;0;1;0;0;0;0;0;0;0;1;0;0;0;0
"27/08/2021";"19:00:00";"313";"ac01 - Aci";"20";"CT-UDI-MG";"Norte";"Colisão Transversal";2;0;1;0;0;0;0;0;0;0;5;0;0;0;4
"28/08/2021";"02:08:00";"17";"ac02 - Aci";"94,42";"BR-050/MG";"Norte";"Choque - Elemento de Drenagem";0;0;1;0;0;0;0;0;0;0;1;1;0;0;0
"28/08/2021";"16:06:00";"251";"ac03 - Aci";"221,8";"BR-050/GO";"Norte";"Choque - Defensa metálica";0;0;1;0;0;0;0;0;0;0;3;0;0;0;0
"28/08/2021";"20:58:00";"334";"ac02 - Aci";"181";"BR-050/MG";"Sul";"Queda de Ciclista";0;1;0;0;0;0;0;0;0;0;0;1;0;0;0
"28/08/2021";"21:46:00";"341";"ac01 - Aci";"100,8";"BR-050/MG";"Norte";"Choque - Elemento de Drenagem";1;0;0;0;0;0;0;0;0;0;0;0;0;0;1
"28/08/2021";"22:16:00";"348";"ac03 - Aci";"58,1";"BR-050/MG";"Norte";"Atropelamento de Animal";1;0;0;0;0;0;0;0;0;0;4;0;0;0;0
"28/08/2021";"23:23:00";"356";"ac02 - Aci";"99";"BR-050/GO";"Norte";"Colisão lateral no mesmo sentido";0;0;0;1;0;1;0;0;0;0;1;1;0;0;0
"29/08/2021";"03:57:00";"23";"ac03 - Aci";"244";"BR-050/GO";"Norte";"Choque - Elemento de Drenagem";1;0;0;0;0;0;0;0;0;0;2;0;0;0;0
"29/08/2021";"05:01:00";"27";"ac02 - Aci";"310,8";"BR-050/GO";"Sul";"Queda de Ciclista";0;1;0;0;0;0;0;0;0;0;0;1;0;0;0
"29/08/2021";"17:23:00";"214";"ac03 - Aci";"97,05";"BR-050/GO";"Sul";"Colisão Traseira";0;0;0;0;0;1;0;0;0;1;5;0;0;0;0
"30/08/2021";"04:37:00";"18";"ac03 - Aci";"77,7";"BR-050/MG";"Norte";"Choque - New jersey";1;0;0;0;0;0;0;0;0;0;1;0;0;0;0
"30/08/2021";"06:18:00";"28";"ac03 - Aci";"77,3";"BR-050/MG";"Norte";"Choque - Defensa metálica";1;0;0;0;0;0;0;0;0;0;1;0;0;0;0
"30/08/2021";"06:54:00";"34";"ac03 - Aci";"55,8";"BR-050/MG";"Sul";"Choque - Elemento de Drenagem";1;0;0;0;0;0;0;0;0;0;1;0;0;0;0
"30/08/2021";"09:35:00";"90";"ac03 - Aci";"89";"BR-050/MG";"Norte";"Colisão lateral no mesmo sentido";2;0;0;0;0;0;0;0;0;0;4;0;0;0;0
"30/08/2021";"10:52:00";"124";"ac03 - Aci";"179";"BR-050/MG";"Sul";"Colisão lateral no mesmo sentido";1;0;1;0;0;0;0;0;0;0;3;0;0;0;0
"30/08/2021";"14:08:00";"184";"ac02 - Aci";"158";"BR-050/MG";"Sul";"Choque - Elemento de Drenagem";0;0;0;0;0;0;0;0;0;1;0;2;0;0;0
"31/08/2021";"05:27:00";"23";"ac03 - Aci";"81";"BR-050/MG";"Norte";"Choque - Defensa metálica";0;0;0;0;0;0;0;0;0;1;1;0;0;0;0
"31/08/2021";"12:31:00";"147";"ac02 - Aci";"248";"BR-050/GO";"Norte";"Queda de Moto";0;0;0;1;0;0;0;0;0;0;0;1;0;0;0
"31/08/2021";"22:41:00";"297";"ac03 - Aci";"27,5";"BR-050/MG";"Sul";"Choque - Defensa metálica";0;0;1;0;0;0;0;0;0;0;1;0;0;0;0
"01/09/2021";"02:54:00";"11";"ac03 - Aci";"206,2";"BR-050/MG";"Norte";"Colisão Traseira";0;0;2;0;0;0;0;0;0;0;2;0;0;0;0
"01/09/2021";"12:48:00";"193";"ac03 - Aci";"278";"BR-050/GO";"Sul";"Colisão Transversal";1;0;0;0;0;0;0;0;0;1;2;0;0;0;0
"01/09/2021";"12:50:00";"194";"ac03 - Aci";"310";"BR-050/GO";"Sul";"Colisão Traseira";0;0;1;0;0;1;0;0;0;0;2;0;0;0;0
"01/09/2021";"15:30:00";"227";"ac03 - Aci";"105";"BR-050/MG";"Norte";"Colisão Traseira";1;0;1;0;0;0;0;0;0;0;3;0;0;0;0
"02/09/2021";"02:29:00";"15";"ac03 - Aci";"54,3";"BR-050/MG";"Norte";"Tombamento";0;0;1;0;0;0;0;0;0;0;2;0;0;0;0
"02/09/2021";"04:28:00";"28";"ac03 - Aci";"52,9";"BR-050/MG";"Sul";"Atropelamento de Animal";0;0;0;0;0;0;0;0;0;1;4;0;0;0;0
"02/09/2021";"09:39:00";"113";"ac03 - Aci";"149,1";"BR-050/GO";"Norte";"Choque - Arvore";0;0;1;0;0;0;0;0;0;0;1;0;0;0;0
"02/09/2021";"23:02:00";"324";"ac02 - Aci";"97,97";"BR-050/MG";"Norte";"Capotamento";0;0;0;0;0;0;0;0;0;1;0;0;1;0;0
"03/09/2021";"10:38:00";"151";"ac03 - Aci";"51,91";"BR-050/MG";"Norte";"Colisão Traseira";0;0;0;0;0;0;0;0;0;1;1;0;0;0;0
"03/09/2021";"15:08:00";"233";"ac02 - Aci";"24,4";"BR-050/MG";"Sul";"Capotamento";1;0;0;0;0;0;0;0;0;0;0;1;0;0;0
"03/09/2021";"15:41:00";"247";"ac02 - Aci";"178,3";"BR-050/MG";"Norte";"Engavetamento";1;0;0;1;1;1;0;0;0;0;3;0;1;0;0
"03/09/2021";"16:25:00";"259";"ac03 - Aci";"79";"BR-050/MG";"Sul";"Atropelamento de Animal";1;0;0;0;0;0;0;0;0;0;5;0;0;0;0
"03/09/2021";"18:06:00";"295";"ac02 - Aci";"109";"BR-050/MG";"Sul";"Choque - Elemento de Drenagem";1;0;1;0;0;0;0;0;0;0;1;1;0;0;0
"04/09/2021";"02:26:00";"18";"ac03 - Aci";"148,5";"BR-050/MG";"Sul";"Capotamento";1;0;0;0;0;0;0;0;0;0;1;0;0;0;0
"04/09/2021";"07:28:00";"62";"ac02 - Aci";"179";"BR-050/MG";"Norte";"Colisão lateral no mesmo sentido";1;0;0;1;0;0;0;0;0;0;1;1;0;0;0
"04/09/2021";"11:48:00";"155";"ac03 - Aci";"105";"BR-050/MG";"Norte";"Colisão Traseira";2;0;0;0;0;0;0;0;0;0;5;0;0;0;0
"04/09/2021";"15:56:00";"235";"ac03 - Aci";"184";"BR-050/MG";"Sul";"Choque - New jersey";1;0;0;0;0;0;0;0;0;0;2;0;0;0;0
"04/09/2021";"15:56:00";"236";"ac02 - Aci";"133,2";"BR-050/GO";"Sul";"Capotamento";1;0;1;0;0;0;0;0;0;0;2;1;0;0;0
"04/09/2021";"18:31:00";"277";"ac03 - Aci";"203,74";"BR-050/GO";"Sul";"Colisão Traseira";1;0;0;0;0;0;0;0;0;1;2;0;0;0;0
"04/09/2021";"21:14:00";"325";"ac03 - Aci";"254,8";"BR-050/GO";"Sul";"Choque - Elemento de Drenagem";0;0;1;0;0;0;0;0;0;0;1;0;0;0;0
"05/09/2021";"17:51:00";"238";"ac03 - Aci";"150";"BR-050/MG";"Norte";"Choque - Defensa metálica";0;0;0;0;1;0;0;0;0;0;3;0;0;0;0
"05/09/2021";"18:25:00";"246";"ac02 - Aci";"119";"BR-050/GO";"Sul";"Choque - Elemento de Drenagem";1;0;0;0;0;0;0;0;0;0;0;5;0;0;0
"06/09/2021";"02:06:00";"11";"ac02 - Aci";"79";"BR-050/MG";"Sul";"Choque - Veiculo parado na pista";0;0;1;1;0;0;0;0;0;0;1;0;0;1;0
"06/09/2021";"13:29:00";"162";"ac02 - Aci";"178,17";"BR-050/MG";"Sul";"Choque - Defensa metálica";1;0;0;0;0;0;0;0;0;0;0;0;1;0;0
"06/09/2021";"14:03:00";"168";"ac02 - Aci";"111,8";"BR-050/GO";"Norte";"Tombamento";0;0;0;0;0;0;0;0;0;1;1;1;0;0;0
"06/09/2021";"16:52:00";"227";"ac03 - Aci";"21,6";"CT-UDI-MG";"Sul";"Tombamento";0;0;1;0;0;0;0;0;0;0;1;0;0;0;0
"07/09/2021";"15:06:00";"170";"ac02 - Aci";"47,36";"BR-050/MG";"Norte";"Choque - New jersey";1;0;0;0;0;0;0;0;0;0;0;2;2;0;0
"07/09/2021";"17:15:00";"205";"ac03 - Aci";"53,5";"BR-050/MG";"Sul";"Choque - Defensa metálica";0;0;1;0;0;0;0;0;0;0;1;0;0;0;0
"07/09/2021";"18:06:00";"221";"ac02 - Aci";"280";"BR-050/GO";"Sul";"Colisão Transversal";1;0;0;1;0;0;0;0;0;0;2;0;2;0;0
"07/09/2021";"18:06:00";"220";"ac02 - Aci";"98,5";"BR-050/MG";"Norte";"Queda de Moto";0;0;0;1;0;0;0;0;0;0;0;0;0;2;0
"08/09/2021";"03:47:00";"16";"ac02 - Aci";"34";"BR-050/MG";"Norte";"Choque - Meio fio";1;0;0;0;0;0;0;0;0;0;1;0;1;0;0
"08/09/2021";"06:55:00";"47";"ac02 - Aci";"284,9";"BR-050/GO";"Sul";"Queda de Moto";0;0;0;1;0;0;0;0;0;0;1;1;0;0;0
"08/09/2021";"07:19:00";"57";"ac02 - Aci";"179,95";"BR-050/MG";"Sul";"Queda de Moto";0;0;0;1;0;0;0;0;0;0;0;2;0;0;0
"08/09/2021";"19:46:00";"303";"ac02 - Aci";"296,03";"BR-050/GO";"Sul";"Colisão Traseira";0;0;0;0;0;0;0;0;0;2;0;4;0;0;0
"08/09/2021";"20:10:00";"314";"ac03 - Aci";"82,5";"BR-050/MG";"Norte";"Choque - Meio fio";0;0;1;0;0;0;0;0;0;0;1;0;0;0;0
"08/09/2021";"21:33:00";"336";"ac02 - Aci";"20";"CT-UDI-MG";"Norte";"Colisão Traseira";1;0;0;1;0;1;0;0;0;0;1;1;0;0;0
"09/09/2021";"03:30:00";"26";"ac03 - Aci";"261";"BR-050/GO";"Norte";"Choque - Elemento de Drenagem";1;0;1;0;0;0;0;0;0;0;1;0;0;0;0
"09/09/2021";"14:19:00";"157";"ac02 - Aci";"82";"BR-050/MG";"Sul";"Colisão Traseira";0;0;2;0;0;0;0;0;0;0;2;1;0;0;0
"10/09/2021";"03:22:00";"19";"ac03 - Aci";"178,3";"BR-050/GO";"Norte";"Tombamento";0;0;1;0;0;0;0;0;0;0;1;0;0;0;0
"10/09/2021";"04:23:00";"20";"ac03 - Aci";"232,4";"BR-050/GO";"Sul";"Choque - Defensa metálica";0;0;0;0;0;0;0;0;0;1;1;0;0;0;0
"10/09/2021";"07:18:00";"44";"ac02 - Aci";"179,9";"BR-050/MG";"Sul";"Tombamento";0;0;1;0;0;0;0;0;0;0;0;1;0;0;0
"10/09/2021";"07:23:00";"49";"ac03 - Aci";"77,3";"BR-050/MG";"Norte";"Colisão Traseira";1;0;0;0;0;1;0;0;0;0;1;0;0;0;0
"10/09/2021";"10:17:00";"111";"ac02 - Aci";"166,2";"BR-050/GO";"Sul";"Choque - Meio fio";0;0;0;0;0;0;0;0;0;1;3;1;0;0;0
"10/09/2021";"12:32:00";"148";"ac02 - Aci";"9,8";"CT-UDI-MG";"Sul";"Choque - Sinalização";1;0;0;0;0;0;0;0;0;0;0;1;0;0;0
"10/09/2021";"18:20:00";"255";"ac02 - Aci";"280,5";"BR-050/GO";"Norte";"Queda de Moto";0;0;0;1;0;0;0;0;0;0;0;1;0;0;0
"11/09/2021";"13:47:00";"161";"ac03 - Aci";"280";"BR-050/GO";"Norte";"Colisão Transversal";0;0;0;0;0;0;0;0;0;2;3;0;0;0;0
"11/09/2021";"15:14:00";"193";"ac02 - Aci";"278,5";"BR-050/GO";"Norte";"Colisão Transversal";1;0;1;0;0;0;0;0;0;0;2;0;1;0;0
"12/09/2021";"06:00:00";"25";"ac01 - Aci";"298,44";"BR-050/GO";"Sul";"Choque - Defensa metálica";0;0;1;0;0;0;0;0;0;0;0;0;0;0;1
"12/09/2021";"09:25:00";"68";"ac02 - Aci";"91,7";"BR-050/MG";"Norte";"Choque - Arvore";1;0;0;0;0;0;0;0;0;0;0;2;0;0;0
"13/09/2021";"06:39:00";"49";"ac03 - Aci";"164,45";"BR-050/GO";"Sul";"Capotamento";1;0;0;0;0;0;0;0;0;0;1;0;0;0;0
"13/09/2021";"21:21:00";"312";"ac02 - Aci";"203,8";"BR-050/MG";"Norte";"Colisão Traseira";0;0;2;0;0;0;0;0;0;0;1;0;1;0;0
"14/09/2021";"08:07:00";"74";"ac03 - Aci";"77,3";"BR-050/MG";"Norte";"Colisão Traseira";1;0;0;0;0;0;0;0;0;1;4;0;0;0;0
"14/09/2021";"09:12:00";"95";"ac03 - Aci";"180";"BR-050/MG";"Norte";"Choque - Elemento de Drenagem";1;0;0;0;0;0;0;0;0;0;3;0;0;0;0
"14/09/2021";"18:15:00";"255";"ac03 - Aci";"185";"BR-050/MG";"Sul";"Colisão Traseira";2;0;0;0;0;0;0;0;0;0;2;0;0;0;0
"14/09/2021";"19:11:00";"269";"ac03 - Aci";"51,272";"BR-050/MG";"Norte";"Colisão Traseira";0;0;1;1;0;0;0;0;0;0;2;0;0;0;0
"15/09/2021";"05:08:00";"37";"ac03 - Aci";"27,24";"BR-050/MG";"Norte";"Tombamento";0;0;1;0;0;0;0;0;0;0;1;0;0;0;0
"15/09/2021";"05:17:00";"39";"ac03 - Aci";"243,9";"BR-050/GO";"Norte";"Choque - Elemento de Drenagem";0;0;0;0;0;0;0;0;0;1;2;0;0;0;0
"15/09/2021";"08:00:00";"75";"ac02 - Aci";"279";"BR-050/GO";"Sul";"Colisão Transversal";1;0;0;1;0;0;0;0;0;0;1;0;1;0;0