data;horario;n_da_ocorrencia;tipo_de_ocorrencia;km;trecho;sentido;tipo_de_acidente;automovel;bicicleta;caminhao;moto;onibus;outros;tracao_animal;transporte_de_cargas_especiais;trator_maquinas;utilitarios;ilesos;levemente_feridos;moderadamente_feridos;gravemente_feridos;mortos
"15/09/2021";"18:32:00";"339";"ac03 - Aci";"28,75";"BR-050/MG";"Sul";"Choque - Defensa metálica";0;0;1;0;0;0;0;0;0;0;1;0;0;0;0
"16/09/2021";"07:03:00";"65";"ac02 - Aci";"279";"BR-050/GO";"Norte";"Colisão Traseira";1;0;0;1;0;0;0;0;0;0;1;1;0;0;0
"17/09/2021";"09:48:00";"162";"ac02 - Aci";"84";"BR-050/MG";"Norte";"Atropelamento - Funcionário";0;0;0;0;0;0;0;0;1;0;1;1;0;0;0
"17/09/2021";"10:41:00";"175";"ac03 - Aci";"31";"BR-050/MG";"Sul";"Choque - Elemento de Drenagem";0;0;1;0;0;0;0;0;0;0;1;0;0;0;0
"17/09/2021";"17:28:00";"309";"ac03 - Aci";"28,1";"BR-050/MG";"Sul";"Colisão Traseira";0;0;1;0;0;0;0;0;0;1;2;0;0;0;0
"17/09/2021";"19:46:00";"344";"ac03 - Aci";"144,5";"BR-050/GO";"Norte";"Choque - Outros";1;0;0;0;0;0;0;0;0;0;1;0;0;0;0
"18/09/2021";"01:29:00";"10";"ac03 - Aci";"176,9";"BR-050/MG";"Sul";"Tombamento";0;0;0;0;0;0;0;0;0;1;1;0;0;0;0
"18/09/2021";"03:47:00";"30";"ac03 - Aci";"179,8";"BR-050/GO";"Norte";"Choque - Sinalização";0;0;1;0;0;0;0;0;0;0;1;0;0;0;0
"18/09/2021";"08:08:00";"76";"ac03 - Aci";"274,8";"BR-050/GO";"Sul";"Choque - Talude ou Barranco";0;0;1;0;0;0;0;0;0;0;1;0;0;0;0
"18/09/2021";"13:56:00";"220";"ac02 - Aci";"170,99";"BR-050/MG";"Sul";"Queda de Moto";0;0;0;1;0;0;0;0;0;0;0;0;1;0;0
"18/09/2021";"17:13:00";"284";"ac03 - Aci";"307,4";"BR-050/GO";"Norte";"Colisão lateral no mesmo sentido";0;0;0;0;0;1;0;0;0;1;2;0;0;0;0
"18/09/2021";"21:12:00";"351";"ac02 - Aci";"29,8";"BR-050/MG";"Norte";"Choque - Defensa metálica";0;0;0;1;0;0;0;0;0;0;0;0;1;0;0
"18/09/2021";"21:37:00";"356";"ac02 - Aci";"174,9";"BR-050/MG";"Norte";"Colisão Traseira";0;0;1;1;0;0;0;0;0;0;1;0;0;1;0
"19/09/2021";"01:59:00";"19";"ac02 - Aci";"130,07";"BR-050/GO";"Sul";"Capotamento";0;0;1;0;0;0;0;0;0;0;0;1;0;0;0
"19/09/2021";"04:27:00";"28";"ac03 - Aci";"101,32";"BR-050/GO";"Sul";"Capotamento";1;0;0;0;0;0;0;0;0;0;5;0;0;0;0
"19/09/2021";"14:00:00";"180";"ac03 - Aci";"305";"BR-050/GO";"Sul";"Choque - Defensa metálica";0;0;1;0;0;0;0;0;0;0;1;0;0;0;0
"19/09/2021";"16:12:00";"233";"ac03 - Aci";"21,8";"BR-050/MG";"Sul";"Choque - Elemento de Drenagem";1;0;0;0;0;1;0;0;0;0;3;0;0;0;0
"19/09/2021";"18:02:00";"271";"ac02 - Aci";"98,8";"BR-050/GO";"Sul";"Colisão Frontal";1;0;0;1;0;0;0;0;0;0;1;0;1;0;0
"19/09/2021";"19:40:00";"292";"ac02 - Aci";"175";"BR-050/MG";"Sul";"Tombamento";1;0;0;0;0;0;0;0;0;0;0;2;0;0;0
"19/09/2021";"21:32:00";"322";"ac02 - Aci";"77,8";"BR-050/MG";"Sul";"Queda de Moto";0;0;0;1;0;0;0;0;0;0;0;0;1;0;0
"19/09/2021";"23:52:00";"350";"ac01 - Aci";"126,9";"BR-050/MG";"Sul";"Capotamento";0;0;1;0;0;0;0;0;0;0;0;0;0;1;1
"20/09/2021";"00:37:00";"5";"ac03 - Aci";"179";"BR-050/GO";"Sul";"Choque - Sinalização";0;0;0;0;0;0;0;0;0;1;1;0;0;0;0
"20/09/2021";"00:42:00";"7";"ac02 - Aci";"269,9";"BR-050/GO";"Norte";"Colisão Traseira";0;0;1;0;0;0;0;0;0;0;0;0;1;0;0
"20/09/2021";"02:44:00";"24";"ac03 - Aci";"85";"BR-050/MG";"Sul";"Atropelamento de Animal";0;0;1;0;0;0;0;0;0;0;1;0;0;0;0
"20/09/2021";"11:36:00";"180";"ac03 - Aci";"120";"BR-050/GO";"Sul";"Tombamento";0;0;1;0;0;0;0;0;0;1;3;0;0;0;0
"21/09/2021";"01:18:00";"10";"ac02 - Aci";"20,3";"BR-050/MG";"Sul";"Choque - Meio fio";0;0;0;0;1;0;0;0;0;0;24;1;2;0;0
"21/09/2021";"02:33:00";"17";"ac02 - Aci";"58,7";"BR-050/MG";"Norte";"Colisão Traseira";1;0;1;0;0;0;0;0;0;0;1;4;0;0;0
"22/09/2021";"02:22:00";"25";"ac03 - Aci";"255,16";"BR-050/GO";"Sul";"Capotamento";0;0;0;0;0;0;0;0;0;1;1;0;0;0;0
"22/09/2021";"03:44:00";"40";"ac03 - Aci";"62,8";"BR-050/MG";"Norte";"Choque - Elemento de Drenagem";1;0;0;0;0;0;0;0;0;0;1;0;0;0;0
"22/09/2021";"05:57:00";"51";"ac02 - Aci";"176";"BR-050/MG";"Sul";"Queda de Moto";0;0;0;1;0;0;0;0;0;0;0;1;0;0;0
"22/09/2021";"10:50:00";"157";"ac02 - Aci";"22,625";"BR-050/MG";"Sul";"Queda de Ciclista";0;1;0;0;0;0;0;0;0;0;0;0;0;1;0
"22/09/2021";"14:42:00";"242";"ac02 - Aci";"280,8";"BR-050/GO";"Norte";"Colisão Transversal";0;0;0;2;0;0;0;0;0;0;0;2;0;0;0
"22/09/2021";"19:14:00";"344";"ac03 - Aci";"61,3";"BR-050/MG";"Sul";"Choque - Elemento de Drenagem";1;0;0;0;0;0;0;0;0;0;1;0;0;0;0
"22/09/2021";"20:33:00";"365";"ac02 - Aci";"53,5";"BR-050/MG";"Sul";"Choque - Elemento de Drenagem";1;0;0;0;0;0;0;0;0;0;0;1;0;0;0
"23/09/2021";"02:03:00";"29";"ac03 - Aci";"178";"BR-050/MG";"Norte";"Choque - Talude ou Barranco";0;0;0;0;0;0;0;0;0;1;1;0;0;0;0
"23/09/2021";"04:46:00";"42";"ac02 - Aci";"16,4";"CT-UDI-MG";"Sul";"Atropelamento de Animal";0;0;0;1;0;0;0;0;0;0;0;0;1;0;0
"24/09/2021";"01:57:00";"24";"ac03 - Aci";"101";"BR-050/GO";"Sul";"Atropelamento de Animal";0;0;0;0;0;0;0;0;0;1;1;0;0;0;0
"24/09/2021";"06:36:00";"47";"ac03 - Aci";"83,55";"BR-050/MG";"Sul";"Choque - Elemento de Drenagem";1;0;0;0;0;0;0;0;0;0;2;0;0;0;0
"24/09/2021";"13:05:00";"219";"ac02 - Aci";"160,9";"BR-050/MG";"Norte";"Choque - Defensa metálica";0;0;0;0;0;0;0;0;0;1;0;1;0;0;0
"24/09/2021";"14:40:00";"246";"ac03 - Aci";"306";"BR-050/GO";"Norte";"Choque - Defensa metálica";1;0;0;0;0;0;0;0;0;0;2;0;0;0;0
"24/09/2021";"18:27:00";"329";"ac02 - Aci";"58,95";"BR-050/MG";"Sul";"Choque - Meio fio";1;0;0;0;0;0;0;0;0;0;2;2;0;0;0
"24/09/2021";"22:07:00";"388";"ac02 - Aci";"44,1";"BR-050/MG";"Sul";"Choque - Defensa metálica";1;0;1;0;0;0;0;0;0;0;1;3;0;0;0
"24/09/2021";"23:56:00";"401";"ac03 - Aci";"8";"CT-UDI-MG";"Sul";"Choque - Meio fio";0;0;0;0;0;0;0;0;0;1;1;0;0;0;0
"25/09/2021";"07:24:00";"42";"ac03 - Aci";"96";"BR-050/GO";"Norte";"Colisão lateral no mesmo sentido";0;1;0;0;1;0;0;0;0;0;2;0;0;0;0
"25/09/2021";"08:45:00";"76";"ac03 - Aci";"106,1";"BR-050/GO";"Norte";"Capotamento";1;0;0;0;0;0;0;0;0;0;1;0;0;0;0
"25/09/2021";"14:22:00";"222";"ac03 - Aci";"203,7";"BR-050/MG";"Sul";"Colisão lateral no mesmo sentido";0;0;1;0;0;0;0;0;0;1;3;0;0;0;0
"25/09/2021";"15:40:00";"244";"ac03 - Aci";"293,9";"BR-050/GO";"Norte";"Choque - Elemento de Drenagem";1;0;0;0;0;0;0;0;0;0;2;0;0;0;0
"26/09/2021";"01:33:00";"11";"ac03 - Aci";"147";"BR-050/MG";"Norte";"Tombamento";0;0;1;0;0;0;0;0;0;0;1;0;0;0;0
"26/09/2021";"08:17:00";"66";"ac03 - Aci";"126,5";"BR-050/MG";"Sul";"Choque - Meio fio";0;0;0;0;0;0;0;0;0;1;2;0;0;0;0
"26/09/2021";"12:12:00";"147";"ac02 - Aci";"174,7";"BR-050/MG";"Sul";"Queda de Ciclista";0;1;0;0;0;0;0;0;0;0;0;0;1;0;0
"26/09/2021";"14:15:00";"179";"ac03 - Aci";"105,15";"BR-050/GO";"Norte";"Capotamento";1;0;0;0;0;0;0;0;0;0;4;0;0;0;0
"26/09/2021";"15:10:00";"197";"ac03 - Aci";"200,53";"BR-050/MG";"Sul";"Choque - New jersey";1;0;0;0;0;0;0;0;0;0;1;0;0;0;0
"26/09/2021";"17:15:00";"237";"ac02 - Aci";"198";"BR-050/MG";"Norte";"Choque na praça – submarino";1;0;0;0;0;0;0;0;0;0;4;1;0;0;0
"26/09/2021";"17:42:00";"244";"ac03 - Aci";"198";"BR-050/MG";"Sul";"Choque na praça – submarino";0;0;1;0;0;0;0;0;0;0;1;0;0;0;0
"26/09/2021";"18:16:00";"255";"ac03 - Aci";"207";"BR-050/MG";"Norte";"Queda de veículo em ribanceira, ponte ou viaduto";1;0;0;0;0;0;0;0;0;0;0;0;0;0;0
"26/09/2021";"18:26:00";"261";"ac03 - Aci";"198";"BR-050/MG";"Sul";"Colisão Traseira";1;0;0;0;0;1;0;0;0;0;1;0;0;0;0
"26/09/2021";"18:34:00";"263";"ac03 - Aci";"32,95";"BR-050/MG";"Sul";"Choque - Elemento de Drenagem";1;0;0;0;0;0;0;0;0;0;1;0;0;0;0
"26/09/2021";"18:37:00";"264";"ac03 - Aci";"283";"BR-050/GO";"Norte";"Colisão lateral no sentido contrário";1;1;0;0;0;0;0;0;0;0;3;0;0;0;0
"26/09/2021";"20:21:00";"307";"ac03 - Aci";"149";"BR-050/MG";"Norte";"Choque - Elemento de Drenagem";1;0;0;0;0;0;0;0;0;0;2;0;0;0;0
"27/09/2021";"08:16:00";"56";"ac02 - Aci";"131";"BR-050/MG";"Sul";"Choque - Defensa metálica";1;0;0;0;0;0;0;0;0;0;0;0;1;0;0
"27/09/2021";"10:41:00";"122";"ac03 - Aci";"150";"BR-050/MG";"Sul";"Objeto lançado contra veículo";1;0;0;0;0;0;0;0;0;0;4;0;0;0;0
"27/09/2021";"15:45:00";"229";"ac03 - Aci";"201,5";"BR-050/MG";"Sul";"Colisão Traseira";1;0;0;0;0;0;0;0;0;1;2;0;0;0;0
"27/09/2021";"15:49:00";"231";"ac03 - Aci";"173";"BR-050/MG";"Norte";"Queda de Moto";0;0;0;1;0;0;0;0;0;0;1;0;0;0;0
"27/09/2021";"20:17:00";"318";"ac02 - Aci";"18,8";"CT-UDI-MG";"Sul";"Queda de Moto";0;0;0;1;0;0;0;0;0;0;0;2;0;0;0
"28/09/2021";"12:45:00";"174";"ac03 - Aci";"61,05";"BR-050/MG";"Sul";"Colisão Traseira";1;0;0;0;0;1;0;0;0;0;3;0;0;0;0
"28/09/2021";"14:05:00";"203";"ac03 - Aci";"126";"BR-050/MG";"Sul";"Colisão Traseira";1;0;0;0;0;0;0;0;0;1;3;0;0;0;0
"28/09/2021";"14:34:00";"211";"ac02 - Aci";"180";"BR-050/MG";"Sul";"Colisão lateral no mesmo sentido";0;0;0;1;0;0;0;0;0;1;2;2;0;0;0
"29/09/2021";"00:32:00";"3";"ac02 - Aci";"205";"BR-050/MG";"Norte";"Colisão Traseira";1;0;1;0;0;0;0;0;0;0;1;1;0;0;0
"29/09/2021";"06:38:00";"41";"ac03 - Aci";"305,7";"BR-050/GO";"Sul";"Choque - New jersey";1;0;0;0;0;0;0;0;0;0;1;0;0;0;0
"29/09/2021";"07:44:00";"75";"ac02 - Aci";"183,6";"BR-050/MG";"Sul";"Queda de Moto";0;0;0;1;0;0;0;0;0;0;0;1;0;0;0
"29/09/2021";"09:58:00";"143";"ac02 - Aci";"179,016";"BR-050/GO";"Sul";"Choque - Elemento de Drenagem";0;0;1;0;0;0;0;0;0;1;1;1;0;0;0
"30/09/2021";"01:34:00";"14";"ac03 - Aci";"167,3";"BR-050/MG";"Sul";"Tombamento";0;0;1;0;0;0;0;0;0;0;1;0;0;0;0
"30/09/2021";"12:53:00";"189";"ac03 - Aci";"51";"BR-050/MG";"Norte";"Colisão Transversal";1;0;1;0;0;0;0;0;0;0;5;0;0;0;0
"30/09/2021";"15:47:00";"255";"ac02 - Aci";"37,96";"BR-050/MG";"Norte";"Choque - Poste";0;0;0;0;0;0;0;0;0;1;0;0;1;0;0
"30/09/2021";"17:44:00";"289";"ac03 - Aci";"179";"BR-050/MG";"Sul";"Colisão Traseira";2;0;0;0;0;0;0;0;0;0;2;0;0;0;0
"01/10/2021";"12:43:00";"174";"ac03 - Aci";"105,1";"BR-050/MG";"Norte";"Choque - Cancela de Pedagio";0;0;1;0;0;0;0;0;0;0;1;0;0;0;0
"01/10/2021";"13:29:00";"189";"ac03 - Aci";"118,15";"BR-050/GO";"Sul";"Tombamento";0;0;0;0;0;1;0;0;0;1;2;0;0;0;0
"01/10/2021";"16:44:00";"266";"ac03 - Aci";"163,5";"BR-050/MG";"Sul";"Queda de veículo em ribanceira, ponte ou viaduto";1;0;0;0;0;0;0;0;0;0;1;0;0;0;0
"01/10/2021";"17:15:00";"285";"ac02 - Aci";"179";"BR-050/MG";"Norte";"Queda de Moto";0;0;0;1;0;0;0;0;0;0;0;1;0;0;0
"01/10/2021";"21:02:00";"345";"ac03 - Aci";"313";"BR-050/GO";"Sul";"Colisão Traseira";1;0;0;0;0;1;0;0;0;0;3;0;0;0;0
"02/10/2021";"13:53:00";"195";"ac03 - Aci";"52";"BR-050/MG";"Norte";"Colisão Transversal";1;0;1;0;0;0;0;0;0;0;4;0;0;0;0
"02/10/2021";"18:46:00";"293";"ac03 - Aci";"252,96";"BR-050/GO";"Sul";"Choque - Sinalização";1;0;0;0;0;0;0;0;0;0;2;0;0;0;0
"02/10/2021";"20:31:00";"324";"ac02 - Aci";"172,2";"BR-050/MG";"Sul";"Choque - New jersey";1;0;0;0;0;0;0;0;0;0;0;0;1;0;0
"02/10/2021";"21:25:00";"342";"ac03 - Aci";"165,3";"BR-050/MG";"Sul";"Choque - Objeto sobre a pista";1;0;0;0;0;0;0;0;0;0;4;0;0;0;0
"02/10/2021";"21:31:00";"344";"ac03 - Aci";"165,5";"BR-050/MG";"Sul";"Choque - Veiculo parado na pista";1;0;0;0;0;0;0;0;0;0;2;0;0;0;0
"02/10/2021";"21:39:00";"347";"ac03 - Aci";"14";"CT-UDI-MG";"Sul";"Colisão Traseira";1;0;0;0;0;1;0;0;0;0;4;0;0;0;0
"03/10/2021";"10:39:00";"103";"ac03 - Aci";"27,88";"BR-050/MG";"Sul";"Queda de Moto";0;0;0;1;0;0;0;0;0;0;0;0;0;0;0
"03/10/2021";"11:22:00";"120";"ac03 - Aci";"97,1";"BR-050/MG";"Norte";"Queda de Carro";1;0;0;0;0;1;0;0;0;0;1;0;0;0;0
"03/10/2021";"11:27:00";"122";"ac03 - Aci";"206";"BR-050/MG";"Norte";"Choque - Meio fio";0;0;0;0;0;0;0;0;0;1;1;0;0;0;0
"03/10/2021";"14:31:00";"178";"ac02 - Aci";"17,8";"CT-UDI-MG";"Sul";"Choque - New jersey";1;0;0;0;0;0;0;0;0;0;2;1;0;0;0
"03/10/2021";"17:49:00";"263";"ac02 - Aci";"196,5";"BR-050/MG";"Norte";"Colisão Traseira";1;0;1;0;0;0;0;0;0;0;1;1;0;0;0
"03/10/2021";"18:11:00";"268";"ac02 - Aci";"205";"BR-050/MG";"Norte";"Colisão lateral no mesmo sentido";1;0;1;0;0;0;0;0;0;0;1;0;1;0;0
"03/10/2021";"18:46:00";"278";"ac03 - Aci";"198";"BR-050/MG";"Norte";"Colisão Traseira";2;0;0;0;0;0;0;0;0;0;0;0;0;0;0
"04/10/2021";"10:39:00";"138";"ac03 - Aci";"279,1";"BR-050/GO";"Sul";"Colisão Traseira";1;0;0;0;0;0;0;0;0;1;5;0;0;0;0
"04/10/2021";"13:06:00";"195";"ac02 - Aci";"41,16";"BR-050/MG";"Sul";"Colisão Traseira";1;0;0;1;0;0;0;0;0;0;2;2;0;0;0
"04/10/2021";"14:37:00";"218";"ac03 - Aci";"133,25";"BR-050/MG";"Sul";"Choque - Elemento de Drenagem";1;0;0;0;0;0;0;0;0;0;1;0;0;0;0
"04/10/2021";"16:18:00";"257";"ac03 - Aci";"204,35";"BR-050/MG";"Sul";"Choque - New jersey";0;0;1;0;0;0;0;0;0;0;1;0;0;0;0
"04/10/2021";"16:27:00";"260";"ac03 - Aci";"204,3";"BR-050/MG";"Norte";"Choque - Objeto sobre a pista";0;0;0;0;0;0;0;0;0;1;2;0;0;0;0
"04/10/2021";"16:30:00";"264";"ac03 - Aci";"204,8";"BR-050/MG";"Sul";"Choque - New jersey";0;0;0;0;0;0;0;0;0;1;1;0;0;0;0
"04/10/2021";"20:09:00";"311";"ac03 - Aci";"77,7";"BR-050/MG";"Sul";"Queda de veículo em ribanceira, ponte ou viaduto";0;0;1;0;0;0;0;0;0;0;1;0;0;0;0
"05/10/2021";"06:17:00";"30";"ac02 - Aci";"176";"BR-050/MG";"Norte";"Capotamento";0;0;1;0;0;0;0;0;0;0;0;1;0;0;0
"05/10/2021";"15:17:00";"231";"ac03 - Aci";"121,2";"BR-050/MG";"Norte";"Colisão lateral no mesmo sentido";0;0;1;0;0;0;0;0;0;1;2;0;0;0;0
"06/10/2021";"05:49:00";"44";"ac03 - Aci";"265";"BR-050/GO";"Norte";"Choque - Defensa metálica";0;0;0;0;0;0;0;0;0;1;1;0;0;0;0
"06/10/2021";"11:29:00";"174";"ac03 - Aci";"104,9";"BR-050/MG";"Norte";"Colisão Traseira";0;0;2;0;0;0;0;0;0;0;2;0;0;0;0
"06/10/2021";"13:10:00";"202";"ac03 - Aci";"18,5";"CT-UDI-MG";"Sul";"Choque - Meio fio";1;0;0;0;0;0;0;0;0;0;0;0;0;0;0
"06/10/2021";"17:34:00";"305";"ac03 - Aci";"203,03";"BR-050/MG";"Sul";"Choque - New jersey";0;0;1;0;0;0;0;0;0;0;1;0;0;0;0
"07/10/2021";"09:42:00";"124";"ac03 - Aci";"125,7";"BR-050/MG";"Norte";"Tombamento";0;0;1;0;0;0;0;0;0;0;1;0;0;0;0
"07/10/2021";"18:47:00";"315";"ac03 - Aci";"101,5";"BR-050/GO";"Sul";"Atropelamento de Animal";1;0;0;0;0;0;0;0;0;0;1;0;0;0;0
"08/10/2021";"07:01:00";"55";"ac02 - Aci";"44,7";"BR-050/MG";"Sul";"Choque - Talude ou Barranco";0;0;0;0;0;0;0;0;0;1;0;0;1;0;0
"08/10/2021";"09:25:00";"103";"ac03 - Aci";"29,586";"BR-050/MG";"Norte";"Choque - Elemento de Drenagem";1;0;0;0;0;0;0;0;0;0;4;0;0;0;0
"09/10/2021";"02:48:00";"29";"ac02 - Aci";"61,36";"BR-050/MG";"Norte";"Choque - Elemento de Drenagem";0;0;0;0;0;0;0;0;0;1;0;1;0;0;0
"09/10/2021";"05:16:00";"45";"ac03 - Aci";"174";"BR-050/MG";"Sul";"Colisão Traseira";2;0;0;0;0;0;0;0;0;0;5;0;0;0;0
"09/10/2021";"06:53:00";"62";"ac03 - Aci";"27,46";"BR-050/MG";"Norte";"Colisão lateral no mesmo sentido";0;0;2;0;0;0;0;0;0;0;3;0;0;0;0
"09/10/2021";"09:32:00";"130";"ac03 - Aci";"179";"BR-050/MG";"Norte";"Choque - Meio fio";1;0;0;0;0;0;0;0;0;0;1;0;0;0;0
"09/10/2021";"15:36:00";"258";"ac03 - Aci";"59,9";"BR-050/MG";"Sul";"Colisão Traseira";1;0;0;0;0;0;0;0;0;1;3;0;0;0;0
"10/10/2021";"00:19:00";"2";"ac02 - Aci";"133";"BR-050/GO";"Norte";"Queda de Moto";0;0;0;1;0;0;0;0;0;0;0;0;1;0;0
"10/10/2021";"01:40:00";"10";"ac03 - Aci";"103,3";"BR-050/GO";"Norte";"Colisão Traseira";1;0;0;0;0;0;0;0;0;1;2;0;0;0;0
"10/10/2021";"02:35:00";"21";"ac02 - Aci";"35,9";"BR-050/MG";"Sul";"Atropelamento - Pedestre";0;0;0;0;0;0;0;0;0;0;0;0;1;0;0
"10/10/2021";"03:56:00";"28";"ac02 - Aci";"22,8";"BR-050/MG";"Norte";"Choque - Elemento de Drenagem";1;0;0;0;0;0;0;0;0;0;0;1;0;0;0
"10/10/2021";"04:48:00";"38";"ac03 - Aci";"272,3";"BR-050/GO";"Norte";"Choque - Outros";0;0;0;0;0;0;0;0;0;1;1;0;0;0;0
"10/10/2021";"05:58:00";"50";"ac03 - Aci";"175";"BR-050/MG";"Sul";"Choque - Meio fio";1;0;0;0;0;0;0;0;0;0;2;0;0;0;0
"10/10/2021";"07:16:00";"66";"ac03 - Aci";"125,7";"BR-050/MG";"Norte";"Choque - Defensa metálica";0;0;0;0;0;0;0;0;0;1;1;0;0;0;0
"10/10/2021";"07:57:00";"78";"ac02 - Aci";"119,5";"BR-050/MG";"Sul";"Choque - Sinalização";0;0;0;0;0;0;0;0;0;1;0;1;0;0;0
"10/10/2021";"11:05:00";"131";"ac02 - Aci";"111,46";"BR-050/MG";"Norte";"Capotamento";1;0;0;0;0;0;0;0;0;0;0;0;1;0;0
"10/10/2021";"14:47:00";"176";"ac03 - Aci";"205,5";"BR-050/MG";"Norte";"Choque - New jersey";0;0;0;0;0;0;0;0;0;1;1;0;0;0;0
"10/10/2021";"16:00:00";"198";"ac03 - Aci";"29,8";"BR-050/MG";"Norte";"Choque - Defensa metálica";1;0;0;0;0;0;0;0;0;0;5;0;0;0;0
"10/10/2021";"16:25:00";"207";"ac03 - Aci";"47,7";"BR-050/MG";"Sul";"Choque - New jersey";1;0;0;0;0;0;0;0;0;0;2;0;0;0;0
"10/10/2021";"21:09:00";"296";"ac03 - Aci";"179,1";"BR-050/MG";"Sul";"Colisão lateral no mesmo sentido";0;0;2;0;0;0;0;0;0;0;2;0;0;0;0
"11/10/2021";"01:16:00";"17";"ac03 - Aci";"33,85";"BR-050/MG";"Norte";"Choque - Elemento de Drenagem";1;0;0;0;0;0;0;0;0;0;2;0;0;0;0
"11/10/2021";"05:27:00";"25";"ac03 - Aci";"31,3";"BR-050/MG";"Norte";"Capotamento";1;0;0;0;0;0;0;0;0;0;2;0;0;0;0
"11/10/2021";"09:02:00";"83";"ac03 - Aci";"177,65";"BR-050/MG";"Sul";"Colisão Traseira";2;0;0;0;0;0;0;0;0;0;2;0;0;0;0
"11/10/2021";"16:58:00";"251";"ac02 - Aci";"196,8";"BR-050/GO";"Sul";"Choque - Sinalização";1;0;0;0;0;0;0;0;0;0;0;1;0;0;0
"11/10/2021";"18:12:00";"263";"ac03 - Aci";"51,272";"BR-050/MG";"Sul";"Colisão Traseira";2;0;0;0;0;0;0;0;0;0;8;0;0;0;0
"11/10/2021";"23:28:00";"330";"ac02 - Aci";"17,9";"CT-UDI-MG";"Norte";"Colisão Traseira";0;1;0;1;0;0;0;0;0;0;2;0;0;1;0
"12/10/2021";"04:41:00";"21";"ac02 - Aci";"198";"BR-050/GO";"Sul";"Capotamento";1;0;0;0;0;0;0;0;0;0;0;2;0;0;0
"12/10/2021";"07:02:00";"41";"ac03 - Aci";"105";"BR-050/MG";"Sul";"Choque - Sinalização";0;0;1;0;0;0;0;0;0;0;1;0;0;0;0
"12/10/2021";"07:17:00";"47";"ac03 - Aci";"119,06";"BR-050/GO";"Norte";"Queda de veículo em ribanceira, ponte ou viaduto";1;0;0;0;0;0;0;0;0;0;0;0;0;0;0
"12/10/2021";"08:43:00";"71";"ac03 - Aci";"157,4";"BR-050/MG";"Sul";"Choque - Talude ou Barranco";0;0;0;0;0;1;0;0;0;0;0;0;0;0;0
"12/10/2021";"09:17:00";"83";"ac02 - Aci";"53,34";"BR-050/MG";"Norte";"Choque - Elemento de Drenagem";0;0;0;1;0;0;0;0;0;0;0;1;0;0;0
"12/10/2021";"14:26:00";"167";"ac03 - Aci";"5,8";"CT-UDI-MG";"Sul";"Choque - Elemento de Drenagem";1;0;0;0;0;0;0;0;0;0;4;0;0;0;0
"12/10/2021";"18:31:00";"245";"ac02 - Aci";"16,5";"CT-UDI-MG";"Sul";"Choque - New jersey";1;0;0;0;0;0;0;0;0;0;2;1;0;0;0
"13/10/2021";"13:02:00";"178";"ac03 - Aci";"175,15";"BR-050/MG";"Sul";"Choque - New jersey";1;0;0;0;0;0;0;0;0;0;1;0;0;0;0
"14/10/2021";"06:15:00";"27";"ac03 - Aci";"162";"BR-050/MG";"Norte";"Tombamento";0;0;1;0;0;0;0;0;0;0;1;0;0;0;0
"14/10/2021";"09:35:00";"101";"ac03 - Aci";"58,1";"BR-050/MG";"Norte";"Choque - Meio fio";0;0;0;0;0;0;0;0;0;1;3;0;0;0;0
"14/10/2021";"12:58:00";"156";"ac03 - Aci";"265";"BR-050/GO";"Norte";"Choque - Outros";1;0;0;0;0;0;0;0;0;0;1;0;0;0;0
"14/10/2021";"14:15:00";"170";"ac02 - Aci";"275,92";"BR-050/GO";"Sul";"Choque - Defensa metálica";0;0;0;1;0;0;0;0;0;0;0;1;0;0;0
"14/10/2021";"14:26:00";"172";"ac03 - Aci";"219,1";"BR-050/GO";"Norte";"Choque - Talude ou Barranco";0;0;1;0;0;0;0;0;0;0;1;0;0;0;0
"14/10/2021";"17:31:00";"219";"ac03 - Aci";"47,285";"BR-050/MG";"Sul";"Choque - New jersey";0;0;1;0;0;0;0;0;0;0;1;0;0;0;0
"15/10/2021";"09:48:00";"113";"ac03 - Aci";"119,8";"BR-050/MG";"Sul";"Atropelamento de Animal";0;0;0;0;0;0;0;0;0;1;1;0;0;0;0
"15/10/2021";"13:17:00";"198";"ac03 - Aci";"196";"BR-050/MG";"Sul";"Colisão Transversal";0;0;1;0;0;0;0;0;0;1;3;0;0;0;0
"15/10/2021";"14:22:00";"216";"ac03 - Aci";"27,82";"BR-050/MG";"Sul";"Choque - Meio fio";1;0;0;0;0;0;0;0;0;0;1;0;0;0;0
"15/10/2021";"19:31:00";"312";"ac02 - Aci";"207,001";"BR-050/MG";"Norte";"Colisão Traseira";1;0;0;0;0;0;0;0;0;1;0;4;1;0;0
"16/10/2021";"01:39:00";"12";"ac03 - Aci";"278,7";"BR-050/GO";"Sul";"Colisão Traseira";2;0;0;0;0;0;0;0;0;0;4;0;0;0;0
"16/10/2021";"06:06:00";"28";"ac03 - Aci";"272,1";"BR-050/GO";"Sul";"Choque - Meio fio";1;0;0;0;0;0;0;0;0;0;2;0;0;0;0
"16/10/2021";"07:37:00";"58";"ac02 - Aci";"2,41";"BR-050/MG";"Norte";"Colisão lateral no mesmo sentido";0;0;2;0;0;0;0;0;0;0;2;1;0;0;0
"16/10/2021";"10:51:00";"126";"ac02 - Aci";"78,95";"BR-050/MG";"Sul";"Choque - Defensa metálica";1;0;0;0;0;0;0;0;0;0;0;1;0;0;0
"16/10/2021";"13:14:00";"163";"ac02 - Aci";"16,92";"BR-050/MG";"Norte";"Tombamento";0;0;1;0;0;0;0;0;0;0;0;0;1;0;0
"16/10/2021";"15:56:00";"218";"ac02 - Aci";"180,95";"BR-050/MG";"Norte";"Engavetamento";2;0;0;0;0;0;0;0;0;1;10;0;2;0;0
"16/10/2021";"17:01:00";"237";"ac02 - Aci";"52,8";"BR-050/MG";"Sul";"Capotamento";1;0;0;0;0;0;0;0;0;0;2;1;0;0;0
"17/10/2021";"01:07:00";"1";"ac02 - Aci";"179";"BR-050/MG";"Sul";"Queda de Moto";0;0;0;1;0;0;0;0;0;0;0;0;1;0;0