data;horario;n_da_ocorrencia;tipo_de_ocorrencia;km;trecho;sentido;tipo_de_acidente;automovel;bicicleta;caminhao;moto;onibus;outros;tracao_animal;transporte_de_cargas_especiais;trator_maquinas;utilitarios;ilesos;levemente_feridos;moderadamente_feridos;gravemente_feridos;mortos
"01/04/2022";"16:33:00";"255";"ac03 - Aci";"176";"BR-050/MG";"Sul";"Colisão Traseira";1;0;0;0;0;0;0;0;0;1;5;0;0;0;0
"02/04/2022";"05:10:00";"27";"ac02 - Aci";"18,2";"CT-UDI-MG";"Norte";"Colisão lateral no sentido contrário";0;0;0;1;0;0;0;0;0;1;1;0;0;2;0
"02/04/2022";"19:26:00";"293";"ac02 - Aci";"196";"BR-050/MG";"Norte";"Queda de Moto";0;0;0;1;0;0;0;0;0;0;0;1;0;0;0
"02/04/2022";"21:12:00";"322";"ac02 - Aci";"274";"BR-050/GO";"Norte";"Queda de Moto";0;0;0;1;0;0;0;0;0;0;0;1;0;0;0
"03/04/2022";"08:20:00";"42";"ac02 - Aci";"77,5";"BR-050/MG";"Norte";"Choque - Meio fio";0;0;0;1;0;0;0;0;0;0;0;0;1;0;0
"03/04/2022";"12:47:00";"137";"ac02 - Aci";"233,1";"BR-050/GO";"Norte";"Atropelamento - Andarilho";1;0;0;0;0;0;0;0;0;0;3;0;1;0;0
"03/04/2022";"14:19:00";"160";"ac03 - Aci";"13";"CT-UDI-MG";"Norte";"Choque - Meio fio";1;0;0;0;0;0;0;0;0;0;3;0;0;0;0
"03/04/2022";"15:10:00";"175";"ac02 - Aci";"78";"BR-050/MG";"Norte";"Choque - Meio fio";1;0;0;0;0;0;0;0;0;0;0;0;1;0;0
"03/04/2022";"15:36:00";"185";"ac02 - Aci";"203,5";"BR-050/MG";"Sul";"Colisão Traseira";1;0;0;0;0;1;0;0;0;0;2;1;0;0;0
"03/04/2022";"15:50:00";"194";"ac03 - Aci";"13,7";"BR-050/MG";"Norte";"Colisão Traseira";1;0;0;0;0;0;0;0;0;1;2;0;0;0;0
"03/04/2022";"18:05:00";"244";"ac02 - Aci";"163,6";"BR-050/MG";"Norte";"Colisão Transversal";1;0;0;1;0;0;0;0;0;0;3;0;1;0;0
"03/04/2022";"19:37:00";"267";"ac03 - Aci";"260";"BR-050/GO";"Norte";"Choque - Elemento de Drenagem";1;0;0;0;0;0;0;0;0;0;2;0;0;0;0
"03/04/2022";"19:40:00";"268";"ac02 - Aci";"278,6";"BR-050/GO";"Sul";"Colisão Transversal";1;0;0;0;0;0;0;0;0;1;1;3;0;0;0
"03/04/2022";"21:40:00";"295";"ac02 - Aci";"18";"CT-UDI-MG";"Norte";"Queda de Moto";0;0;0;1;0;0;0;0;0;0;0;2;0;0;0
"04/04/2022";"07:17:00";"43";"ac02 - Aci";"21";"CT-UDI-MG";"Norte";"Colisão Traseira";0;0;0;1;0;0;0;0;0;1;0;2;0;0;0
"04/04/2022";"08:52:00";"82";"ac02 - Aci";"48";"BR-050/MG";"Sul";"Choque - Elemento de Drenagem";0;0;1;0;0;0;0;0;0;0;0;1;0;0;0
"04/04/2022";"09:10:00";"92";"ac02 - Aci";"262,16";"BR-050/GO";"Sul";"Queda de Moto";0;0;0;1;0;0;0;0;0;0;0;0;0;1;0
"04/04/2022";"10:47:00";"123";"ac03 - Aci";"126,6";"BR-050/MG";"Norte";"Colisão Traseira";1;0;1;0;0;0;0;0;0;0;3;0;0;0;0
"04/04/2022";"15:23:00";"201";"ac03 - Aci";"179,98";"BR-050/MG";"Sul";"Choque - New jersey";1;0;0;0;0;0;0;0;0;0;1;0;0;0;0
"04/04/2022";"18:43:00";"264";"ac02 - Aci";"174";"BR-050/MG";"Sul";"Colisão Traseira";0;0;0;1;0;0;0;0;0;1;1;1;0;0;0
"04/04/2022";"23:51:00";"341";"ac02 - Aci";"136,7";"BR-050/MG";"Sul";"Choque - Talude ou Barranco";0;0;1;0;0;0;0;0;0;0;0;1;0;0;0
"05/04/2022";"07:51:00";"61";"ac03 - Aci";"171,8";"BR-050/MG";"Norte";"Colisão lateral no mesmo sentido";2;0;0;0;0;1;0;0;0;0;10;0;0;0;0
"05/04/2022";"08:28:00";"71";"ac03 - Aci";"169";"BR-050/MG";"Sul";"Colisão Traseira";0;0;0;0;0;1;0;0;0;1;1;0;0;0;0
"05/04/2022";"15:53:00";"194";"ac02 - Aci";"158,65";"BR-050/MG";"Norte";"Tombamento";0;0;1;0;0;0;0;0;0;0;0;1;0;0;0
"05/04/2022";"17:00:00";"213";"ac02 - Aci";"32";"BR-050/MG";"Sul";"Colisão Traseira";0;0;1;0;1;0;0;0;0;0;10;8;0;0;0
"05/04/2022";"23:44:00";"312";"ac03 - Aci";"206,85";"BR-050/GO";"Norte";"Choque - Elemento de Drenagem";0;0;0;0;0;0;0;0;0;1;1;0;0;0;0
"06/04/2022";"01:54:00";"18";"ac03 - Aci";"63,8";"BR-050/MG";"Norte";"Choque - Elemento de Drenagem";1;0;0;0;0;0;0;0;0;0;1;0;0;0;0
"06/04/2022";"09:25:00";"97";"ac03 - Aci";"18,7";"CT-UDI-MG";"Sul";"Choque - New jersey";0;0;0;0;0;0;0;0;0;1;1;0;0;0;0
"06/04/2022";"16:52:00";"257";"ac03 - Aci";"111,4";"BR-050/MG";"Sul";"Choque - Elemento de Drenagem";0;0;1;0;0;0;0;0;0;0;1;0;0;0;0
"06/04/2022";"17:58:00";"274";"ac02 - Aci";"2,7";"BR-050/MG";"Sul";"Colisão Traseira";0;0;0;0;0;1;0;0;0;1;0;2;0;0;0
"06/04/2022";"18:35:00";"287";"ac01 - Aci";"21,6";"CT-UDI-MG";"Norte";"Colisão Traseira";0;1;0;1;0;1;0;0;0;0;0;1;0;0;1
"07/04/2022";"03:00:00";"30";"ac02 - Aci";"44,5";"BR-050/MG";"Norte";"Capotamento";1;0;0;0;0;0;0;0;0;0;0;1;0;0;0
"07/04/2022";"13:34:00";"217";"ac02 - Aci";"105,5";"BR-050/MG";"Sul";"Queda de Moto";0;0;0;1;0;0;0;0;0;0;0;2;0;0;0
"07/04/2022";"15:11:00";"244";"ac02 - Aci";"126";"BR-050/MG";"Norte";"Choque - Talude ou Barranco";0;0;0;0;0;0;0;0;0;1;2;1;0;0;0
"07/04/2022";"15:42:00";"258";"ac03 - Aci";"117,7";"BR-050/MG";"Norte";"Colisão Traseira";0;0;1;0;0;0;0;0;0;1;4;0;0;0;0
"07/04/2022";"19:13:00";"313";"ac03 - Aci";"154,8";"BR-050/MG";"Sul";"Capotamento";1;0;0;0;0;0;0;0;0;0;1;0;0;0;0
"07/04/2022";"23:39:00";"361";"ac02 - Aci";"148,5";"BR-050/GO";"Sul";"Choque - Veiculo parado na pista";0;0;2;0;0;0;0;0;0;0;1;1;1;0;0
"08/04/2022";"00:37:00";"5";"ac03 - Aci";"174,2";"BR-050/MG";"Sul";"Choque - New jersey";1;0;0;0;0;0;0;0;0;0;1;0;0;0;0
"08/04/2022";"01:27:00";"18";"ac02 - Aci";"206";"BR-050/MG";"Norte";"Queda de Moto";0;0;0;1;0;0;0;0;0;0;0;1;0;0;0
"08/04/2022";"06:33:00";"40";"ac03 - Aci";"52,9";"BR-050/MG";"Norte";"Colisão lateral no mesmo sentido";0;0;2;0;0;0;0;0;0;0;3;0;0;0;0
"08/04/2022";"10:09:00";"147";"ac02 - Aci";"201";"BR-050/MG";"Sul";"Choque - Veiculo parado no acostamento";0;0;1;0;0;0;0;0;0;1;1;0;1;0;0
"08/04/2022";"16:39:00";"303";"ac03 - Aci";"198";"BR-050/MG";"Norte";"Choque na praça – cabine";1;0;0;0;0;0;0;0;0;0;1;0;0;0;0
"08/04/2022";"17:08:00";"311";"ac03 - Aci";"57";"BR-050/MG";"Norte";"Queda de Moto";0;0;0;1;0;0;0;0;0;0;1;0;0;0;0
"08/04/2022";"18:30:00";"329";"ac03 - Aci";"195";"BR-050/MG";"Sul";"Colisão lateral no mesmo sentido";1;0;1;0;0;0;0;0;0;0;3;0;0;0;0
"08/04/2022";"19:11:00";"348";"ac02 - Aci";"27,35";"BR-050/MG";"Norte";"Capotamento";1;0;0;0;0;0;0;0;0;0;0;2;0;0;0
"08/04/2022";"19:14:00";"349";"ac02 - Aci";"281";"BR-050/GO";"Sul";"Colisão Transversal";0;0;0;1;0;1;0;0;0;0;0;0;1;0;0
"08/04/2022";"23:08:00";"414";"ac02 - Aci";"193";"BR-050/MG";"Sul";"Colisão lateral no mesmo sentido";0;0;1;0;0;0;0;0;0;1;1;1;0;0;0
"09/04/2022";"03:26:00";"30";"ac02 - Aci";"119,8";"BR-050/MG";"Norte";"Tombamento";0;0;1;0;0;0;0;0;0;0;0;0;1;0;0
"09/04/2022";"06:13:00";"41";"ac02 - Aci";"56";"BR-050/MG";"Sul";"Capotamento";1;0;0;0;0;0;0;0;0;0;0;1;0;0;0
"09/04/2022";"10:35:00";"157";"ac03 - Aci";"59";"BR-050/MG";"Norte";"Choque - Elemento de Drenagem";0;0;1;0;0;0;0;0;0;0;1;0;0;0;0
"09/04/2022";"12:20:00";"202";"ac02 - Aci";"101";"BR-050/GO";"Norte";"Colisão lateral no mesmo sentido";0;0;0;1;0;0;0;0;0;1;1;1;0;0;0
"09/04/2022";"13:13:00";"217";"ac03 - Aci";"123,3";"BR-050/MG";"Sul";"Queda de Carro";0;0;0;0;0;0;0;0;0;1;1;0;0;0;0
"09/04/2022";"13:55:00";"230";"ac03 - Aci";"118,75";"BR-050/GO";"Sul";"Choque - Defensa metálica";1;0;0;0;0;0;0;0;0;0;2;0;0;0;0
"09/04/2022";"20:55:00";"359";"ac03 - Aci";"29,4";"BR-050/MG";"Norte";"Choque - Meio fio";1;0;0;0;0;0;0;0;0;0;1;0;0;0;0
"10/04/2022";"02:11:00";"17";"ac03 - Aci";"219,7";"BR-050/GO";"Norte";"Choque - Defensa metálica";1;0;0;0;0;0;0;0;0;0;2;0;0;0;0
"10/04/2022";"03:15:00";"24";"ac02 - Aci";"282,8";"BR-050/GO";"Norte";"Colisão Transversal";2;0;0;0;0;0;0;0;0;0;0;4;1;0;0
"10/04/2022";"06:37:00";"44";"ac02 - Aci";"35,05";"BR-050/MG";"Norte";"Queda de Moto";0;0;0;1;0;0;0;0;0;0;0;2;0;0;0
"10/04/2022";"06:42:00";"45";"ac03 - Aci";"180";"BR-050/MG";"Norte";"Choque - Talude ou Barranco";1;0;0;0;0;0;0;0;0;0;0;0;0;0;0
"10/04/2022";"11:54:00";"145";"ac03 - Aci";"13";"BR-050/MG";"Norte";"Colisão Traseira";1;0;0;0;0;1;0;0;0;0;4;0;0;0;0
"10/04/2022";"13:25:00";"164";"ac02 - Aci";"28,5";"BR-050/MG";"Norte";"Choque - Defensa metálica";1;0;0;0;0;0;0;0;0;0;4;1;0;0;0
"10/04/2022";"13:45:00";"170";"ac02 - Aci";"0,5";"BR-050/MG";"Sul";"Tombamento";0;0;1;0;0;0;0;0;0;0;0;0;1;0;0
"10/04/2022";"16:02:00";"201";"ac02 - Aci";"244";"BR-050/GO";"Sul";"Tombamento";0;0;1;0;0;0;0;0;0;0;0;1;0;0;0
"10/04/2022";"16:28:00";"212";"ac02 - Aci";"62,99";"BR-050/MG";"Norte";"Capotamento";1;0;0;0;0;0;0;0;0;0;0;0;1;0;0
"10/04/2022";"16:58:00";"220";"ac03 - Aci";"83,4";"BR-050/MG";"Norte";"Queda de Carro";1;0;0;0;0;0;0;0;0;0;2;0;0;0;0
"10/04/2022";"20:03:00";"281";"ac02 - Aci";"171,8";"BR-050/MG";"Norte";"Colisão Frontal";2;0;0;1;0;0;0;0;0;0;2;0;1;0;0
"10/04/2022";"20:33:00";"290";"ac01 - Aci";"170,3";"BR-050/MG";"Norte";"Atropelamento - Pedestre";0;0;1;1;0;0;0;0;0;0;0;0;0;0;1
"10/04/2022";"20:45:00";"295";"ac02 - Aci";"20";"BR-050/MG";"Norte";"Colisão Traseira";1;0;1;0;0;0;0;0;0;0;0;2;0;0;0
"11/04/2022";"12:30:00";"162";"ac03 - Aci";"108";"BR-050/MG";"Norte";"Choque - Elemento de Drenagem";1;0;0;0;0;0;0;0;0;0;1;0;0;0;0
"12/04/2022";"06:08:00";"29";"ac02 - Aci";"149,9";"BR-050/GO";"Sul";"Capotamento";0;0;0;0;0;0;0;0;0;1;2;1;0;0;0
"12/04/2022";"11:07:00";"175";"ac02 - Aci";"149,9";"BR-050/GO";"Norte";"Capotamento";1;0;0;0;0;0;0;0;0;0;1;1;0;0;0
"12/04/2022";"17:53:00";"339";"ac03 - Aci";"178";"BR-050/MG";"Sul";"Engavetamento";1;0;0;0;0;2;0;0;0;1;6;0;0;0;0
"12/04/2022";"19:20:00";"358";"ac03 - Aci";"186";"BR-050/MG";"Sul";"Choque - Outros";1;0;0;0;0;0;0;0;0;0;1;0;0;0;0
"12/04/2022";"19:22:00";"359";"ac03 - Aci";"25";"BR-050/MG";"Sul";"Choque - Elemento de Drenagem";0;0;0;0;0;0;0;0;0;1;1;0;0;0;0
"12/04/2022";"21:04:00";"384";"ac03 - Aci";"85,5";"BR-050/MG";"Sul";"Tombamento";0;0;0;0;0;1;0;0;0;0;1;0;0;0;0
"12/04/2022";"22:58:00";"404";"ac03 - Aci";"63,7";"BR-050/MG";"Norte";"Atropelamento de Animal";1;0;0;0;0;0;0;0;0;0;1;0;0;0;0
"13/04/2022";"13:53:00";"173";"ac03 - Aci";"61,12";"BR-050/MG";"Sul";"Choque - Elemento de Drenagem";1;0;0;0;0;0;0;0;0;0;2;0;0;0;0
"13/04/2022";"14:28:00";"183";"ac03 - Aci";"85,55";"BR-050/MG";"Sul";"Colisão lateral no mesmo sentido";1;0;0;0;0;1;0;0;0;1;4;0;0;0;0
"13/04/2022";"14:45:00";"185";"ac03 - Aci";"137,2";"BR-050/MG";"Norte";"Choque - Elemento de Drenagem";1;0;0;0;0;0;0;0;0;0;2;0;0;0;0
"13/04/2022";"15:09:00";"193";"ac03 - Aci";"55,05";"BR-050/MG";"Norte";"Colisão lateral no mesmo sentido";2;0;1;0;0;0;0;0;0;0;3;0;0;0;0
"13/04/2022";"15:10:00";"194";"ac03 - Aci";"140,2";"BR-050/MG";"Sul";"Choque - Defensa metálica";1;0;0;0;0;0;0;0;0;0;3;0;0;0;0
"13/04/2022";"17:39:00";"247";"ac03 - Aci";"177,15";"BR-050/MG";"Sul";"Choque - Meio fio";1;0;0;0;0;0;0;0;0;0;1;0;0;0;0
"13/04/2022";"17:53:00";"254";"ac03 - Aci";"251,05";"BR-050/GO";"Norte";"Choque - Sinalização";1;0;0;0;0;0;0;0;0;0;4;0;0;0;0
"13/04/2022";"22:44:00";"326";"ac03 - Aci";"31,5";"BR-050/MG";"Sul";"Colisão Traseira";0;0;1;0;0;1;0;0;0;0;1;0;0;0;0
"13/04/2022";"23:36:00";"332";"ac02 - Aci";"203";"BR-050/GO";"Norte";"Capotamento";0;0;1;0;0;0;0;0;0;0;0;0;1;0;0
"14/04/2022";"06:40:00";"50";"ac03 - Aci";"81,1";"BR-050/MG";"Sul";"Choque - Sinalização";1;0;0;0;0;0;0;0;0;0;1;0;0;0;0
"14/04/2022";"10:32:00";"161";"ac03 - Aci";"206,7";"BR-050/MG";"Norte";"Choque - Veiculo parado na pista";0;0;2;0;0;1;0;0;0;0;1;0;0;0;0
"14/04/2022";"11:18:00";"182";"ac03 - Aci";"28,52";"BR-050/MG";"Sul";"Choque - Defensa metálica";0;0;1;0;0;0;0;0;0;0;1;0;0;0;0
"14/04/2022";"18:40:00";"343";"ac02 - Aci";"0,3";"BR-050/MG";"Sul";"Tombamento";0;0;1;0;0;0;0;0;0;0;0;0;1;0;0
"15/04/2022";"12:27:00";"170";"ac03 - Aci";"264,6";"BR-050/GO";"Sul";"Choque - Talude ou Barranco";1;0;0;0;0;0;0;0;0;0;2;0;0;0;0
"15/04/2022";"16:46:00";"231";"ac02 - Aci";"21,48";"CT-UDI-MG";"Sul";"Choque - New jersey";0;0;0;0;0;0;0;0;0;1;0;1;0;0;0
"15/04/2022";"17:35:00";"247";"ac02 - Aci";"85,4";"BR-050/MG";"Norte";"Capotamento";1;0;0;0;0;0;0;0;0;0;1;2;1;0;0
"15/04/2022";"19:41:00";"276";"ac01 - Aci";"173,6";"BR-050/MG";"Sul";"Colisão Traseira";0;0;1;1;0;0;0;0;0;0;2;0;0;0;2
"15/04/2022";"19:49:00";"279";"ac02 - Aci";"173,6";"BR-050/MG";"Sul";"Choque - Veiculo parado na pista";0;0;0;1;0;0;0;0;0;0;0;1;0;0;0
"16/04/2022";"03:20:00";"23";"ac03 - Aci";"171,7";"BR-050/MG";"Sul";"Choque - New jersey";1;0;0;0;0;0;0;0;0;0;1;0;0;0;0
"16/04/2022";"16:49:00";"187";"ac03 - Aci";"22";"BR-050/MG";"Norte";"Choque - Meio fio";0;0;0;1;0;0;0;0;0;0;1;0;0;0;0
"17/04/2022";"12:21:00";"132";"ac03 - Aci";"51,4";"BR-050/MG";"Norte";"Choque - Cancela de Pedagio";0;0;0;0;0;0;0;0;0;1;2;0;0;0;0
"17/04/2022";"14:37:00";"165";"ac02 - Aci";"125,7";"BR-050/MG";"Norte";"Queda de Moto";0;0;0;1;0;0;0;0;0;0;0;2;0;0;0
"18/04/2022";"03:38:00";"23";"ac01 - Aci";"20,2";"BR-050/MG";"Norte";"Colisão Traseira";1;0;1;0;0;0;0;0;0;0;0;1;0;0;1
"18/04/2022";"04:14:00";"28";"ac02 - Aci";"210,6";"BR-050/GO";"Sul";"Capotamento";1;0;0;0;0;0;0;0;0;0;3;1;0;0;0
"18/04/2022";"15:07:00";"218";"ac03 - Aci";"135,8";"BR-050/MG";"Norte";"Choque - Objeto sobre a pista";1;0;0;0;0;0;0;0;0;0;2;0;0;0;0
"18/04/2022";"15:26:00";"224";"ac03 - Aci";"135";"BR-050/MG";"Norte";"Choque - Objeto sobre a pista";0;0;1;0;0;0;0;0;0;0;2;0;0;0;0
"18/04/2022";"20:21:00";"306";"ac02 - Aci";"264,5";"BR-050/GO";"Norte";"Atropelamento de Animal";1;0;0;0;0;0;0;0;0;0;1;0;1;0;0
"18/04/2022";"21:19:00";"314";"ac03 - Aci";"51,272";"BR-050/MG";"Sul";"Choque - Sinalização";0;0;1;0;0;0;0;0;0;0;1;0;0;0;0
"19/04/2022";"17:58:00";"320";"ac03 - Aci";"180,05";"BR-050/MG";"Sul";"Colisão Traseira";0;0;0;0;0;0;0;0;0;2;2;0;0;0;0
"19/04/2022";"21:16:00";"375";"ac03 - Aci";"198";"BR-050/MG";"Sul";"Colisão Traseira";1;0;1;0;0;0;0;0;0;0;7;0;0;0;0
"20/04/2022";"06:35:00";"26";"ac02 - Aci";"106";"BR-050/GO";"Norte";"Tombamento";0;0;1;0;0;0;0;0;0;0;0;0;1;0;0
"20/04/2022";"09:36:00";"93";"ac03 - Aci";"0,32";"BR-050/MG";"Sul";"Choque - Defensa metálica";1;0;0;0;0;0;0;0;0;0;1;0;0;0;0
"20/04/2022";"18:24:00";"288";"ac03 - Aci";"1,35";"BR-050/MG";"Sul";"Choque - Elemento de Drenagem";1;0;0;0;0;0;0;0;0;0;1;0;0;0;0
"21/04/2022";"00:16:00";"2";"ac02 - Aci";"60,9";"BR-050/MG";"Norte";"Tombamento";0;0;1;0;0;0;0;0;0;0;0;0;1;0;0
"21/04/2022";"07:57:00";"82";"ac03 - Aci";"2,5";"BR-050/MG";"Sul";"Choque - Elemento de Drenagem";1;0;0;0;0;0;0;0;0;0;2;0;0;0;0
"21/04/2022";"09:52:00";"133";"ac03 - Aci";"113,8";"BR-050/MG";"Norte";"Colisão Traseira";1;0;1;0;0;0;0;0;0;0;2;0;0;0;0
"21/04/2022";"10:12:00";"146";"ac02 - Aci";"3";"CT-UDI-MG";"Sul";"Capotamento";1;0;0;0;0;0;0;0;0;0;0;4;0;0;0
"21/04/2022";"11:19:00";"170";"ac02 - Aci";"10,18";"BR-050/MG";"Norte";"Colisão lateral no mesmo sentido";1;0;0;1;0;0;0;0;0;0;3;1;0;0;0
"21/04/2022";"11:58:00";"182";"ac03 - Aci";"269,11";"BR-050/GO";"Sul";"Choque - Elemento de Drenagem";1;0;0;0;0;0;0;0;0;0;1;0;0;0;0
"21/04/2022";"17:35:00";"274";"ac02 - Aci";"115";"BR-050/GO";"Sul";"Capotamento";1;0;0;0;0;0;0;0;0;0;2;0;1;0;0
"21/04/2022";"19:45:00";"305";"ac02 - Aci";"272,81";"BR-050/GO";"Norte";"Choque - Sinalização";0;0;0;1;0;0;0;0;0;0;0;1;0;0;0
"22/04/2022";"20:23:00";"301";"ac02 - Aci";"177,5";"BR-050/MG";"Sul";"Choque - Talude ou Barranco";1;0;0;0;0;0;0;0;0;0;0;2;0;0;0
"23/04/2022";"21:21:00";"327";"ac03 - Aci";"177,5";"BR-050/MG";"Sul";"Choque - Defensa metálica";0;0;0;0;0;0;0;0;0;1;3;0;0;0;0
"24/04/2022";"11:44:00";"112";"ac02 - Aci";"188,64";"BR-050/GO";"Sul";"Choque - Arvore";1;0;0;0;0;0;0;0;0;0;0;1;0;0;0
"24/04/2022";"18:21:00";"218";"ac03 - Aci";"180";"BR-050/MG";"Sul";"Colisão Traseira";1;0;0;1;0;0;0;0;0;0;2;0;0;0;0
"24/04/2022";"19:25:00";"239";"ac03 - Aci";"203,4";"BR-050/MG";"Norte";"Colisão lateral no mesmo sentido";1;0;0;0;0;0;0;0;0;0;2;0;0;0;0
"24/04/2022";"22:15:00";"291";"ac02 - Aci";"81,44";"BR-050/MG";"Norte";"Colisão Traseira";0;0;1;0;0;0;0;0;0;1;1;1;0;0;0
"25/04/2022";"00:30:00";"2";"ac03 - Aci";"19,8";"BR-050/MG";"Sul";"Choque - Meio fio";0;0;1;0;0;0;0;0;0;0;1;0;0;0;0
"25/04/2022";"08:20:00";"69";"ac03 - Aci";"180";"BR-050/MG";"Sul";"Engavetamento";1;0;1;0;0;0;0;0;0;1;2;0;0;0;0
"25/04/2022";"19:09:00";"285";"ac02 - Aci";"141,9";"BR-050/MG";"Norte";"Tombamento";0;0;1;0;0;0;0;0;0;0;0;1;0;0;0
"25/04/2022";"21:12:00";"306";"ac03 - Aci";"93,5";"BR-050/MG";"Sul";"Colisão lateral no mesmo sentido";0;0;2;0;0;0;0;0;0;0;1;0;0;0;0
"26/04/2022";"08:17:00";"73";"ac03 - Aci";"50,22";"BR-050/MG";"Sul";"Choque - Meio fio";1;0;0;0;0;0;0;0;0;0;1;0;0;0;0
"26/04/2022";"09:10:00";"97";"ac03 - Aci";"97";"BR-050/GO";"Sul";"Colisão lateral no mesmo sentido";1;0;0;0;1;0;0;0;0;0;3;0;0;0;0
"26/04/2022";"10:06:00";"113";"ac03 - Aci";"162";"BR-050/MG";"Norte";"Colisão Traseira";1;0;0;0;0;0;0;0;0;1;2;0;0;0;0
"26/04/2022";"16:14:00";"217";"ac02 - Aci";"190,1";"BR-050/MG";"Norte";"Queda de Moto";0;0;0;1;0;0;0;0;0;0;0;1;0;0;0
"27/04/2022";"04:32:00";"22";"ac03 - Aci";"28";"BR-050/MG";"Sul";"Tombamento";0;0;1;0;0;0;0;0;0;0;1;0;0;0;0
"27/04/2022";"07:30:00";"44";"ac03 - Aci";"179,9";"BR-050/MG";"Sul";"Engavetamento";0;0;3;0;1;0;0;0;0;0;10;0;0;0;0
"27/04/2022";"12:20:00";"163";"ac03 - Aci";"0,38";"BR-050/MG";"Sul";"Choque - Defensa metálica";1;0;0;0;0;0;0;0;0;0;1;0;0;0;0
"27/04/2022";"15:55:00";"226";"ac03 - Aci";"175";"BR-050/MG";"Norte";"Colisão Traseira";1;0;0;0;0;1;0;0;0;0;2;0;0;0;0
"27/04/2022";"16:23:00";"239";"ac03 - Aci";"175";"BR-050/MG";"Norte";"Engavetamento";1;0;1;0;0;0;0;0;0;2;4;0;0;0;0
"27/04/2022";"16:30:00";"244";"ac03 - Aci";"176,7";"BR-050/MG";"Norte";"Colisão Traseira";0;0;0;0;0;3;0;0;0;0;0;0;0;0;0
"27/04/2022";"18:16:00";"267";"ac02 - Aci";"183";"BR-050/MG";"Norte";"Atropelamento - Ambulante";0;0;0;0;0;0;0;0;0;0;0;0;1;0;0
"27/04/2022";"20:33:00";"314";"ac03 - Aci";"10,8";"CT-UDI-MG";"Norte";"Tombamento";1;0;0;0;0;0;0;0;0;0;1;0;0;0;0
"28/04/2022";"09:44:00";"124";"ac02 - Aci";"0,9";"CT-UDI-MG";"Norte";"Colisão Traseira";0;0;2;0;0;0;0;0;0;0;1;1;0;0;0
"28/04/2022";"13:06:00";"206";"ac03 - Aci";"173,5";"BR-050/GO";"Norte";"Choque - Talude ou Barranco";1;0;0;0;0;0;0;0;0;0;2;0;0;0;0
"28/04/2022";"23:06:00";"371";"ac02 - Aci";"204,56";"BR-050/GO";"Sul";"Choque - New jersey";0;0;1;0;0;0;0;0;0;0;0;0;1;0;0
"29/04/2022";"07:59:00";"76";"ac01 - Aci";"29,75";"BR-050/MG";"Norte";"Tombamento";0;0;1;0;0;0;0;0;0;0;0;0;0;0;1
"29/04/2022";"12:02:00";"175";"ac03 - Aci";"0,85";"BR-050/MG";"Sul";"Choque - Sinalização";0;0;1;0;0;0;0;0;0;0;1;0;0;0;0
"29/04/2022";"13:17:00";"198";"ac02 - Aci";"33,27";"BR-050/MG";"Norte";"Tombamento";0;0;1;0;0;0;0;0;0;0;0;1;0;0;0
"29/04/2022";"17:03:00";"288";"ac03 - Aci";"115,3";"BR-050/GO";"Norte";"Choque - Talude ou Barranco";0;0;0;0;0;0;0;0;0;1;2;0;0;0;0
"29/04/2022";"18:18:00";"312";"ac03 - Aci";"53";"BR-050/MG";"Sul";"Choque - Talude ou Barranco";1;0;0;0;0;0;0;0;0;0;1;0;0;0;0
"29/04/2022";"19:42:00";"350";"ac03 - Aci";"82";"BR-050/MG";"Norte";"Engavetamento";2;0;0;0;0;1;0;0;0;0;4;0;0;0;0
"30/04/2022";"08:47:00";"86";"ac03 - Aci";"178";"BR-050/MG";"Sul";"Atropelamento de Animal";1;0;0;0;0;0;0;0;0;0;5;0;0;0;0
"30/04/2022";"10:42:00";"126";"ac02 - Aci";"221,8";"BR-050/GO";"Norte";"Capotamento";1;0;0;0;0;0;0;0;0;0;0;0;1;0;0
"30/04/2022";"10:44:00";"127";"ac02 - Aci";"170";"BR-050/MG";"Sul";"Colisão Traseira";2;0;0;0;0;0;0;0;0;0;2;1;0;0;0
"30/04/2022";"18:46:00";"251";"ac02 - Aci";"177,2";"BR-050/MG";"Norte";"Capotamento";1;0;0;0;0;0;0;0;0;0;0;0;1;0;0
"01/05/2022";"01:17:00";"9";"ac02 - Aci";"45,85";"BR-050/MG";"Norte";"Choque - Elemento de Drenagem";1;0;0;0;0;0;0;0;0;0;0;2;0;0;0
"01/05/2022";"04:09:00";"21";"ac02 - Aci";"177,5";"BR-050/MG";"Sul";"Queda de Moto";0;0;0;1;0;0;0;0;0;0;0;1;0;0;0
"01/05/2022";"08:40:00";"95";"ac03 - Aci";"308,3";"BR-050/GO";"Sul";"Queda de Moto";0;0;0;1;0;0;0;0;0;0;1;0;0;0;0
"01/05/2022";"16:43:00";"231";"ac03 - Aci";"284";"BR-050/GO";"Norte";"Colisão lateral no sentido contrário";1;0;1;0;0;0;0;0;0;0;3;0;0;0;0
"01/05/2022";"22:57:00";"325";"ac02 - Aci";"235";"BR-050/GO";"Norte";"Colisão Traseira";0;0;1;0;0;0;0;0;0;1;2;1;0;0;0
"02/05/2022";"08:28:00";"71";"ac02 - Aci";"113,09";"BR-050/MG";"Sul";"Tombamento";0;0;1;0;0;0;0;0;0;0;0;1;0;0;0
"02/05/2022";"12:52:00";"155";"ac01 - Aci";"114,1";"BR-050/MG";"Norte";"Choque - Elemento de Drenagem";0;0;0;0;0;0;0;0;0;1;0;2;3;1;1
"03/05/2022";"06:57:00";"44";"ac02 - Aci";"98,95";"BR-050/GO";"Sul";"Queda de Moto";0;0;0;1;0;0;0;0;0;0;0;0;1;0;0
"03/05/2022";"18:16:00";"270";"ac03 - Aci";"180";"BR-050/MG";"Sul";"Colisão Traseira";1;0;1;0;0;0;0;0;0;0;0;0;0;0;0
"04/05/2022";"05:54:00";"26";"ac02 - Aci";"262,9";"BR-050/GO";"Norte";"Colisão Traseira";0;0;2;0;0;0;0;0;0;0;0;0;2;0;0
"04/05/2022";"07:50:00";"56";"ac02 - Aci";"44,1";"BR-050/MG";"Norte";"Queda de Moto";0;0;0;1;0;0;0;0;0;0;0;0;2;0;0