data;horario;n_da_ocorrencia;tipo_de_ocorrencia;km;trecho;sentido;tipo_de_acidente;automovel;bicicleta;caminhao;moto;onibus;outros;tracao_animal;transporte_de_cargas_especiais;trator_maquinas;utilitarios;ilesos;levemente_feridos;moderadamente_feridos;gravemente_feridos;mortos
"04/05/2022";"15:20:00";"184";"ac03 - Aci";"136,45";"BR-050/MG";"Norte";"Colisão lateral no mesmo sentido";2;0;0;0;0;0;0;0;0;0;1;0;0;0;0
"05/05/2022";"04:03:00";"32";"ac02 - Aci";"82,1";"BR-050/MG";"Norte";"Colisão Traseira";0;0;2;0;0;0;0;0;0;0;1;0;1;0;0
"05/05/2022";"07:10:00";"62";"ac02 - Aci";"217,76";"BR-050/GO";"Sul";"Queda de Moto";0;0;0;1;0;0;0;0;0;0;0;0;1;0;0
"06/05/2022";"07:51:00";"81";"ac03 - Aci";"117,9";"BR-050/MG";"Norte";"Atropelamento de Animal";0;0;0;0;0;0;0;0;0;1;1;0;0;0;0
"06/05/2022";"10:44:00";"145";"ac02 - Aci";"0,3";"BR-050/MG";"Sul";"Tombamento";0;0;1;0;0;0;0;0;0;0;0;1;0;0;0
"06/05/2022";"12:38:00";"175";"ac03 - Aci";"127,12";"BR-050/GO";"Sul";"Colisão Traseira";0;0;0;0;0;1;0;0;0;2;4;0;0;0;0
"06/05/2022";"17:01:00";"246";"ac02 - Aci";"99,8";"BR-050/GO";"Sul";"Queda de Moto";0;0;0;1;0;0;0;0;0;0;0;1;1;0;0
"06/05/2022";"21:17:00";"323";"ac03 - Aci";"104,704";"BR-050/MG";"Sul";"Colisão Traseira";1;0;1;0;0;0;0;0;0;0;2;0;0;0;0
"07/05/2022";"12:36:00";"151";"ac03 - Aci";"0,6";"BR-050/MG";"Sul";"Choque - Meio fio";0;0;1;0;0;0;0;0;0;0;1;0;0;0;0
"07/05/2022";"16:46:00";"215";"ac03 - Aci";"36,002";"BR-050/MG";"Sul";"Choque - New jersey";0;0;0;0;0;0;0;0;0;1;0;0;0;0;0
"08/05/2022";"05:22:00";"34";"ac03 - Aci";"178";"BR-050/MG";"Sul";"Choque - New jersey";1;0;0;0;0;0;0;0;0;0;1;0;0;0;0
"08/05/2022";"05:56:00";"35";"ac03 - Aci";"62";"BR-050/MG";"Norte";"Colisão lateral no sentido contrário";0;0;0;0;0;1;0;0;0;1;5;0;0;0;0
"08/05/2022";"11:10:00";"98";"ac03 - Aci";"140,3";"BR-050/MG";"Norte";"Tombamento";0;0;1;0;0;0;0;0;0;0;1;0;0;0;0
"08/05/2022";"15:36:00";"176";"ac03 - Aci";"262";"BR-050/GO";"Sul";"Colisão Traseira";1;0;0;0;0;0;0;0;0;1;4;0;0;0;0
"08/05/2022";"15:41:00";"179";"ac03 - Aci";"166,45";"BR-050/MG";"Norte";"Colisão lateral no mesmo sentido";1;0;0;0;0;1;0;0;0;0;1;0;0;0;0
"08/05/2022";"20:15:00";"261";"ac02 - Aci";"86";"BR-050/MG";"Norte";"Colisão Traseira";2;0;0;0;0;0;0;0;0;0;0;5;0;0;0
"09/05/2022";"12:00:00";"163";"ac02 - Aci";"171";"BR-050/MG";"Sul";"Queda de Moto";0;0;0;1;0;0;0;0;0;0;0;0;1;0;0
"10/05/2022";"06:48:00";"39";"ac03 - Aci";"83,5";"BR-050/MG";"Norte";"Choque - Elemento de Drenagem";0;0;1;0;0;0;0;0;0;0;1;0;0;0;0
"11/05/2022";"08:56:00";"125";"ac02 - Aci";"183,4";"BR-050/MG";"Norte";"Colisão lateral no mesmo sentido";1;0;1;0;0;0;0;0;0;0;1;3;0;0;0
"11/05/2022";"15:37:00";"295";"ac03 - Aci";"112,35";"BR-050/MG";"Sul";"Tombamento";0;0;0;0;0;0;0;0;0;1;1;0;0;0;0
"11/05/2022";"22:37:00";"393";"ac03 - Aci";"176";"BR-050/MG";"Norte";"Colisão lateral no mesmo sentido";0;0;1;0;0;0;0;0;0;1;4;0;0;0;0
"11/05/2022";"22:55:00";"398";"ac02 - Aci";"135,2";"BR-050/MG";"Norte";"Choque - Outros";0;0;0;0;0;0;0;0;0;1;0;1;0;0;0
"11/05/2022";"23:49:00";"408";"ac03 - Aci";"132,2";"BR-050/MG";"Norte";"Choque - Sinalização";1;0;0;0;0;0;0;0;0;0;1;0;0;0;0
"12/05/2022";"09:51:00";"99";"ac03 - Aci";"297,1";"BR-050/GO";"Norte";"Choque - Sinalização";0;0;0;0;0;0;0;0;0;1;1;0;0;0;0
"12/05/2022";"15:08:00";"206";"ac03 - Aci";"57,1";"BR-050/MG";"Norte";"Choque - Sinalização";0;0;1;0;0;0;0;0;0;0;3;0;0;0;0
"12/05/2022";"17:43:00";"258";"ac03 - Aci";"78";"BR-050/MG";"Sul";"Atropelamento de Animal";1;0;0;0;0;0;0;0;0;0;1;0;0;0;0
"13/05/2022";"00:34:00";"6";"ac03 - Aci";"142,9";"BR-050/MG";"Norte";"Atropelamento de Animal";0;0;1;0;0;0;0;0;0;0;1;0;0;0;0
"13/05/2022";"07:08:00";"59";"ac03 - Aci";"273";"BR-050/GO";"Sul";"Tombamento";0;0;1;0;0;0;0;0;0;0;1;0;0;0;0
"13/05/2022";"07:16:00";"65";"ac03 - Aci";"281";"BR-050/GO";"Norte";"Colisão lateral no mesmo sentido";0;0;1;0;0;0;0;0;0;1;2;0;0;0;0
"13/05/2022";"15:13:00";"272";"ac03 - Aci";"180";"BR-050/MG";"Sul";"Colisão Traseira";1;0;1;0;0;0;0;0;0;0;4;0;0;0;0
"13/05/2022";"17:25:00";"319";"ac03 - Aci";"105";"BR-050/MG";"Sul";"Colisão Traseira";1;0;1;0;0;0;0;0;0;0;5;0;0;0;0
"13/05/2022";"18:51:00";"349";"ac03 - Aci";"117,4";"BR-050/MG";"Norte";"Tombamento";0;0;1;0;0;0;0;0;0;0;1;0;0;0;0
"13/05/2022";"18:55:00";"352";"ac02 - Aci";"96";"BR-050/GO";"Norte";"Colisão Traseira";1;0;0;1;0;0;0;0;0;0;2;1;0;0;0
"13/05/2022";"19:03:00";"354";"ac02 - Aci";"41,8";"BR-050/MG";"Norte";"Queda de Moto";0;0;0;1;0;0;0;0;0;0;1;0;1;0;0
"14/05/2022";"10:52:00";"165";"ac02 - Aci";"140,04";"BR-050/MG";"Norte";"Capotamento";0;0;0;0;0;0;0;0;0;1;0;1;1;0;0
"14/05/2022";"10:57:00";"166";"ac02 - Aci";"267,1";"BR-050/GO";"Sul";"Choque - Elemento de Drenagem";0;0;0;0;0;0;0;0;0;1;0;1;1;0;0
"14/05/2022";"13:13:00";"205";"ac03 - Aci";"198";"BR-050/MG";"Norte";"Colisão Traseira";0;0;0;0;0;2;0;0;0;0;0;0;0;0;0
"14/05/2022";"13:53:00";"221";"ac02 - Aci";"45,9";"BR-050/MG";"Sul";"Capotamento";1;0;0;0;0;0;0;0;0;0;0;2;0;0;0
"14/05/2022";"16:50:00";"270";"ac03 - Aci";"53,1";"BR-050/MG";"Norte";"Choque - Talude ou Barranco";0;0;1;0;0;0;0;0;0;0;1;0;0;0;0
"14/05/2022";"17:26:00";"274";"ac02 - Aci";"62,1";"BR-050/MG";"Norte";"Choque - Elemento de Drenagem";1;0;0;0;0;0;0;0;0;0;0;2;0;0;0
"15/05/2022";"04:48:00";"19";"ac03 - Aci";"61";"BR-050/MG";"Sul";"Choque - Elemento de Drenagem";1;0;0;0;0;0;0;0;0;0;2;0;0;0;0
"15/05/2022";"13:28:00";"124";"ac03 - Aci";"96";"BR-050/GO";"Norte";"Colisão Transversal";2;0;0;0;0;0;0;0;0;0;6;0;0;0;0
"15/05/2022";"15:40:00";"165";"ac03 - Aci";"233,2";"BR-050/GO";"Norte";"Choque - Sinalização";0;0;0;0;0;0;0;0;0;1;2;0;0;0;0
"15/05/2022";"18:15:00";"206";"ac03 - Aci";"137";"BR-050/MG";"Norte";"Choque - Sinalização";1;0;0;0;0;0;0;0;0;0;1;0;0;0;0
"15/05/2022";"18:46:00";"217";"ac03 - Aci";"147,2";"BR-050/MG";"Sul";"Choque - Elemento de Drenagem";1;0;0;0;0;0;0;0;0;0;4;0;0;0;0
"15/05/2022";"18:51:00";"221";"ac03 - Aci";"81";"BR-050/MG";"Norte";"Choque - Sinalização";1;0;0;0;0;0;0;0;0;0;2;0;0;0;0
"15/05/2022";"20:58:00";"245";"ac03 - Aci";"288";"BR-050/GO";"Sul";"Choque - Elemento de Drenagem";0;0;1;0;0;0;0;0;0;0;1;0;0;0;0
"16/05/2022";"00:54:00";"5";"ac02 - Aci";"160,7";"BR-050/MG";"Sul";"Tombamento";0;0;1;0;0;0;0;0;0;0;0;0;1;0;0
"16/05/2022";"07:09:00";"40";"ac03 - Aci";"169,7";"BR-050/MG";"Norte";"Colisão lateral no mesmo sentido";0;0;1;0;0;0;0;0;0;1;2;0;0;0;0
"16/05/2022";"09:18:00";"85";"ac02 - Aci";"143,9";"BR-050/GO";"Sul";"Queda de Moto";0;0;0;1;0;0;0;0;0;0;0;2;0;0;0
"16/05/2022";"14:11:00";"192";"ac02 - Aci";"155,9";"BR-050/GO";"Sul";"Choque - Talude ou Barranco";1;0;0;0;0;0;0;0;0;0;0;0;2;0;0
"17/05/2022";"05:26:00";"28";"ac02 - Aci";"160,7";"BR-050/MG";"Norte";"Choque - Veiculo parado na pista";1;0;0;0;0;0;0;0;0;0;0;0;1;0;0
"17/05/2022";"07:16:00";"39";"ac03 - Aci";"306,15";"BR-050/GO";"Sul";"Choque - Defensa metálica";1;0;0;0;0;0;0;0;0;0;2;0;0;0;0
"17/05/2022";"18:31:00";"274";"ac03 - Aci";"207,84";"BR-050/GO";"Sul";"Objeto lançado contra veículo";0;0;0;0;0;0;0;0;0;1;1;0;0;0;0
"18/05/2022";"04:54:00";"16";"ac03 - Aci";"178";"BR-050/MG";"Norte";"Atropelamento de Animal";0;0;0;0;0;0;0;0;0;1;1;0;0;0;0
"18/05/2022";"09:06:00";"91";"ac03 - Aci";"186,18";"BR-050/MG";"Sul";"Choque - New jersey";1;0;0;0;0;0;0;0;0;0;3;0;0;0;0
"19/05/2022";"06:19:00";"30";"ac02 - Aci";"97,83";"BR-050/GO";"Sul";"Atropelamento de Animal";0;0;0;1;0;0;0;0;0;0;0;1;0;0;0
"19/05/2022";"06:37:00";"32";"ac03 - Aci";"97,88";"BR-050/GO";"Sul";"Colisão Traseira";1;0;0;1;0;0;0;0;0;0;1;0;0;0;0
"19/05/2022";"06:44:00";"34";"ac03 - Aci";"207";"BR-050/MG";"Sul";"Colisão Traseira";0;0;2;0;0;0;0;0;0;0;2;0;0;0;0
"19/05/2022";"09:54:00";"120";"ac03 - Aci";"86";"BR-050/MG";"Sul";"Atropelamento de Animal";1;0;0;0;0;0;0;0;0;0;1;0;0;0;0
"19/05/2022";"18:35:00";"299";"ac02 - Aci";"24";"BR-050/MG";"Sul";"Capotamento";1;0;0;0;0;0;0;0;0;0;0;1;0;0;0
"20/05/2022";"12:17:00";"166";"ac03 - Aci";"14,3";"BR-050/MG";"Norte";"Choque - Defensa metálica";1;0;0;0;0;0;0;0;0;0;1;0;0;0;0
"21/05/2022";"00:42:00";"12";"ac03 - Aci";"12,8";"BR-050/MG";"Norte";"Atropelamento de Animal";0;0;0;0;0;0;0;0;0;1;4;0;0;0;0
"21/05/2022";"06:48:00";"53";"ac02 - Aci";"156";"BR-050/MG";"Norte";"Capotamento";1;0;0;0;0;0;0;0;0;0;0;0;1;0;0
"21/05/2022";"16:26:00";"204";"ac03 - Aci";"65";"BR-050/MG";"Sul";"Tombamento";0;0;1;0;0;1;0;0;0;0;1;0;0;0;0
"22/05/2022";"11:36:00";"114";"ac03 - Aci";"77,3";"BR-050/MG";"Sul";"Capotamento";1;0;0;0;0;0;0;0;0;0;1;0;0;0;0
"22/05/2022";"18:13:00";"208";"ac03 - Aci";"207";"BR-050/MG";"Sul";"Atropelamento de Animal";1;0;0;0;0;0;0;0;0;0;3;0;0;0;0
"23/05/2022";"05:39:00";"28";"ac02 - Aci";"223,095";"BR-050/GO";"Sul";"Capotamento";1;0;0;0;0;0;0;0;0;0;1;1;0;0;0
"23/05/2022";"09:09:00";"77";"ac03 - Aci";"178,5";"BR-050/MG";"Norte";"Choque - New jersey";1;0;0;0;0;0;0;0;0;0;1;0;0;0;0
"23/05/2022";"09:54:00";"94";"ac03 - Aci";"123,8";"BR-050/MG";"Sul";"Choque - Elemento de Drenagem";1;0;0;0;0;0;0;0;0;0;2;0;0;0;0
"24/05/2022";"12:25:00";"178";"ac03 - Aci";"262,95";"BR-050/GO";"Norte";"Choque - Sinalização";0;0;0;0;0;0;0;0;0;1;1;0;0;0;0
"25/05/2022";"06:51:00";"40";"ac03 - Aci";"95,7";"BR-050/GO";"Sul";"Tombamento";0;0;1;0;0;0;0;0;0;0;1;0;0;0;0
"25/05/2022";"08:25:00";"73";"ac03 - Aci";"155";"BR-050/MG";"Norte";"Choque - Elemento de Drenagem";0;0;0;0;0;0;0;0;0;1;1;0;0;0;0
"25/05/2022";"12:47:00";"166";"ac02 - Aci";"108,5";"BR-050/MG";"Sul";"Colisão Frontal";1;0;1;0;0;0;0;0;0;0;1;1;0;0;0
"26/05/2022";"03:22:00";"12";"ac03 - Aci";"169";"BR-050/GO";"Sul";"Choque - Elemento de Drenagem";0;0;1;0;0;0;0;0;0;0;1;0;0;0;0
"26/05/2022";"07:47:00";"46";"ac02 - Aci";"174,65";"BR-050/MG";"Sul";"Colisão Traseira";1;0;0;1;0;1;0;0;0;0;1;1;1;0;0
"26/05/2022";"07:50:00";"48";"ac02 - Aci";"174,5";"BR-050/MG";"Sul";"Engavetamento";1;0;0;1;0;2;0;0;0;1;3;0;1;0;0
"26/05/2022";"08:14:00";"59";"ac03 - Aci";"174,3";"BR-050/MG";"Sul";"Colisão Traseira";1;0;0;0;0;0;0;0;0;1;3;0;0;0;0
"26/05/2022";"22:11:00";"338";"ac03 - Aci";"29";"BR-050/MG";"Sul";"Colisão Traseira";0;0;2;0;0;0;0;0;0;0;3;0;0;0;0
"27/05/2022";"00:22:00";"3";"ac03 - Aci";"159";"BR-050/MG";"Norte";"Atropelamento de Animal";1;0;0;0;0;0;0;0;0;0;1;0;0;0;0
"27/05/2022";"02:11:00";"19";"ac03 - Aci";"116,42";"BR-050/MG";"Norte";"Choque - Meio fio";0;0;0;0;0;0;0;0;0;1;2;0;0;0;0
"27/05/2022";"18:03:00";"278";"ac03 - Aci";"206,4";"BR-050/MG";"Norte";"Choque - New jersey";1;0;0;0;0;0;0;0;0;0;1;0;0;0;0
"27/05/2022";"18:27:00";"290";"ac03 - Aci";"166,8";"BR-050/MG";"Norte";"Colisão Traseira";1;0;0;0;0;1;0;0;0;0;4;0;0;0;0
"27/05/2022";"20:03:00";"319";"ac02 - Aci";"35";"BR-050/MG";"Norte";"Atropelamento de Animal";1;0;0;0;0;0;0;0;0;1;2;5;0;0;0
"28/05/2022";"03:15:00";"28";"ac03 - Aci";"139,4";"BR-050/GO";"Norte";"Tombamento";0;0;1;0;0;0;0;0;0;0;3;0;0;0;0
"28/05/2022";"05:13:00";"43";"ac03 - Aci";"157,98";"BR-050/MG";"Sul";"Atropelamento de Animal";0;0;0;0;1;0;0;0;0;0;31;0;0;0;0
"28/05/2022";"05:13:00";"44";"ac03 - Aci";"157,7";"BR-050/MG";"Sul";"Atropelamento de Animal";0;0;1;0;0;0;0;0;0;0;1;0;0;0;0
"28/05/2022";"06:02:00";"46";"ac03 - Aci";"179";"BR-050/MG";"Sul";"Choque - New jersey";1;0;0;0;0;0;0;0;0;0;1;0;0;0;0
"28/05/2022";"09:01:00";"94";"ac02 - Aci";"179,98";"BR-050/MG";"Norte";"Choque - Defensa metálica";0;0;0;1;0;0;0;0;0;0;0;0;0;2;0
"28/05/2022";"15:22:00";"201";"ac02 - Aci";"36";"BR-050/MG";"Sul";"Colisão Traseira";2;0;0;0;0;0;0;0;0;0;2;1;0;0;0
"29/05/2022";"05:39:00";"42";"ac02 - Aci";"185";"BR-050/MG";"Sul";"Queda de Moto";0;0;0;1;0;0;0;0;0;0;0;1;0;0;0
"29/05/2022";"20:33:00";"297";"ac02 - Aci";"38,5";"BR-050/MG";"Sul";"Atropelamento de Animal";0;0;0;1;0;0;0;0;0;0;0;1;0;0;0
"30/05/2022";"00:57:00";"9";"ac03 - Aci";"128";"BR-050/GO";"Sul";"Capotamento";1;0;0;0;0;1;0;0;0;0;1;0;0;0;0
"30/05/2022";"01:21:00";"12";"ac03 - Aci";"167,7";"BR-050/GO";"Sul";"Colisão Traseira";0;0;1;0;0;0;0;0;0;1;4;0;0;0;0
"30/05/2022";"03:02:00";"14";"ac03 - Aci";"79,9";"BR-050/MG";"Sul";"Choque - Defensa metálica";1;0;0;0;0;0;0;0;0;0;2;0;0;0;0
"30/05/2022";"15:08:00";"219";"ac03 - Aci";"280";"BR-050/GO";"Norte";"Colisão Traseira";2;0;0;0;0;0;0;0;0;0;3;0;0;0;0
"30/05/2022";"17:28:00";"258";"ac02 - Aci";"174";"BR-050/MG";"Sul";"Queda de Moto";0;0;0;1;0;0;0;0;0;0;0;1;0;0;0
"30/05/2022";"20:48:00";"311";"ac02 - Aci";"22";"BR-050/MG";"Sul";"Choque - Defensa metálica";0;0;1;0;0;0;0;0;0;0;0;0;1;0;0
"31/05/2022";"01:28:00";"12";"ac03 - Aci";"119";"BR-050/MG";"Sul";"Atropelamento de Animal";0;0;0;0;0;0;0;0;0;1;1;0;0;0;0
"31/05/2022";"07:28:00";"58";"ac02 - Aci";"281";"BR-050/GO";"Sul";"Colisão Transversal";1;0;0;1;0;0;0;0;0;0;1;0;1;0;0
"31/05/2022";"12:27:00";"185";"ac03 - Aci";"174,8";"BR-050/MG";"Sul";"Colisão Traseira";1;0;0;0;0;1;0;0;0;0;2;0;0;0;0
"31/05/2022";"14:17:00";"222";"ac02 - Aci";"180";"BR-050/MG";"Sul";"Queda de Moto";0;0;0;1;0;0;0;0;0;0;0;1;0;0;0
"31/05/2022";"19:14:00";"306";"ac01 - Aci";"108,65";"BR-050/GO";"Norte";"Colisão Traseira";0;0;0;1;0;0;0;0;0;1;1;0;0;0;1
"31/05/2022";"23:41:00";"354";"ac02 - Aci";"199,8";"BR-050/GO";"Sul";"Tombamento";0;0;1;0;0;0;0;0;0;0;0;1;0;0;0
"01/06/2022";"04:56:00";"24";"ac02 - Aci";"150,7";"BR-050/GO";"Sul";"Tombamento";0;0;1;0;0;0;0;0;0;0;0;0;0;1;0
"01/06/2022";"11:05:00";"128";"ac03 - Aci";"177";"BR-050/MG";"Norte";"Colisão lateral no mesmo sentido";1;0;1;0;0;0;0;0;0;0;3;0;0;0;0
"01/06/2022";"23:01:00";"314";"ac03 - Aci";"152";"BR-050/MG";"Sul";"Colisão Traseira";1;0;0;0;1;0;0;0;0;0;22;0;0;0;0
"02/06/2022";"07:26:00";"56";"ac03 - Aci";"232,8";"BR-050/GO";"Sul";"Atropelamento de Animal";1;0;0;0;0;0;0;0;0;0;2;0;0;0;0
"02/06/2022";"17:11:00";"274";"ac03 - Aci";"311,64";"BR-050/GO";"Norte";"Colisão lateral no mesmo sentido";1;0;0;0;0;1;0;0;0;0;1;0;0;0;0
"03/06/2022";"18:24:00";"295";"ac02 - Aci";"172,6";"BR-050/MG";"Norte";"Choque - Sinalização";1;0;0;0;0;0;0;0;0;0;0;1;0;0;0
"03/06/2022";"23:02:00";"359";"ac01 - Aci";"173,6";"BR-050/MG";"Sul";"Atropelamento - Pedestre";1;0;0;0;0;0;0;0;0;0;0;1;0;0;1
"04/06/2022";"10:33:00";"100";"ac02 - Aci";"244,24";"BR-050/GO";"Sul";"Tombamento";0;0;1;0;0;0;0;0;0;0;0;1;0;0;0
"04/06/2022";"16:49:00";"215";"ac03 - Aci";"123,6";"BR-050/MG";"Sul";"Choque - Talude ou Barranco";1;0;0;0;0;0;0;0;0;0;1;0;0;0;0
"04/06/2022";"18:31:00";"254";"ac03 - Aci";"10,15";"CT-UDI-MG";"Norte";"Choque - Elemento de Drenagem";1;0;0;0;0;0;0;0;0;0;1;0;0;0;0
"05/06/2022";"01:46:00";"10";"ac03 - Aci";"28";"BR-050/MG";"Sul";"Choque - Meio fio";1;0;0;0;0;0;0;0;0;0;1;0;0;0;0
"05/06/2022";"02:25:00";"15";"ac02 - Aci";"37,2";"BR-050/MG";"Sul";"Capotamento";1;0;0;0;0;0;0;0;0;0;0;4;0;0;0
"05/06/2022";"09:13:00";"79";"ac02 - Aci";"54,5";"BR-050/MG";"Sul";"Tombamento";0;0;1;0;0;0;0;0;0;0;0;0;1;0;0
"05/06/2022";"10:26:00";"94";"ac03 - Aci";"105";"BR-050/MG";"Sul";"Choque - Outros";0;0;0;1;0;1;0;0;0;0;1;0;0;0;0
"05/06/2022";"10:41:00";"101";"ac03 - Aci";"79,5";"BR-050/MG";"Sul";"Choque - Veiculo parado no acostamento";1;0;1;0;0;0;0;0;0;0;3;0;0;0;0
"05/06/2022";"17:49:00";"207";"ac02 - Aci";"0,5";"BR-050/MG";"Sul";"Tombamento";0;0;1;0;0;0;0;0;0;0;0;1;0;0;0
"05/06/2022";"19:02:00";"228";"ac02 - Aci";"54,5";"BR-050/MG";"Sul";"Colisão Traseira";2;0;0;0;0;0;0;0;0;0;3;1;0;0;0
"05/06/2022";"20:58:00";"262";"ac02 - Aci";"280,9";"BR-050/GO";"Sul";"Queda de Moto";0;0;0;1;0;0;0;0;0;0;0;1;0;0;0
"06/06/2022";"21:15:00";"326";"ac02 - Aci";"43";"BR-050/MG";"Norte";"Colisão lateral no mesmo sentido";0;0;1;0;0;0;0;0;0;1;1;1;0;1;0
"07/06/2022";"02:37:00";"16";"ac03 - Aci";"40,9";"BR-050/MG";"Sul";"Atropelamento de Animal";1;0;0;0;0;0;0;0;0;0;1;0;0;0;0
"07/06/2022";"05:50:00";"30";"ac03 - Aci";"138,15";"BR-050/MG";"Sul";"Colisão Traseira";0;0;1;0;0;0;0;0;0;1;2;0;0;0;0
"07/06/2022";"17:02:00";"248";"ac02 - Aci";"174,98";"BR-050/MG";"Norte";"Colisão Traseira";0;0;0;1;0;1;0;0;0;0;0;2;0;0;0
"07/06/2022";"18:58:00";"284";"ac03 - Aci";"20,9";"BR-050/MG";"Sul";"Colisão Traseira";2;0;0;0;0;0;0;0;0;0;2;0;0;0;0
"07/06/2022";"19:04:00";"287";"ac02 - Aci";"180";"BR-050/MG";"Sul";"Queda de Moto";0;0;0;1;0;0;0;0;0;0;0;1;0;0;0
"07/06/2022";"19:17:00";"291";"ac02 - Aci";"180";"BR-050/MG";"Norte";"Queda de Moto";0;0;0;1;0;0;0;0;0;0;1;0;1;0;0
"08/06/2022";"08:31:00";"88";"ac03 - Aci";"209,4";"BR-050/GO";"Norte";"Choque - Elemento de Drenagem";0;0;0;0;0;0;0;0;0;1;1;0;0;0;0
"08/06/2022";"10:38:00";"137";"ac03 - Aci";"97,5";"BR-050/GO";"Sul";"Colisão Transversal";3;0;0;0;0;0;0;0;0;0;3;0;0;0;0
"08/06/2022";"20:22:00";"325";"ac03 - Aci";"140,8";"BR-050/MG";"Norte";"Colisão Traseira";1;0;0;0;0;0;0;0;0;1;3;0;0;0;0
"08/06/2022";"23:32:00";"361";"ac03 - Aci";"23,4";"BR-050/MG";"Norte";"Colisão Traseira";0;0;2;0;0;0;0;0;0;0;3;0;0;0;0
"08/06/2022";"23:55:00";"366";"ac02 - Aci";"304,9";"BR-050/GO";"Sul";"Capotamento";1;0;0;0;0;0;0;0;0;0;0;4;0;0;0
"09/06/2022";"08:11:00";"53";"ac03 - Aci";"97,7";"BR-050/GO";"Sul";"Colisão Transversal";1;0;0;1;0;0;0;0;0;0;0;0;0;0;0
"09/06/2022";"13:45:00";"177";"ac02 - Aci";"274";"BR-050/GO";"Sul";"Colisão Traseira";0;0;0;0;0;0;0;0;0;2;1;1;0;0;0
"09/06/2022";"15:51:00";"223";"ac03 - Aci";"203,4";"BR-050/MG";"Sul";"Capotamento";1;0;0;0;0;0;0;0;0;0;2;0;0;0;0
"09/06/2022";"17:02:00";"247";"ac03 - Aci";"280,25";"BR-050/GO";"Norte";"Colisão lateral no sentido contrário";0;0;0;2;0;0;0;0;0;0;0;0;0;0;0
"09/06/2022";"17:40:00";"266";"ac03 - Aci";"179";"BR-050/MG";"Sul";"Colisão Traseira";0;0;0;0;0;1;0;0;0;1;2;0;0;0;0
"10/06/2022";"05:37:00";"25";"ac02 - Aci";"169,8";"BR-050/MG";"Norte";"Choque - New jersey";0;0;1;0;0;0;0;0;0;0;0;1;0;0;0
"10/06/2022";"06:49:00";"32";"ac02 - Aci";"288,9";"BR-050/GO";"Norte";"Colisão lateral no mesmo sentido";0;1;0;0;0;1;0;0;0;0;0;1;0;0;0
"10/06/2022";"06:52:00";"33";"ac03 - Aci";"172,8";"BR-050/MG";"Norte";"Colisão Traseira";2;0;0;0;0;0;0;0;0;0;3;0;0;0;0
"10/06/2022";"10:22:00";"110";"ac03 - Aci";"176";"BR-050/MG";"Norte";"Colisão lateral no mesmo sentido";1;0;0;0;0;1;0;0;0;0;1;0;0;0;0
"10/06/2022";"10:28:00";"113";"ac02 - Aci";"176,3";"BR-050/MG";"Norte";"Queda de Moto";0;0;0;1;0;0;0;0;0;0;0;1;0;0;0
"10/06/2022";"14:19:00";"170";"ac03 - Aci";"37,5";"BR-050/MG";"Norte";"Choque - Meio fio";0;0;0;0;0;0;0;0;0;1;0;0;0;0;0
"11/06/2022";"03:20:00";"22";"ac03 - Aci";"64,5";"BR-050/MG";"Norte";"Choque - New jersey";0;0;1;0;0;0;0;0;0;0;0;0;0;0;0
"11/06/2022";"03:28:00";"23";"ac02 - Aci";"169,4";"BR-050/MG";"Sul";"Tombamento";0;0;1;0;0;0;0;0;0;0;0;1;0;0;0
"12/06/2022";"06:00:00";"44";"ac03 - Aci";"80";"BR-050/MG";"Sul";"Atropelamento de Animal";0;0;1;0;0;0;0;0;0;0;1;0;0;0;0
"12/06/2022";"16:12:00";"195";"ac02 - Aci";"133,6";"BR-050/MG";"Norte";"Colisão Transversal";1;0;1;0;0;0;0;0;0;0;1;0;2;0;0
"12/06/2022";"18:53:00";"253";"ac02 - Aci";"18";"CT-UDI-MG";"Sul";"Capotamento";1;0;0;0;0;0;0;0;0;0;0;1;0;0;0
"12/06/2022";"21:30:00";"295";"ac02 - Aci";"115,5";"BR-050/MG";"Norte";"Tombamento";0;0;1;0;0;0;0;0;0;0;0;1;0;0;0
"13/06/2022";"07:50:00";"58";"ac03 - Aci";"112,45";"BR-050/GO";"Sul";"Choque - Talude ou Barranco";1;0;0;0;0;0;0;0;0;0;4;0;0;0;0
"13/06/2022";"09:54:00";"102";"ac02 - Aci";"166,6";"BR-050/MG";"Norte";"Queda de Moto";0;0;0;1;0;0;0;0;0;0;0;1;0;0;0
"13/06/2022";"10:36:00";"118";"ac02 - Aci";"107,45";"BR-050/GO";"Norte";"Choque - Elemento de Drenagem";1;0;0;0;0;0;0;0;0;0;2;1;0;0;0
"13/06/2022";"17:33:00";"255";"ac03 - Aci";"145,015";"BR-050/MG";"Sul";"Colisão Traseira";0;0;1;0;0;0;0;0;0;0;1;0;0;0;0
"14/06/2022";"07:17:00";"44";"ac02 - Aci";"37,7";"BR-050/MG";"Norte";"Colisão Traseira";1;1;0;0;0;0;0;0;0;0;1;1;0;0;0
"14/06/2022";"22:39:00";"297";"ac02 - Aci";"282,9";"BR-050/GO";"Sul";"Choque - Meio fio";0;0;0;1;0;0;0;0;0;0;0;1;0;0;0
"15/06/2022";"15:33:00";"203";"ac02 - Aci";"174";"BR-050/MG";"Sul";"Atropelamento - Pedestre";0;1;0;0;0;0;0;0;0;1;1;1;0;0;0
"15/06/2022";"20:20:00";"275";"ac02 - Aci";"138";"BR-050/MG";"Sul";"Colisão Traseira";1;0;0;0;0;0;0;0;0;1;2;3;0;0;0
"15/06/2022";"22:09:00";"300";"ac03 - Aci";"125";"BR-050/GO";"Norte";"Choque - Defensa metálica";1;0;0;0;0;0;0;0;0;0;1;0;0;0;0
"16/06/2022";"09:26:00";"115";"ac02 - Aci";"311";"BR-050/GO";"Norte";"Queda de Moto";0;0;0;1;0;0;0;0;0;0;0;1;0;0;0
"16/06/2022";"19:02:00";"304";"ac02 - Aci";"171";"BR-050/MG";"Norte";"Queda de Moto";0;0;0;1;0;0;0;0;0;0;0;1;0;0;0