data;horario;n_da_ocorrencia;tipo_de_ocorrencia;km;trecho;sentido;tipo_de_acidente;automovel;bicicleta;caminhao;moto;onibus;outros;tracao_animal;transporte_de_cargas_especiais;trator_maquinas;utilitarios;ilesos;levemente_feridos;moderadamente_feridos;gravemente_feridos;mortos
"16/06/2022";"23:15:00";"360";"ac02 - Aci";"49";"BR-050/MG";"Norte";"Tombamento";0;0;1;0;0;0;0;0;0;0;0;1;0;0;0
"16/06/2022";"23:40:00";"364";"ac03 - Aci";"49";"BR-050/MG";"Norte";"Choque - Elemento de Drenagem";1;0;0;0;0;0;0;0;0;0;2;0;0;0;0
"17/06/2022";"00:16:00";"3";"ac03 - Aci";"152,4";"BR-050/MG";"Sul";"Colisão Transversal";0;0;2;0;0;0;0;0;0;0;2;0;0;0;0
"17/06/2022";"20:16:00";"258";"ac03 - Aci";"283";"BR-050/GO";"Sul";"Colisão Transversal";1;0;0;0;1;0;0;0;0;0;5;0;0;0;0
"17/06/2022";"20:35:00";"264";"ac03 - Aci";"175";"BR-050/MG";"Sul";"Colisão Traseira";1;0;1;0;0;0;0;0;0;0;4;0;0;0;0
"17/06/2022";"22:19:00";"284";"ac02 - Aci";"140,85";"BR-050/GO";"Sul";"Tombamento";0;0;1;0;0;0;0;0;0;0;0;0;0;1;0
"18/06/2022";"00:35:00";"13";"ac03 - Aci";"147,5";"BR-050/GO";"Norte";"Choque - Elemento de Drenagem";1;0;0;0;0;0;0;0;0;0;1;0;0;0;0
"18/06/2022";"02:24:00";"20";"ac03 - Aci";"169";"BR-050/MG";"Norte";"Choque - New jersey";0;0;1;0;0;0;0;0;0;0;1;0;0;0;0
"18/06/2022";"04:05:00";"25";"ac03 - Aci";"106,01";"BR-050/MG";"Norte";"Choque - Defensa metálica";1;0;0;0;0;0;0;0;0;0;2;0;0;0;0
"18/06/2022";"04:12:00";"26";"ac03 - Aci";"34";"BR-050/MG";"Norte";"Choque - Elemento de Drenagem";1;0;0;0;0;0;0;0;0;0;1;0;0;0;0
"18/06/2022";"07:38:00";"62";"ac02 - Aci";"95,1";"BR-050/MG";"Norte";"Capotamento";1;0;0;0;0;0;0;0;0;0;0;1;0;0;0
"18/06/2022";"11:02:00";"117";"ac02 - Aci";"61";"BR-050/MG";"Norte";"Colisão Traseira";1;0;1;0;0;0;0;0;0;0;2;1;0;0;0
"19/06/2022";"00:13:00";"2";"ac03 - Aci";"118,1";"BR-050/GO";"Norte";"Tombamento";0;0;0;0;0;0;0;0;0;1;1;0;0;0;0
"19/06/2022";"01:10:00";"5";"ac02 - Aci";"112";"BR-050/GO";"Norte";"Colisão Traseira";2;0;0;0;0;0;0;0;0;0;0;1;2;0;0
"19/06/2022";"08:57:00";"62";"ac03 - Aci";"178,7";"BR-050/MG";"Sul";"Queda de Moto";0;0;0;0;0;1;0;0;0;0;0;0;0;0;0
"19/06/2022";"16:03:00";"192";"ac03 - Aci";"199";"BR-050/MG";"Norte";"Colisão Traseira";0;0;1;0;0;1;0;0;0;0;1;0;0;0;0
"19/06/2022";"18:43:00";"244";"ac02 - Aci";"281";"BR-050/GO";"Sul";"Atropelamento - Pedestre";0;0;0;1;0;0;0;0;0;0;0;2;0;0;0
"19/06/2022";"23:01:00";"306";"ac02 - Aci";"41,5";"BR-050/MG";"Norte";"Colisão lateral no mesmo sentido";2;0;0;0;0;0;0;0;0;0;4;1;0;0;0
"20/06/2022";"00:29:00";"4";"ac02 - Aci";"192";"BR-050/MG";"Sul";"Colisão lateral no mesmo sentido";2;0;0;0;0;0;0;0;0;0;4;1;0;0;0
"20/06/2022";"05:38:00";"35";"ac03 - Aci";"132";"BR-050/MG";"Sul";"Choque - Elemento de Drenagem";1;0;0;0;0;0;0;0;0;0;4;0;0;0;0
"20/06/2022";"07:10:00";"51";"ac02 - Aci";"176,5";"BR-050/MG";"Norte";"Engavetamento";2;0;0;1;0;0;0;0;0;0;2;0;1;0;0
"20/06/2022";"16:50:00";"269";"ac03 - Aci";"114,2";"BR-050/MG";"Sul";"Atropelamento de Animal";0;0;0;0;0;0;0;0;0;1;1;0;0;0;0
"20/06/2022";"21:02:00";"332";"ac03 - Aci";"40,5";"BR-050/MG";"Sul";"Choque - Elemento de Drenagem";0;0;0;0;0;0;0;0;0;1;3;0;0;0;0
"21/06/2022";"09:27:00";"88";"ac02 - Aci";"49";"BR-050/MG";"Sul";"Capotamento";1;0;0;0;0;0;0;0;0;0;0;1;0;0;0
"21/06/2022";"13:08:00";"170";"ac03 - Aci";"133,5";"BR-050/GO";"Sul";"Colisão lateral no mesmo sentido";0;0;2;0;0;0;0;0;0;0;2;0;0;0;0
"21/06/2022";"18:32:00";"274";"ac02 - Aci";"177";"BR-050/MG";"Sul";"Queda de Moto";0;0;0;1;0;0;0;0;0;0;0;1;1;0;0
"22/06/2022";"07:03:00";"37";"ac03 - Aci";"191,15";"BR-050/MG";"Norte";"Colisão Traseira";0;0;2;0;0;0;0;0;0;0;3;0;0;0;0
"22/06/2022";"15:16:00";"208";"ac03 - Aci";"61,55";"BR-050/MG";"Sul";"Tombamento";0;0;1;0;0;0;0;0;0;0;1;0;0;0;0
"23/06/2022";"07:59:00";"57";"ac02 - Aci";"169,8";"BR-050/MG";"Norte";"Queda de Moto";0;0;0;1;0;1;0;0;0;0;0;1;0;0;0
"24/06/2022";"00:29:00";"6";"ac03 - Aci";"3,1";"BR-050/MG";"Norte";"Atropelamento de Animal";1;0;0;0;0;0;0;0;0;0;1;0;0;0;0
"24/06/2022";"14:33:00";"214";"ac02 - Aci";"125";"BR-050/MG";"Norte";"Capotamento";1;0;0;0;0;0;0;0;0;0;0;0;1;0;0
"24/06/2022";"15:45:00";"238";"ac03 - Aci";"306,05";"BR-050/GO";"Sul";"Tombamento";0;0;1;0;0;0;0;0;0;0;1;0;0;0;0
"24/06/2022";"15:55:00";"242";"ac02 - Aci";"81,8";"BR-050/MG";"Norte";"Engavetamento";2;0;1;0;0;0;0;0;0;0;3;1;0;0;0
"24/06/2022";"16:32:00";"255";"ac01 - Aci";"262,9";"BR-050/GO";"Norte";"Capotamento";1;0;0;0;0;0;0;0;0;0;0;0;0;0;1
"24/06/2022";"18:46:00";"281";"ac01 - Aci";"88,55";"BR-050/MG";"Sul";"Colisão Traseira";1;0;1;1;0;1;0;0;0;0;2;2;0;0;1
"24/06/2022";"20:05:00";"303";"ac03 - Aci";"207,3";"BR-050/MG";"Norte";"Choque - New jersey";0;0;1;0;0;0;0;0;0;0;1;0;0;0;0
"24/06/2022";"20:20:00";"308";"ac03 - Aci";"207,3";"BR-050/MG";"Sul";"Choque - Objeto sobre a pista";0;0;1;0;0;0;0;0;0;0;1;0;0;0;0
"25/06/2022";"00:24:00";"3";"ac03 - Aci";"286";"BR-050/GO";"Sul";"Atropelamento de Animal";0;0;0;0;0;0;0;0;0;1;1;0;0;0;0
"25/06/2022";"11:09:00";"115";"ac02 - Aci";"16,85";"BR-050/MG";"Norte";"Tombamento";0;0;1;0;0;0;0;0;0;0;0;1;0;0;0
"25/06/2022";"20:03:00";"260";"ac03 - Aci";"21,1";"CT-UDI-MG";"Sul";"Choque - Meio fio";0;0;0;0;0;1;0;0;0;1;1;0;0;0;0
"26/06/2022";"20:14:00";"210";"ac02 - Aci";"45";"BR-050/MG";"Norte";"Queda de Moto";0;0;0;1;0;0;0;0;0;0;0;0;1;0;0
"27/06/2022";"08:29:00";"68";"ac03 - Aci";"115,2";"BR-050/MG";"Norte";"Capotamento";1;0;0;0;0;0;0;0;0;0;2;0;0;0;0
"27/06/2022";"15:44:00";"207";"ac03 - Aci";"148,5";"BR-050/MG";"Sul";"Tombamento";0;0;1;0;0;0;0;0;0;0;1;0;0;0;0
"27/06/2022";"18:02:00";"246";"ac02 - Aci";"168";"BR-050/MG";"Norte";"Atropelamento - Pedestre";1;1;0;0;0;0;0;0;0;0;1;0;1;0;0
"27/06/2022";"21:37:00";"284";"ac02 - Aci";"18";"CT-UDI-MG";"Sul";"Choque - Meio fio";0;0;1;0;0;0;0;0;0;0;0;1;0;0;0
"27/06/2022";"23:22:00";"299";"ac03 - Aci";"241,8";"BR-050/GO";"Norte";"Choque - Meio fio";1;0;0;0;0;0;0;0;0;0;1;0;0;0;0
"28/06/2022";"06:40:00";"34";"ac02 - Aci";"43,6";"BR-050/MG";"Norte";"Colisão Traseira";0;0;2;0;0;0;0;0;0;0;1;1;0;0;0
"28/06/2022";"07:27:00";"48";"ac02 - Aci";"221,79";"BR-050/GO";"Norte";"Choque - Elemento de Drenagem";0;0;0;0;0;0;0;0;0;1;1;0;1;0;0
"28/06/2022";"07:34:00";"50";"ac03 - Aci";"89,1";"BR-050/MG";"Norte";"Colisão lateral no mesmo sentido";1;0;1;0;0;0;0;0;0;0;4;0;0;0;0
"28/06/2022";"11:44:00";"148";"ac02 - Aci";"179,9";"BR-050/MG";"Sul";"Colisão lateral no mesmo sentido";0;0;0;1;0;0;0;0;0;1;2;1;0;0;0
"29/06/2022";"01:39:00";"12";"ac03 - Aci";"170,5";"BR-050/MG";"Sul";"Colisão Traseira";1;0;0;0;0;0;0;0;0;1;2;0;0;0;0
"29/06/2022";"13:14:00";"178";"ac03 - Aci";"273,4";"BR-050/GO";"Sul";"Colisão Transversal";1;0;1;0;0;0;0;0;0;0;3;0;0;0;0
"29/06/2022";"15:59:00";"216";"ac03 - Aci";"179,7";"BR-050/MG";"Sul";"Colisão Traseira";1;0;1;0;0;0;0;0;0;0;2;0;0;0;0
"29/06/2022";"19:18:00";"268";"ac03 - Aci";"174";"BR-050/MG";"Sul";"Choque - New jersey";0;0;0;0;0;0;0;0;0;1;1;0;0;0;0
"30/06/2022";"04:14:00";"24";"ac03 - Aci";"133,5";"BR-050/MG";"Norte";"Tombamento";0;0;1;0;0;0;0;0;0;0;1;0;0;0;0
"30/06/2022";"10:44:00";"117";"ac03 - Aci";"178,2";"BR-050/GO";"Sul";"Queda de veículo em ribanceira, ponte ou viaduto";0;0;1;0;0;0;0;0;0;0;2;0;0;0;0
"30/06/2022";"19:28:00";"269";"ac03 - Aci";"101";"BR-050/GO";"Sul";"Atropelamento de Animal";1;0;0;0;0;0;0;0;0;0;5;0;0;0;0
"01/07/2022";"06:36:00";"25";"ac02 - Aci";"16,5";"CT-UDI-MG";"Sul";"Atropelamento de Animal";1;0;0;0;0;0;0;0;0;0;0;0;1;0;0
"01/07/2022";"08:21:00";"60";"ac03 - Aci";"177,55";"BR-050/MG";"Norte";"Colisão Traseira";1;0;0;0;0;1;0;0;0;0;2;0;0;0;0
"01/07/2022";"09:03:00";"78";"ac03 - Aci";"174";"BR-050/MG";"Sul";"Colisão Traseira";1;0;1;0;0;0;0;0;0;0;2;0;0;0;0
"01/07/2022";"17:14:00";"240";"ac03 - Aci";"281";"BR-050/GO";"Sul";"Colisão Transversal";2;0;0;0;0;0;0;0;0;0;4;0;0;0;0
"01/07/2022";"22:06:00";"318";"ac03 - Aci";"177";"BR-050/MG";"Sul";"Capotamento";1;0;0;0;0;0;0;0;0;0;1;0;0;0;0
"01/07/2022";"23:28:00";"331";"ac02 - Aci";"79,7";"BR-050/MG";"Norte";"Capotamento";1;0;0;0;0;0;0;0;0;0;4;1;0;0;0
"02/07/2022";"05:19:00";"34";"ac03 - Aci";"104";"BR-050/GO";"Norte";"Choque - Meio fio";1;0;0;0;0;0;0;0;0;0;1;0;0;0;0
"02/07/2022";"11:30:00";"107";"ac03 - Aci";"77,3";"BR-050/MG";"Norte";"Colisão Traseira";1;0;1;0;0;0;0;0;0;0;5;0;0;0;0
"02/07/2022";"13:34:00";"140";"ac03 - Aci";"1,1";"BR-050/MG";"Sul";"Choque - Sinalização";1;0;0;0;0;0;0;0;0;0;3;0;0;0;0
"02/07/2022";"17:52:00";"209";"ac03 - Aci";"179,5";"BR-050/MG";"Sul";"Engavetamento";1;0;0;0;0;0;0;0;0;2;4;0;0;0;0
"02/07/2022";"20:35:00";"260";"ac03 - Aci";"206,5";"BR-050/MG";"Sul";"Tombamento";0;0;0;0;0;0;0;0;0;1;1;0;0;0;0
"02/07/2022";"21:41:00";"272";"ac03 - Aci";"57,86";"BR-050/MG";"Norte";"Capotamento";1;0;0;0;0;0;0;0;0;0;1;0;0;0;0
"02/07/2022";"22:11:00";"279";"ac03 - Aci";"105";"BR-050/GO";"Sul";"Choque - Elemento de Drenagem";1;0;0;0;0;0;0;0;0;0;5;0;0;0;0
"03/07/2022";"15:48:00";"180";"ac01 - Aci";"44,7";"BR-050/MG";"Sul";"Engavetamento";6;0;1;0;0;0;0;0;0;1;10;4;1;1;1
"03/07/2022";"19:01:00";"235";"ac02 - Aci";"97,5";"BR-050/GO";"Norte";"Colisão Traseira";2;0;0;0;0;0;0;0;0;0;0;0;1;0;0
"03/07/2022";"20:05:00";"248";"ac03 - Aci";"8,5";"CT-UDI-MG";"Norte";"Choque - Elemento de Drenagem";1;0;0;0;0;0;0;0;0;0;3;0;0;0;0
"03/07/2022";"20:23:00";"252";"ac03 - Aci";"54";"BR-050/MG";"Norte";"Colisão lateral no mesmo sentido";0;0;2;0;0;0;0;0;0;0;2;0;0;0;0
"04/07/2022";"00:21:00";"6";"ac02 - Aci";"235,75";"BR-050/GO";"Sul";"Capotamento";0;0;1;0;0;0;0;0;0;0;0;0;0;1;0
"04/07/2022";"10:54:00";"120";"ac03 - Aci";"21";"CT-UDI-MG";"Sul";"Colisão Transversal";1;0;0;0;0;1;0;0;0;0;1;0;0;0;0
"05/07/2022";"16:24:00";"228";"ac02 - Aci";"47,7";"BR-050/MG";"Norte";"Colisão Traseira";1;0;0;1;0;0;0;0;0;0;5;1;0;0;0
"05/07/2022";"18:11:00";"264";"ac03 - Aci";"175";"BR-050/MG";"Sul";"Colisão Transversal";1;0;1;0;0;0;0;0;0;0;6;0;0;0;0
"05/07/2022";"18:59:00";"278";"ac03 - Aci";"25,5";"BR-050/MG";"Sul";"Colisão Traseira";1;0;2;0;0;0;0;0;0;0;4;0;0;0;0
"06/07/2022";"06:23:00";"33";"ac03 - Aci";"286,83";"BR-050/GO";"Norte";"Choque - Defensa metálica";1;0;0;0;0;0;0;0;0;0;4;0;0;0;0
"06/07/2022";"07:40:00";"53";"ac03 - Aci";"36";"BR-050/MG";"Norte";"Colisão lateral no sentido contrário";0;0;1;1;0;0;0;0;0;0;2;0;0;0;0
"06/07/2022";"08:02:00";"63";"ac03 - Aci";"176,8";"BR-050/MG";"Sul";"Colisão Traseira";1;0;1;0;0;0;0;0;0;0;2;0;0;0;0
"07/07/2022";"14:37:00";"206";"ac03 - Aci";"259,6";"BR-050/GO";"Sul";"Choque - Meio fio";1;0;0;0;0;1;0;0;0;0;3;0;0;0;0
"07/07/2022";"15:54:00";"227";"ac02 - Aci";"175,98";"BR-050/MG";"Norte";"Capotamento";0;0;0;0;0;0;0;0;0;1;0;0;1;0;0
"07/07/2022";"15:59:00";"228";"ac03 - Aci";"104,8";"BR-050/MG";"Norte";"Colisão Traseira";1;0;1;0;0;0;0;0;0;0;3;0;0;0;0
"07/07/2022";"16:43:00";"243";"ac02 - Aci";"15";"CT-UDI-MG";"Norte";"Queda de Moto";0;0;0;1;0;0;0;0;0;0;0;1;0;0;0
"07/07/2022";"23:13:00";"339";"ac03 - Aci";"223";"BR-050/GO";"Norte";"Queda de Moto";0;0;0;1;0;0;0;0;0;0;0;0;0;0;0
"08/07/2022";"04:41:00";"17";"ac03 - Aci";"1,09";"BR-050/MG";"Norte";"Choque - Sinalização";1;0;0;0;0;0;0;0;0;0;4;0;0;0;0
"08/07/2022";"08:02:00";"57";"ac03 - Aci";"183,1";"BR-050/MG";"Norte";"Choque - New jersey";1;0;0;0;0;0;0;0;0;0;4;0;0;0;0
"08/07/2022";"10:15:00";"100";"ac02 - Aci";"50,9";"BR-050/MG";"Sul";"Choque - Talude ou Barranco";1;0;0;0;0;0;0;0;0;0;0;1;0;0;0
"08/07/2022";"16:01:00";"214";"ac03 - Aci";"176,5";"BR-050/MG";"Norte";"Colisão lateral no mesmo sentido";1;0;1;0;0;0;0;0;0;0;2;0;0;0;0
"08/07/2022";"21:00:00";"297";"ac02 - Aci";"177";"BR-050/MG";"Sul";"Capotamento";0;0;0;0;0;0;0;0;0;1;0;1;0;0;0
"09/07/2022";"00:59:00";"10";"ac02 - Aci";"20,7";"BR-050/MG";"Sul";"Tombamento";1;0;1;0;0;0;0;0;0;0;1;1;0;0;0
"09/07/2022";"03:48:00";"20";"ac02 - Aci";"171";"BR-050/MG";"Norte";"Queda de Moto";0;0;0;1;0;0;0;0;0;0;0;0;1;0;0
"09/07/2022";"18:47:00";"228";"ac02 - Aci";"174";"BR-050/MG";"Sul";"Queda de Ciclista";0;1;0;0;0;0;0;0;0;0;0;1;0;0;0
"09/07/2022";"22:25:00";"285";"ac03 - Aci";"27,8";"BR-050/MG";"Sul";"Choque - Defensa metálica";0;0;1;0;0;0;0;0;0;0;1;0;0;0;0
"10/07/2022";"00:33:00";"4";"ac03 - Aci";"119";"BR-050/GO";"Norte";"Choque - Elemento de Drenagem";1;0;0;0;0;0;0;0;0;0;2;0;0;0;0
"10/07/2022";"06:48:00";"41";"ac01 - Aci";"267";"BR-050/GO";"Sul";"Capotamento";0;0;0;0;0;0;0;0;0;1;0;0;0;2;1
"10/07/2022";"11:26:00";"112";"ac02 - Aci";"269,99";"BR-050/GO";"Sul";"Queda de Moto";0;0;0;1;0;0;0;0;0;0;0;0;2;0;0
"10/07/2022";"14:33:00";"156";"ac03 - Aci";"55,82";"BR-050/MG";"Sul";"Queda de Moto";0;0;0;1;0;0;0;0;0;0;2;0;0;0;0
"10/07/2022";"19:48:00";"236";"ac02 - Aci";"277";"BR-050/GO";"Norte";"Choque - Meio fio";1;0;0;0;0;0;0;0;0;0;0;1;0;0;0
"10/07/2022";"20:05:00";"241";"ac02 - Aci";"175,3";"BR-050/MG";"Norte";"Colisão lateral no mesmo sentido";1;0;0;0;0;1;0;0;0;0;0;4;0;0;0
"10/07/2022";"23:08:00";"276";"ac03 - Aci";"207,45";"BR-050/GO";"Norte";"Choque - Poste";1;0;0;0;0;0;0;0;0;0;1;0;0;0;0
"11/07/2022";"05:43:00";"19";"ac03 - Aci";"98";"BR-050/GO";"Sul";"Colisão Traseira";1;0;0;0;0;0;0;0;0;1;7;0;0;0;0
"11/07/2022";"14:11:00";"193";"ac03 - Aci";"106,75";"BR-050/MG";"Norte";"Colisão Traseira";0;0;2;0;0;0;0;0;0;0;3;0;0;0;0
"11/07/2022";"18:17:00";"270";"ac02 - Aci";"97,65";"BR-050/GO";"Norte";"Colisão Traseira";1;0;0;0;0;0;0;0;0;1;3;1;0;0;0
"12/07/2022";"07:12:00";"51";"ac02 - Aci";"20";"CT-UDI-MG";"Norte";"Queda de Moto";0;0;0;1;0;1;0;0;0;0;0;1;0;0;0
"13/07/2022";"15:06:00";"159";"ac02 - Aci";"84";"BR-050/MG";"Sul";"Capotamento";1;0;1;0;0;0;0;0;0;0;1;1;0;0;0
"14/07/2022";"00:23:00";"2";"ac03 - Aci";"48,38";"BR-050/MG";"Norte";"Choque - Meio fio";1;0;0;0;0;0;0;0;0;0;1;0;0;0;0
"14/07/2022";"06:38:00";"35";"ac03 - Aci";"148,1";"BR-050/MG";"Sul";"Tombamento";0;0;1;0;0;0;0;0;0;0;1;0;0;0;0
"14/07/2022";"07:08:00";"41";"ac02 - Aci";"18,1";"CT-UDI-MG";"Sul";"Colisão lateral no mesmo sentido";1;1;0;0;0;0;0;0;0;0;5;0;1;0;0
"14/07/2022";"07:49:00";"52";"ac02 - Aci";"3,68";"BR-050/MG";"Sul";"Choque - Veiculo parado na pista";1;0;1;0;0;0;0;0;0;0;2;1;0;0;0
"14/07/2022";"17:11:00";"248";"ac02 - Aci";"98";"BR-050/GO";"Sul";"Colisão Transversal";0;0;1;1;0;0;0;0;0;0;1;0;0;1;0
"14/07/2022";"19:26:00";"281";"ac03 - Aci";"25,7";"BR-050/MG";"Norte";"Choque - Talude ou Barranco";0;0;1;0;0;0;0;0;0;0;1;0;0;0;0
"15/07/2022";"01:03:00";"17";"ac03 - Aci";"179,45";"BR-050/MG";"Norte";"Atropelamento de Animal";0;0;1;0;0;0;0;0;0;0;1;0;0;0;0
"15/07/2022";"20:20:00";"344";"ac03 - Aci";"90,35";"BR-050/MG";"Sul";"Choque - Sinalização";1;0;0;0;0;0;0;0;0;0;2;0;0;0;0
"15/07/2022";"21:41:00";"370";"ac03 - Aci";"115";"BR-050/MG";"Norte";"Choque - Defensa metálica";1;0;0;0;0;0;0;0;0;0;2;0;0;0;0
"16/07/2022";"01:15:00";"10";"ac02 - Aci";"278,9";"BR-050/GO";"Sul";"Queda de Moto";0;0;0;1;0;0;0;0;0;0;1;0;1;0;0
"16/07/2022";"10:48:00";"115";"ac03 - Aci";"153,7";"BR-050/MG";"Norte";"Capotamento";1;0;0;0;0;0;0;0;0;0;2;0;0;0;0
"16/07/2022";"19:50:00";"279";"ac03 - Aci";"172";"BR-050/GO";"Norte";"Capotamento";0;0;0;0;0;0;0;0;0;1;1;0;0;0;0
"16/07/2022";"20:45:00";"290";"ac02 - Aci";"83,85";"BR-050/MG";"Norte";"Colisão Traseira";1;0;0;0;0;0;0;0;0;1;0;3;0;0;0
"16/07/2022";"21:13:00";"294";"ac02 - Aci";"82,5";"BR-050/MG";"Norte";"Colisão Traseira";2;0;0;0;0;0;0;0;0;0;0;1;0;0;0
"16/07/2022";"21:44:00";"301";"ac02 - Aci";"174";"BR-050/MG";"Sul";"Colisão Frontal";0;2;0;0;0;0;0;0;0;0;0;1;1;0;0
"17/07/2022";"02:29:00";"19";"ac03 - Aci";"42,7";"BR-050/MG";"Norte";"Choque - Defensa metálica";1;0;0;0;0;0;0;0;0;0;1;0;0;0;0
"17/07/2022";"04:50:00";"26";"ac03 - Aci";"64,8";"BR-050/MG";"Sul";"Colisão Traseira";1;0;0;0;0;1;0;0;0;0;2;0;0;0;0
"17/07/2022";"05:15:00";"28";"ac03 - Aci";"98";"BR-050/GO";"Norte";"Choque - Sinalização";1;0;0;0;0;0;0;0;0;0;2;0;0;0;0
"17/07/2022";"13:07:00";"128";"ac03 - Aci";"198,06";"BR-050/MG";"Norte";"Colisão Traseira";1;0;1;0;0;0;0;0;0;0;2;0;0;0;0
"17/07/2022";"21:33:00";"269";"ac02 - Aci";"276,3";"BR-050/GO";"Norte";"Choque - Defensa metálica";1;0;0;0;0;0;0;0;0;0;1;0;1;0;0
"18/07/2022";"04:51:00";"28";"ac03 - Aci";"96";"BR-050/GO";"Sul";"Capotamento";1;0;0;0;0;0;0;0;0;0;1;0;0;0;0
"18/07/2022";"07:58:00";"59";"ac03 - Aci";"138,7";"BR-050/MG";"Norte";"Choque - Elemento de Drenagem";1;0;0;0;0;0;0;0;0;0;3;0;0;0;0
"20/07/2022";"08:35:00";"72";"ac03 - Aci";"209,1";"BR-050/GO";"Norte";"Colisão lateral no mesmo sentido";1;0;1;0;0;0;0;0;0;0;5;0;0;0;0
"20/07/2022";"17:06:00";"230";"ac02 - Aci";"24";"BR-050/MG";"Norte";"Queda de veículo em ribanceira, ponte ou viaduto";1;0;0;0;0;0;0;0;0;0;0;0;1;0;0
"20/07/2022";"19:45:00";"277";"ac03 - Aci";"29,8";"BR-050/MG";"Norte";"Choque - Elemento de Drenagem";0;0;1;0;0;0;0;0;0;0;1;0;0;0;0
"21/07/2022";"15:19:00";"239";"ac02 - Aci";"19,5";"BR-050/MG";"Sul";"Colisão Traseira";1;0;1;0;0;0;0;0;0;0;3;2;0;0;0
"21/07/2022";"16:17:00";"265";"ac03 - Aci";"198,5";"BR-050/MG";"Norte";"Choque - Defensa metálica";1;0;0;0;0;0;0;0;0;0;1;0;0;0;0
"21/07/2022";"21:02:00";"358";"ac03 - Aci";"262,4";"BR-050/GO";"Norte";"Atropelamento de Animal";1;0;0;0;0;0;0;0;0;0;5;0;0;0;0
"21/07/2022";"22:31:00";"378";"ac03 - Aci";"176";"BR-050/MG";"Norte";"Colisão Traseira";2;0;0;0;0;0;0;0;0;0;2;0;0;0;0
"22/07/2022";"02:44:00";"17";"ac03 - Aci";"176";"BR-050/MG";"Sul";"Choque - Meio fio";1;0;0;0;0;0;0;0;0;0;3;0;0;0;0
"22/07/2022";"04:32:00";"32";"ac03 - Aci";"180,5";"BR-050/MG";"Sul";"Atropelamento de Animal";0;0;1;0;0;0;0;0;0;0;1;0;0;0;0
"22/07/2022";"04:49:00";"35";"ac01 - Aci";"280,15";"BR-050/GO";"Sul";"Colisão Traseira";1;0;0;1;0;0;0;0;0;0;0;0;0;0;1
"22/07/2022";"06:27:00";"47";"ac03 - Aci";"98,2";"BR-050/MG";"Norte";"Objeto lançado contra veículo";1;0;0;0;0;0;0;0;0;0;3;0;0;0;0
"22/07/2022";"10:02:00";"148";"ac03 - Aci";"219";"BR-050/GO";"Sul";"Choque - Talude ou Barranco";1;0;0;0;0;0;0;0;0;0;6;0;0;0;0
"22/07/2022";"17:23:00";"295";"ac03 - Aci";"28";"BR-050/MG";"Sul";"Colisão Traseira";1;0;1;0;0;0;0;0;0;0;2;0;0;0;0
"22/07/2022";"17:33:00";"299";"ac03 - Aci";"97,5";"BR-050/GO";"Sul";"Colisão Transversal";0;0;0;1;0;0;0;0;0;1;2;0;0;0;0
"22/07/2022";"22:58:00";"388";"ac03 - Aci";"180";"BR-050/MG";"Norte";"Queda de Moto";0;0;0;1;0;0;0;0;0;0;1;0;0;0;0
"23/07/2022";"10:48:00";"141";"ac02 - Aci";"98,8";"BR-050/MG";"Norte";"Colisão lateral no mesmo sentido";1;0;1;0;0;0;0;0;0;0;5;2;0;0;0
"23/07/2022";"16:43:00";"245";"ac03 - Aci";"100";"BR-050/MG";"Sul";"Queda de veículo em ribanceira, ponte ou viaduto";1;0;0;0;0;0;0;0;0;0;2;0;0;0;0
"24/07/2022";"04:03:00";"24";"ac03 - Aci";"157";"BR-050/MG";"Norte";"Choque - Elemento de Drenagem";1;0;0;0;0;0;0;0;0;0;2;0;0;0;0
"24/07/2022";"08:36:00";"80";"ac02 - Aci";"82,8";"BR-050/MG";"Norte";"Colisão lateral no mesmo sentido";1;0;1;0;0;0;0;0;0;0;1;1;0;0;0
"24/07/2022";"12:44:00";"159";"ac03 - Aci";"169,05";"BR-050/MG";"Sul";"Colisão lateral no mesmo sentido";1;0;1;0;0;0;0;0;0;0;3;0;0;0;0
"24/07/2022";"19:05:00";"281";"ac03 - Aci";"96,8";"BR-050/GO";"Sul";"Colisão Traseira";1;0;0;1;0;0;0;0;0;0;3;0;0;0;0
"25/07/2022";"08:43:00";"75";"ac02 - Aci";"179,32";"BR-050/MG";"Sul";"Queda de Moto";0;0;0;1;0;0;0;0;0;0;0;1;0;0;0
"25/07/2022";"09:16:00";"93";"ac02 - Aci";"110,1";"BR-050/GO";"Sul";"Choque - Sinalização";1;0;0;0;0;0;0;0;0;0;0;1;0;0;0
"25/07/2022";"15:38:00";"218";"ac03 - Aci";"171,7";"BR-050/MG";"Norte";"Choque - Outros";0;0;1;0;0;0;0;0;0;0;1;0;0;0;0
"25/07/2022";"15:59:00";"225";"ac03 - Aci";"171,6";"BR-050/MG";"Norte";"Colisão Traseira";0;0;2;0;0;0;0;0;0;0;2;0;0;0;0
"25/07/2022";"16:40:00";"239";"ac03 - Aci";"171,7";"BR-050/MG";"Norte";"Colisão lateral no mesmo sentido";1;0;1;0;0;0;0;0;0;0;2;0;0;0;0
"25/07/2022";"19:45:00";"282";"ac03 - Aci";"39";"BR-050/MG";"Norte";"Choque - Sinalização";1;0;0;0;0;0;0;0;0;0;1;0;0;0;0
"26/07/2022";"14:10:00";"201";"ac02 - Aci";"62,16";"BR-050/MG";"Norte";"Choque - Meio fio";0;0;0;1;0;0;0;0;0;0;0;1;0;0;0
"26/07/2022";"21:07:00";"318";"ac03 - Aci";"96,4";"BR-050/MG";"Norte";"Colisão Traseira";0;0;1;0;0;0;0;0;0;1;3;0;0;0;0
"26/07/2022";"21:23:00";"323";"ac03 - Aci";"165,95";"BR-050/GO";"Sul";"Tombamento";0;0;1;0;0;0;0;0;0;0;1;0;0;0;0
"27/07/2022";"15:27:00";"246";"ac03 - Aci";"190";"BR-050/MG";"Sul";"Colisão Traseira";0;0;1;0;0;1;0;0;0;0;2;0;0;0;0
"27/07/2022";"16:12:00";"260";"ac02 - Aci";"300";"BR-050/GO";"Sul";"Choque - Elemento de Drenagem";0;0;0;1;0;0;0;0;0;0;0;0;1;0;0