data;horario;n_da_ocorrencia;tipo_de_ocorrencia;km;trecho;sentido;tipo_de_acidente;automovel;bicicleta;caminhao;moto;onibus;outros;tracao_animal;transporte_de_cargas_especiais;trator_maquinas;utilitarios;ilesos;levemente_feridos;moderadamente_feridos;gravemente_feridos;mortos
"04/09/2022";"05:41:00";"28";"ac03 - Aci";"62,02";"BR-050/MG";"Sul";"Choque - Elemento de Drenagem";1;0;0;0;0;0;0;0;0;0;2;0;0;0;0
"04/09/2022";"17:43:00";"221";"ac03 - Aci";"251,53";"BR-050/GO";"Sul";"Choque - Arvore";0;0;0;0;0;0;0;0;0;1;1;0;0;0;0
"05/09/2022";"12:24:00";"179";"ac03 - Aci";"140";"BR-050/MG";"Sul";"Choque - Elemento de Drenagem";0;0;1;0;0;0;0;0;0;0;1;0;0;0;0
"05/09/2022";"18:11:00";"269";"ac02 - Aci";"180";"BR-050/MG";"Norte";"Queda de Moto";0;0;0;1;0;0;0;0;0;0;0;1;0;0;0
"05/09/2022";"18:44:00";"282";"ac02 - Aci";"176";"BR-050/MG";"Sul";"Engavetamento";3;0;0;0;0;0;0;0;0;0;8;1;0;0;0
"06/09/2022";"11:19:00";"167";"ac03 - Aci";"84,4";"BR-050/MG";"Norte";"Colisão lateral no mesmo sentido";1;0;1;0;0;0;0;0;0;0;4;0;0;0;0
"06/09/2022";"15:30:00";"261";"ac03 - Aci";"164,92";"BR-050/MG";"Norte";"Colisão Traseira";0;0;0;0;0;1;0;0;0;1;1;0;0;0;0
"06/09/2022";"19:08:00";"336";"ac02 - Aci";"124";"BR-050/GO";"Sul";"Colisão Traseira";2;0;0;0;0;0;0;0;0;0;0;0;2;0;0
"07/09/2022";"05:52:00";"27";"ac02 - Aci";"180";"BR-050/MG";"Sul";"Atropelamento de Animal";0;0;0;1;0;0;0;0;0;0;0;1;0;0;0
"07/09/2022";"14:26:00";"203";"ac02 - Aci";"174";"BR-050/MG";"Sul";"Choque - Poste";1;0;0;0;0;0;0;0;0;0;4;1;0;0;0
"07/09/2022";"14:47:00";"208";"ac03 - Aci";"47,9";"BR-050/MG";"Norte";"Colisão Traseira";1;0;0;0;0;0;0;0;0;1;6;0;0;0;0
"07/09/2022";"15:12:00";"217";"ac02 - Aci";"164,15";"BR-050/GO";"Sul";"Choque - Talude ou Barranco";0;0;0;0;0;0;0;0;0;1;1;0;1;0;0
"07/09/2022";"20:20:00";"304";"ac02 - Aci";"174,5";"BR-050/MG";"Norte";"Colisão Traseira";1;0;0;1;0;0;0;0;0;0;1;1;0;0;0
"08/09/2022";"01:58:00";"13";"ac02 - Aci";"113,5";"BR-050/GO";"Sul";"Capotamento";1;0;0;0;0;0;0;0;0;0;0;0;1;0;0
"08/09/2022";"03:19:00";"21";"ac03 - Aci";"278";"BR-050/GO";"Sul";"Capotamento";1;0;0;0;0;0;0;0;0;0;0;0;0;0;0
"08/09/2022";"08:33:00";"88";"ac03 - Aci";"177,5";"BR-050/MG";"Sul";"Choque - Talude ou Barranco";0;0;1;0;0;0;0;0;0;0;1;0;0;0;0
"08/09/2022";"14:52:00";"208";"ac02 - Aci";"104,2";"BR-050/MG";"Sul";"Colisão lateral no mesmo sentido";1;0;1;0;0;0;0;0;0;0;2;1;0;0;0
"09/09/2022";"01:55:00";"16";"ac02 - Aci";"199,5";"BR-050/MG";"Sul";"Colisão Traseira";0;0;0;0;0;1;0;0;0;1;0;1;0;0;0
"09/09/2022";"01:56:00";"17";"ac03 - Aci";"153,4";"BR-050/MG";"Norte";"Choque - Outros";1;0;0;0;0;0;0;0;0;0;1;0;0;0;0
"09/09/2022";"15:18:00";"233";"ac03 - Aci";"313,25";"BR-050/GO";"Norte";"Colisão Traseira";1;0;1;0;0;0;0;0;0;0;2;0;0;0;0
"09/09/2022";"21:51:00";"380";"ac03 - Aci";"29,8";"BR-050/MG";"Norte";"Choque - Elemento de Drenagem";1;0;0;0;0;0;0;0;0;0;2;0;0;0;0
"09/09/2022";"22:54:00";"391";"ac03 - Aci";"21";"CT-UDI-MG";"Norte";"Colisão Traseira";2;0;0;0;0;0;0;0;0;0;3;0;0;0;0
"10/09/2022";"11:06:00";"176";"ac03 - Aci";"13,73";"BR-050/MG";"Norte";"Colisão lateral no mesmo sentido";0;0;1;0;0;0;0;0;0;1;3;0;0;0;0
"10/09/2022";"12:00:00";"204";"ac02 - Aci";"187,3";"BR-050/MG";"Norte";"Colisão lateral no mesmo sentido";0;0;1;0;0;0;0;0;0;1;1;0;1;0;0
"10/09/2022";"19:19:00";"366";"ac03 - Aci";"80,5";"BR-050/MG";"Sul";"Colisão lateral no mesmo sentido";0;0;0;0;0;1;0;0;0;1;5;0;0;0;0
"11/09/2022";"03:57:00";"24";"ac02 - Aci";"95,7";"BR-050/GO";"Norte";"Colisão lateral no sentido contrário";1;0;1;0;0;0;0;0;0;0;1;3;0;0;0
"11/09/2022";"04:37:00";"31";"ac02 - Aci";"27,6";"BR-050/MG";"Norte";"Atropelamento - Pedestre";0;0;1;0;0;0;0;0;0;0;1;0;1;0;0
"11/09/2022";"06:09:00";"43";"ac03 - Aci";"269";"BR-050/GO";"Norte";"Choque - Talude ou Barranco";1;0;0;0;0;0;0;0;0;0;2;0;0;0;0
"11/09/2022";"09:58:00";"117";"ac03 - Aci";"273";"BR-050/GO";"Norte";"Choque - Sinalização";1;0;0;0;0;0;0;0;0;0;1;0;0;0;0
"11/09/2022";"16:30:00";"264";"ac03 - Aci";"198,17";"BR-050/MG";"Norte";"Colisão Traseira";2;0;0;0;0;0;0;0;0;0;6;0;0;0;0
"11/09/2022";"19:51:00";"348";"ac03 - Aci";"193,5";"BR-050/MG";"Norte";"Colisão Traseira";2;0;0;0;0;0;0;0;0;0;5;0;0;0;0
"11/09/2022";"20:08:00";"357";"ac03 - Aci";"14";"BR-050/MG";"Norte";"Colisão Traseira";0;0;2;0;0;0;0;0;0;0;2;0;0;0;0
"12/09/2022";"03:49:00";"21";"ac03 - Aci";"174,2";"BR-050/MG";"Norte";"Atropelamento de Animal";0;0;0;0;0;0;0;0;0;1;1;0;0;0;0
"12/09/2022";"16:14:00";"266";"ac03 - Aci";"108,5";"BR-050/MG";"Norte";"Colisão Transversal";0;0;0;0;1;0;0;0;0;1;2;0;0;0;0
"12/09/2022";"18:38:00";"311";"ac01 - Aci";"177,2";"BR-050/MG";"Norte";"Capotamento";1;0;0;0;0;0;0;0;0;0;0;0;1;3;1
"12/09/2022";"21:47:00";"360";"ac03 - Aci";"187";"BR-050/MG";"Norte";"Choque - Elemento de Drenagem";1;0;0;0;0;0;0;0;0;0;4;0;0;0;0
"12/09/2022";"21:54:00";"361";"ac03 - Aci";"173,2";"BR-050/MG";"Norte";"Colisão Traseira";1;0;0;0;0;1;0;0;0;0;1;0;0;0;0
"13/09/2022";"04:21:00";"30";"ac03 - Aci";"99";"BR-050/GO";"Sul";"Atropelamento de Animal";1;0;0;0;0;1;0;0;0;0;1;0;0;0;0
"13/09/2022";"07:19:00";"64";"ac02 - Aci";"156";"BR-050/MG";"Norte";"Colisão Traseira";1;0;0;0;0;1;0;0;0;0;0;1;0;0;0
"13/09/2022";"12:57:00";"205";"ac03 - Aci";"272";"BR-050/GO";"Sul";"Tombamento";0;0;1;0;0;0;0;0;0;0;1;0;0;0;0
"13/09/2022";"23:27:00";"392";"ac03 - Aci";"174";"BR-050/MG";"Norte";"Tombamento";0;0;1;0;0;0;0;0;0;0;1;0;0;0;0
"14/09/2022";"06:20:00";"32";"ac03 - Aci";"169,3";"BR-050/MG";"Sul";"Colisão Traseira";1;0;0;0;0;0;0;0;0;1;7;0;0;0;0
"14/09/2022";"19:14:00";"366";"ac02 - Aci";"176,799";"BR-050/MG";"Sul";"Capotamento";1;0;0;0;0;0;0;0;0;0;1;1;0;0;0
"15/09/2022";"06:05:00";"39";"ac03 - Aci";"81,1";"BR-050/MG";"Norte";"Choque - Sinalização";1;0;0;0;0;0;0;0;0;0;2;0;0;0;0
"15/09/2022";"07:58:00";"82";"ac03 - Aci";"198";"BR-050/MG";"Norte";"Colisão Traseira";2;0;0;0;0;0;0;0;0;0;4;0;0;0;0
"15/09/2022";"13:22:00";"202";"ac02 - Aci";"114";"BR-050/GO";"Sul";"Choque - Outros";0;0;0;0;0;1;0;0;0;1;0;2;0;0;0
"15/09/2022";"20:17:00";"335";"ac03 - Aci";"135,9";"BR-050/MG";"Norte";"Colisão lateral no mesmo sentido";0;0;2;0;0;0;0;0;0;0;2;0;0;0;0
"16/09/2022";"13:00:00";"220";"ac03 - Aci";"29,75";"BR-050/MG";"Norte";"Choque - Meio fio";1;0;0;0;0;0;0;0;0;0;4;0;0;0;0
"16/09/2022";"19:39:00";"344";"ac03 - Aci";"97,9";"BR-050/MG";"Sul";"Choque - Talude ou Barranco";1;0;0;0;0;0;0;0;0;0;2;0;0;0;0
"16/09/2022";"23:03:00";"384";"ac03 - Aci";"42,8";"BR-050/MG";"Sul";"Choque - Defensa metálica";0;0;1;0;0;0;0;0;0;0;1;0;0;0;0
"17/09/2022";"03:51:00";"23";"ac02 - Aci";"184,5";"BR-050/MG";"Norte";"Colisão Transversal";2;0;0;0;0;0;0;0;0;0;0;2;2;0;0
"17/09/2022";"05:09:00";"29";"ac03 - Aci";"38";"BR-050/MG";"Sul";"Choque - Defensa metálica";1;0;0;0;0;0;0;0;0;0;3;0;0;0;0
"17/09/2022";"17:29:00";"256";"ac02 - Aci";"118,95";"BR-050/MG";"Norte";"Capotamento";1;0;1;0;0;0;0;0;0;0;1;0;1;0;0
"17/09/2022";"18:54:00";"269";"ac02 - Aci";"102,15";"BR-050/GO";"Norte";"Colisão Traseira";2;0;0;0;0;0;0;0;0;0;4;1;0;0;0
"17/09/2022";"22:48:00";"321";"ac03 - Aci";"163,8";"BR-050/MG";"Norte";"Choque - Elemento de Drenagem";1;0;0;0;0;0;0;0;0;0;2;0;0;0;0
"18/09/2022";"02:03:00";"13";"ac03 - Aci";"54";"BR-050/MG";"Norte";"Choque - New jersey";1;0;0;0;0;0;0;0;0;0;1;0;0;0;0
"18/09/2022";"10:07:00";"119";"ac03 - Aci";"48,25";"BR-050/MG";"Norte";"Choque - New jersey";0;0;0;0;0;1;0;0;0;1;3;0;0;0;0
"18/09/2022";"21:37:00";"369";"ac02 - Aci";"105";"BR-050/GO";"Sul";"Queda de Moto";0;0;0;1;0;0;0;0;0;0;0;0;1;0;0
"19/09/2022";"01:52:00";"18";"ac02 - Aci";"29,7";"BR-050/MG";"Norte";"Queda de veículo em ribanceira, ponte ou viaduto";0;0;1;0;0;0;0;0;0;0;0;0;1;0;0
"19/09/2022";"08:39:00";"97";"ac03 - Aci";"77,3";"BR-050/MG";"Sul";"Colisão Traseira";2;0;0;0;0;0;0;0;0;0;8;0;0;0;0
"19/09/2022";"15:37:00";"269";"ac03 - Aci";"126,6";"BR-050/MG";"Sul";"Engavetamento";1;0;0;0;0;0;0;0;0;2;12;0;0;0;0
"19/09/2022";"17:12:00";"314";"ac03 - Aci";"41,35";"BR-050/MG";"Norte";"Choque - Meio fio";1;0;0;0;0;0;0;0;0;0;1;0;0;0;0
"20/09/2022";"05:40:00";"23";"ac03 - Aci";"27,9";"BR-050/MG";"Sul";"Choque - Meio fio";0;0;0;0;0;0;0;0;0;1;5;0;0;0;0
"20/09/2022";"07:11:00";"36";"ac03 - Aci";"96,3";"BR-050/MG";"Norte";"Colisão Traseira";0;0;2;0;0;0;0;0;0;0;3;0;0;0;0
"20/09/2022";"08:02:00";"60";"ac02 - Aci";"140,16";"BR-050/MG";"Sul";"Capotamento";1;0;0;0;0;0;0;0;0;0;0;1;0;0;0
"20/09/2022";"14:23:00";"195";"ac02 - Aci";"268,4";"BR-050/GO";"Norte";"Choque - Arvore";1;0;0;0;0;0;0;0;0;0;0;1;0;0;0
"20/09/2022";"14:56:00";"202";"ac02 - Aci";"186";"BR-050/MG";"Sul";"Choque - New jersey";0;0;0;0;0;0;0;0;0;1;0;1;0;0;0
"21/09/2022";"07:55:00";"74";"ac03 - Aci";"19,66";"BR-050/MG";"Sul";"Choque - Elemento de Drenagem";0;0;1;0;0;0;0;0;0;0;1;0;0;0;0
"21/09/2022";"09:14:00";"107";"ac03 - Aci";"98,85";"BR-050/GO";"Sul";"Colisão Transversal";1;0;0;0;0;0;0;0;0;1;2;0;0;0;0
"21/09/2022";"11:05:00";"152";"ac03 - Aci";"40";"BR-050/MG";"Norte";"Colisão Traseira";0;0;0;0;0;1;0;0;0;2;3;0;0;0;0
"21/09/2022";"11:45:00";"175";"ac03 - Aci";"180";"BR-050/MG";"Sul";"Choque - New jersey";0;0;1;0;0;0;0;0;0;0;2;0;0;0;0
"21/09/2022";"14:35:00";"234";"ac03 - Aci";"62,4";"BR-050/MG";"Norte";"Tombamento";0;0;0;0;0;0;0;0;0;1;2;0;0;0;0
"21/09/2022";"15:44:00";"253";"ac02 - Aci";"21,45";"CT-UDI-MG";"Norte";"Atropelamento - Funcionário";0;0;0;1;0;0;0;0;0;0;0;2;0;0;0
"21/09/2022";"17:28:00";"296";"ac02 - Aci";"170,35";"BR-050/MG";"Sul";"Colisão Traseira";1;0;1;0;0;0;0;0;0;0;1;1;0;0;0
"21/09/2022";"19:13:00";"331";"ac02 - Aci";"148,5";"BR-050/MG";"Norte";"Colisão lateral no sentido contrário";1;0;1;0;0;0;0;0;0;0;1;1;0;0;0
"21/09/2022";"19:26:00";"336";"ac02 - Aci";"176";"BR-050/MG";"Norte";"Colisão lateral no mesmo sentido";0;1;0;1;0;0;0;0;0;0;0;2;0;0;0
"21/09/2022";"21:51:00";"376";"ac03 - Aci";"0,8";"BR-050/MG";"Norte";"Choque - Elemento de Drenagem";0;0;0;0;0;0;0;0;0;1;3;0;0;0;0
"22/09/2022";"02:05:00";"10";"ac03 - Aci";"29,8";"BR-050/MG";"Norte";"Choque - Elemento de Drenagem";1;0;0;0;0;0;0;0;0;0;1;0;0;0;0
"22/09/2022";"06:54:00";"58";"ac03 - Aci";"271,8";"BR-050/GO";"Norte";"Choque - Elemento de Drenagem";1;0;0;0;0;0;0;0;0;0;1;0;0;0;0
"22/09/2022";"08:10:00";"93";"ac02 - Aci";"29,8";"BR-050/MG";"Norte";"Choque - Meio fio";1;0;0;0;0;0;0;0;0;0;0;1;0;0;0
"22/09/2022";"10:42:00";"172";"ac03 - Aci";"29,82";"BR-050/MG";"Sul";"Choque - Defensa metálica";1;0;0;0;0;0;0;0;0;0;1;0;0;0;0
"22/09/2022";"11:02:00";"182";"ac03 - Aci";"276,4";"BR-050/GO";"Norte";"Choque - Sinalização";0;0;1;0;0;0;0;0;0;0;1;0;0;0;0
"22/09/2022";"13:41:00";"236";"ac03 - Aci";"157";"BR-050/MG";"Norte";"Choque - Defensa metálica";0;0;1;0;0;0;0;0;0;0;2;0;0;0;0
"22/09/2022";"13:54:00";"241";"ac03 - Aci";"157,1";"BR-050/MG";"Norte";"Queda de Moto";0;0;0;1;0;0;0;0;0;0;0;0;0;0;0
"22/09/2022";"17:31:00";"309";"ac03 - Aci";"283";"BR-050/GO";"Norte";"Colisão Transversal";1;0;0;0;0;0;0;0;0;1;4;0;0;0;0
"22/09/2022";"18:39:00";"325";"ac03 - Aci";"7,05";"CT-UDI-MG";"Sul";"Colisão Traseira";1;0;1;0;0;0;0;0;0;0;2;0;0;0;0
"22/09/2022";"19:07:00";"335";"ac03 - Aci";"282,8";"BR-050/GO";"Sul";"Colisão Transversal";1;0;0;0;0;1;0;0;0;0;2;0;0;0;0
"23/09/2022";"15:21:00";"240";"ac02 - Aci";"172,1";"BR-050/MG";"Norte";"Colisão lateral no mesmo sentido";1;0;0;0;0;1;0;0;0;0;0;1;0;0;0
"23/09/2022";"16:33:00";"261";"ac03 - Aci";"99,3";"BR-050/GO";"Norte";"Colisão Transversal";0;0;0;1;0;0;0;0;0;1;2;0;0;0;0
"23/09/2022";"17:54:00";"284";"ac02 - Aci";"32,05";"BR-050/MG";"Norte";"Capotamento";1;0;0;0;0;0;0;0;0;0;0;1;0;0;0
"23/09/2022";"18:21:00";"288";"ac03 - Aci";"243,5";"BR-050/GO";"Norte";"Choque - Elemento de Drenagem";1;0;0;0;0;0;0;0;0;0;0;0;0;0;0
"23/09/2022";"19:27:00";"303";"ac02 - Aci";"156,5";"BR-050/MG";"Norte";"Capotamento";1;0;0;0;0;0;0;0;0;0;0;1;0;0;0
"23/09/2022";"19:57:00";"314";"ac03 - Aci";"156,3";"BR-050/MG";"Norte";"Colisão Traseira";0;0;2;0;0;0;0;0;0;0;2;0;0;0;0
"24/09/2022";"01:05:00";"9";"ac02 - Aci";"183,2";"BR-050/MG";"Sul";"Atropelamento de Animal";1;0;0;0;0;0;0;0;0;0;0;2;0;0;0
"24/09/2022";"01:18:00";"10";"ac02 - Aci";"183,2";"BR-050/MG";"Sul";"Atropelamento de Animal";0;0;0;0;0;0;0;0;0;1;0;2;0;0;0
"24/09/2022";"11:04:00";"155";"ac02 - Aci";"128";"BR-050/GO";"Norte";"Choque - Defensa metálica";0;0;1;0;0;0;0;0;0;0;0;1;0;0;0
"24/09/2022";"11:30:00";"165";"ac02 - Aci";"278,6";"BR-050/GO";"Norte";"Colisão Transversal";2;0;1;0;0;0;0;0;0;0;5;1;0;0;0
"24/09/2022";"17:17:00";"297";"ac02 - Aci";"148,2";"BR-050/MG";"Sul";"Capotamento";1;0;0;0;0;0;0;0;0;0;0;1;2;0;0
"24/09/2022";"20:16:00";"337";"ac02 - Aci";"204,5";"BR-050/MG";"Norte";"Queda de Moto";0;0;0;1;0;0;0;0;0;0;0;1;0;0;0
"24/09/2022";"21:02:00";"346";"ac02 - Aci";"97,5";"BR-050/MG";"Norte";"Colisão lateral no mesmo sentido";0;0;1;0;0;0;0;0;0;1;4;2;0;0;0
"25/09/2022";"01:40:00";"15";"ac03 - Aci";"148,8";"BR-050/MG";"Sul";"Choque - Elemento de Drenagem";1;0;0;0;0;0;0;0;0;0;1;0;0;0;0
"25/09/2022";"04:22:00";"30";"ac03 - Aci";"170,1";"BR-050/MG";"Norte";"Choque - Meio fio";1;0;0;0;0;0;0;0;0;0;1;0;0;0;0
"25/09/2022";"09:54:00";"91";"ac03 - Aci";"99,5";"BR-050/MG";"Sul";"Tombamento";1;0;0;0;0;0;0;0;0;0;1;0;0;0;0
"25/09/2022";"10:13:00";"97";"ac03 - Aci";"54";"BR-050/MG";"Sul";"Choque - Elemento de Drenagem";0;0;1;0;0;0;0;0;0;0;1;0;0;0;0
"25/09/2022";"15:27:00";"170";"ac03 - Aci";"80";"BR-050/MG";"Sul";"Choque - Defensa metálica";1;0;0;0;0;0;0;0;0;0;2;0;0;0;0
"25/09/2022";"18:42:00";"227";"ac02 - Aci";"21,3";"CT-UDI-MG";"Sul";"Queda de Moto";0;0;0;1;0;0;0;0;0;0;0;2;0;0;0
"26/09/2022";"05:54:00";"30";"ac02 - Aci";"175";"BR-050/MG";"Sul";"Capotamento";1;0;0;0;0;1;0;0;0;0;0;0;1;0;0
"26/09/2022";"23:51:00";"375";"ac03 - Aci";"156,3";"BR-050/MG";"Norte";"Choque - Defensa metálica";1;0;0;0;0;0;0;0;0;0;2;0;0;0;0
"27/09/2022";"05:22:00";"24";"ac03 - Aci";"119";"BR-050/GO";"Norte";"Colisão Traseira";0;0;1;0;0;1;0;0;0;0;1;0;0;0;0
"27/09/2022";"06:26:00";"32";"ac03 - Aci";"61,05";"BR-050/MG";"Norte";"Colisão Traseira";1;0;1;0;0;0;0;0;0;0;3;0;0;0;0
"27/09/2022";"07:17:00";"50";"ac02 - Aci";"273";"BR-050/GO";"Sul";"Queda de Moto";0;0;0;1;0;0;0;0;0;0;0;1;0;0;0
"27/09/2022";"09:01:00";"88";"ac02 - Aci";"158,9";"BR-050/MG";"Norte";"Capotamento";1;0;0;0;0;0;0;0;0;0;0;1;0;0;0
"27/09/2022";"10:12:00";"128";"ac03 - Aci";"38";"BR-050/MG";"Norte";"Colisão lateral no mesmo sentido";1;0;1;0;0;0;0;0;0;0;3;0;0;0;0
"27/09/2022";"14:59:00";"218";"ac02 - Aci";"60,1";"BR-050/MG";"Norte";"Tombamento";0;0;1;0;0;0;0;0;0;0;0;2;0;0;0
"27/09/2022";"21:41:00";"318";"ac03 - Aci";"147,9";"BR-050/MG";"Sul";"Objeto lançado contra veículo";0;0;0;0;0;0;0;0;0;1;2;0;0;0;0
"28/09/2022";"21:59:00";"364";"ac02 - Aci";"56";"BR-050/MG";"Norte";"Choque - Defensa metálica";0;0;1;0;0;0;0;0;0;0;0;1;0;0;0
"29/09/2022";"08:13:00";"83";"ac03 - Aci";"132";"BR-050/MG";"Norte";"Colisão lateral no mesmo sentido";1;0;1;0;0;0;0;0;0;0;4;0;0;0;0
"29/09/2022";"15:12:00";"253";"ac03 - Aci";"0,3";"BR-050/MG";"Norte";"Colisão lateral no sentido contrário";0;0;2;0;0;0;0;0;0;0;2;0;0;0;0
"29/09/2022";"18:11:00";"301";"ac02 - Aci";"305,36";"BR-050/GO";"Norte";"Colisão Traseira";1;0;0;0;0;1;0;0;0;0;1;1;0;0;0
"29/09/2022";"19:01:00";"315";"ac02 - Aci";"99";"BR-050/GO";"Sul";"Colisão Transversal";2;0;0;0;0;0;0;0;0;0;0;2;0;0;0
"30/09/2022";"08:04:00";"81";"ac02 - Aci";"19,97";"CT-UDI-MG";"Sul";"Colisão lateral no mesmo sentido";1;0;1;0;0;0;0;0;0;0;1;1;0;0;0
"30/09/2022";"18:02:00";"334";"ac02 - Aci";"163,9";"BR-050/MG";"Sul";"Colisão Traseira";0;0;2;0;0;0;0;0;0;0;1;0;1;0;0
"01/10/2022";"04:38:00";"26";"ac01 - Aci";"65";"BR-050/MG";"Sul";"Atropelamento - Pedestre";0;0;0;0;0;1;0;0;0;0;0;0;0;0;1
"01/10/2022";"04:52:00";"28";"ac01 - Aci";"277";"BR-050/GO";"Norte";"Colisão Frontal";1;0;1;0;0;0;0;0;0;0;3;0;0;1;1
"01/10/2022";"06:32:00";"36";"ac03 - Aci";"177,2";"BR-050/MG";"Sul";"Choque - Defensa metálica";1;0;0;0;0;0;0;0;0;0;1;0;0;0;0
"01/10/2022";"15:38:00";"243";"ac02 - Aci";"117,1";"BR-050/GO";"Sul";"Queda de Moto";0;0;0;1;0;0;0;0;0;0;0;1;0;0;0
"01/10/2022";"22:26:00";"342";"ac03 - Aci";"156";"BR-050/GO";"Norte";"Choque - Outros";0;0;1;0;0;1;0;0;0;0;1;0;0;0;0
"01/10/2022";"22:31:00";"343";"ac02 - Aci";"280,3";"BR-050/GO";"Norte";"Queda de Moto";0;0;0;1;0;0;0;0;0;0;0;1;0;0;0
"02/10/2022";"12:50:00";"139";"ac03 - Aci";"256,6";"BR-050/GO";"Norte";"Choque - Talude ou Barranco";1;0;0;0;0;0;0;0;0;0;3;0;0;0;0
"02/10/2022";"13:17:00";"152";"ac02 - Aci";"99,2";"BR-050/GO";"Sul";"Colisão Traseira";0;0;1;1;0;0;0;0;0;0;1;1;0;0;0
"02/10/2022";"13:30:00";"159";"ac03 - Aci";"51,5";"BR-050/MG";"Sul";"Colisão Traseira";2;0;0;0;0;0;0;0;0;0;4;0;0;0;0
"02/10/2022";"21:54:00";"283";"ac02 - Aci";"203,5";"BR-050/MG";"Norte";"Queda de Moto";0;0;0;1;0;0;0;0;0;0;0;0;0;1;0
"03/10/2022";"04:37:00";"33";"ac02 - Aci";"78,35";"BR-050/MG";"Sul";"Atropelamento de Animal";0;0;0;0;0;0;0;0;0;1;2;1;0;0;0
"03/10/2022";"07:56:00";"74";"ac03 - Aci";"196,95";"BR-050/GO";"Sul";"Choque - Elemento de Drenagem";1;0;0;0;0;0;0;0;0;0;3;0;0;0;0
"03/10/2022";"14:32:00";"233";"ac03 - Aci";"163,95";"BR-050/MG";"Sul";"Engavetamento";0;0;0;0;0;1;0;0;0;2;4;0;0;0;0
"03/10/2022";"19:11:00";"307";"ac03 - Aci";"182,96";"BR-050/GO";"Sul";"Atropelamento de Animal";0;0;0;0;0;0;0;0;0;1;1;0;0;0;0
"03/10/2022";"21:18:00";"338";"ac03 - Aci";"161";"BR-050/MG";"Norte";"Choque - Elemento de Drenagem";0;0;1;0;0;0;0;0;0;0;1;0;0;0;0
"04/10/2022";"01:36:00";"17";"ac03 - Aci";"148";"BR-050/MG";"Sul";"Choque - Elemento de Drenagem";1;0;0;0;0;0;0;0;0;0;1;0;0;0;0
"04/10/2022";"01:52:00";"21";"ac02 - Aci";"194,3";"BR-050/MG";"Sul";"Tombamento";0;0;0;1;1;0;0;0;0;0;16;2;4;0;0
"04/10/2022";"06:00:00";"42";"ac03 - Aci";"191,8";"BR-050/MG";"Sul";"Choque - Elemento de Drenagem";0;0;1;0;0;0;0;0;0;0;2;0;0;0;0
"04/10/2022";"09:27:00";"143";"ac03 - Aci";"180,8";"BR-050/MG";"Norte";"Choque - Veiculo parado no acostamento";1;0;0;0;0;0;0;0;0;1;2;0;0;0;0
"04/10/2022";"13:18:00";"247";"ac03 - Aci";"226";"BR-050/GO";"Sul";"Colisão Traseira";0;0;0;0;0;2;0;0;0;0;0;0;0;0;0
"04/10/2022";"14:16:00";"275";"ac02 - Aci";"299,85";"BR-050/GO";"Norte";"Capotamento";1;0;0;0;0;0;0;0;0;0;1;2;0;0;0
"04/10/2022";"15:40:00";"307";"ac02 - Aci";"231,75";"BR-050/GO";"Norte";"Capotamento";1;0;0;0;0;0;0;0;0;0;0;3;0;0;0
"04/10/2022";"22:06:00";"416";"ac03 - Aci";"98";"BR-050/GO";"Norte";"Atropelamento de Animal";0;0;1;0;0;0;0;0;0;0;1;0;0;0;0
"04/10/2022";"22:11:00";"418";"ac03 - Aci";"176";"BR-050/GO";"Sul";"Atropelamento de Animal";0;0;0;0;0;0;0;0;0;1;1;0;0;0;0
"04/10/2022";"22:36:00";"422";"ac03 - Aci";"42,19";"BR-050/MG";"Sul";"Choque - Defensa metálica";0;0;0;0;0;0;0;0;0;1;5;0;0;0;0
"05/10/2022";"00:05:00";"1";"ac03 - Aci";"175,3";"BR-050/MG";"Sul";"Choque - Meio fio";0;0;0;0;0;0;0;0;0;1;2;0;0;0;0
"05/10/2022";"02:52:00";"19";"ac03 - Aci";"16";"BR-050/MG";"Norte";"Choque - Elemento de Drenagem";1;0;0;0;0;0;0;0;0;0;2;0;0;0;0
"05/10/2022";"23:16:00";"445";"ac02 - Aci";"171,5";"BR-050/MG";"Sul";"Capotamento";1;0;0;0;0;0;0;0;0;0;0;1;0;0;0
"06/10/2022";"06:10:00";"34";"ac03 - Aci";"92,8";"BR-050/MG";"Norte";"Colisão Traseira";0;0;2;0;0;0;0;0;0;0;2;0;0;0;0
"06/10/2022";"08:26:00";"89";"ac03 - Aci";"177,9";"BR-050/MG";"Norte";"Engavetamento";1;0;0;0;0;1;0;0;0;2;4;0;0;0;0
"06/10/2022";"19:07:00";"392";"ac02 - Aci";"145,3";"BR-050/GO";"Norte";"Atropelamento de Animal";0;0;0;0;0;0;0;0;0;1;0;1;0;0;0
"06/10/2022";"19:31:00";"404";"ac02 - Aci";"97,1";"BR-050/GO";"Norte";"Colisão Transversal";0;0;0;1;0;0;0;0;0;1;3;1;0;0;0
"06/10/2022";"22:24:00";"448";"ac03 - Aci";"98";"BR-050/GO";"Norte";"Atropelamento de Animal";1;0;0;0;0;0;0;0;0;0;1;0;0;0;0
"06/10/2022";"22:29:00";"450";"ac03 - Aci";"15,35";"CT-UDI-MG";"Norte";"Choque - Defensa metálica";1;0;0;0;0;0;0;0;0;0;1;0;0;0;0
"07/10/2022";"14:49:00";"231";"ac03 - Aci";"27,74";"BR-050/MG";"Sul";"Choque - Defensa metálica";1;0;0;0;0;0;0;0;0;0;1;0;0;0;0
"07/10/2022";"15:12:00";"239";"ac03 - Aci";"250,8";"BR-050/GO";"Norte";"Capotamento";1;0;0;0;0;0;0;0;0;0;1;0;0;0;0
"07/10/2022";"16:17:00";"264";"ac02 - Aci";"250,8";"BR-050/GO";"Sul";"Atropelamento - Pedestre";1;0;0;0;0;0;0;0;0;0;4;0;1;0;0
"07/10/2022";"17:57:00";"295";"ac03 - Aci";"17,5";"BR-050/MG";"Norte";"Colisão Traseira";1;0;1;0;0;0;0;0;0;0;3;0;0;0;0