data;horario;n_da_ocorrencia;tipo_de_ocorrencia;km;trecho;sentido;tipo_de_acidente;automovel;bicicleta;caminhao;moto;onibus;outros;tracao_animal;transporte_de_cargas_especiais;trator_maquinas;utilitarios;ilesos;levemente_feridos;moderadamente_feridos;gravemente_feridos;mortos
"11/11/2022";"07:54:00";"71";"ac03 - Aci";"7,2";"CT-UDI-MG";"Sul";"Choque - Defensa metálica";0;0;1;0;0;0;0;0;0;0;1;0;0;0;0
"11/11/2022";"15:19:00";"255";"ac02 - Aci";"243";"BR-050/GO";"Norte";"Choque - Meio fio";1;0;0;0;0;0;0;0;0;0;0;1;0;0;0
"11/11/2022";"23:15:00";"399";"ac03 - Aci";"201,8";"BR-050/MG";"Norte";"Colisão Traseira";0;0;2;0;0;0;0;0;0;0;1;0;0;0;0
"12/11/2022";"06:40:00";"55";"ac03 - Aci";"180";"BR-050/MG";"Norte";"Colisão Traseira";1;0;0;1;0;0;0;0;0;0;2;0;0;0;0
"12/11/2022";"15:05:00";"274";"ac01 - Aci";"273";"BR-050/GO";"Norte";"Choque - Sinalização";0;0;0;1;0;0;0;0;0;0;0;0;1;0;1
"12/11/2022";"19:37:00";"357";"ac02 - Aci";"263,5";"BR-050/GO";"Sul";"Capotamento";2;0;0;0;0;0;0;0;0;0;3;2;2;0;0
"13/11/2022";"12:26:00";"141";"ac02 - Aci";"194,8";"BR-050/MG";"Sul";"Choque - New jersey";1;0;0;0;0;0;0;0;0;0;3;1;0;0;0
"13/11/2022";"20:37:00";"287";"ac02 - Aci";"190,2";"BR-050/MG";"Norte";"Queda de Moto";0;0;0;1;0;0;0;0;0;0;0;0;1;0;0
"14/11/2022";"07:15:00";"49";"ac02 - Aci";"2,5";"CT-UDI-MG";"Norte";"Capotamento";1;0;0;0;0;0;0;0;0;0;0;2;0;0;0
"14/11/2022";"08:05:00";"64";"ac03 - Aci";"58,12";"BR-050/MG";"Norte";"Tombamento";0;0;0;0;0;0;0;0;0;1;1;0;0;0;0
"14/11/2022";"08:54:00";"77";"ac03 - Aci";"18,9";"BR-050/MG";"Sul";"Choque - Defensa metálica";0;0;0;0;0;0;0;0;0;1;2;0;0;0;0
"14/11/2022";"11:19:00";"126";"ac02 - Aci";"126,78";"BR-050/MG";"Norte";"Capotamento";1;0;0;0;0;0;0;0;0;0;4;1;0;0;0
"14/11/2022";"12:35:00";"150";"ac02 - Aci";"260";"BR-050/GO";"Norte";"Capotamento";1;0;0;0;0;0;0;0;0;0;3;0;1;0;0
"15/11/2022";"10:38:00";"145";"ac03 - Aci";"14";"BR-050/MG";"Norte";"Colisão lateral no mesmo sentido";1;0;1;0;0;0;0;0;0;0;4;0;0;0;0
"15/11/2022";"14:11:00";"221";"ac03 - Aci";"248,4";"BR-050/GO";"Norte";"Choque - Meio fio";1;0;0;0;0;0;0;0;0;0;2;0;0;0;0
"15/11/2022";"14:22:00";"225";"ac03 - Aci";"51,272";"BR-050/MG";"Sul";"Colisão Traseira";0;0;1;0;0;0;0;0;0;1;6;0;0;0;0
"15/11/2022";"14:58:00";"238";"ac03 - Aci";"246,28";"BR-050/GO";"Sul";"Choque - Talude ou Barranco";1;0;0;0;0;0;0;0;0;0;2;0;0;0;0
"15/11/2022";"16:53:00";"299";"ac02 - Aci";"29,84";"BR-050/MG";"Sul";"Capotamento";0;0;0;0;0;0;0;0;0;1;2;1;0;0;0
"16/11/2022";"06:52:00";"52";"ac03 - Aci";"36";"BR-050/MG";"Norte";"Colisão lateral no mesmo sentido";0;0;0;0;0;1;0;0;0;1;1;0;0;0;0
"16/11/2022";"07:57:00";"78";"ac03 - Aci";"27,72";"BR-050/MG";"Sul";"Choque - Meio fio";0;0;0;0;0;0;0;0;0;1;5;0;0;0;0
"16/11/2022";"16:36:00";"297";"ac03 - Aci";"188,02";"BR-050/GO";"Norte";"Choque - Sinalização";0;0;0;0;1;0;0;0;0;0;13;0;0;0;0
"16/11/2022";"20:44:00";"379";"ac02 - Aci";"119,4";"BR-050/MG";"Norte";"Capotamento";1;0;0;0;0;0;0;0;0;0;2;2;0;0;0
"17/11/2022";"00:34:00";"10";"ac03 - Aci";"10,5";"BR-050/MG";"Sul";"Colisão Traseira";0;0;1;0;0;0;0;0;0;0;1;0;0;0;0
"18/11/2022";"02:27:00";"16";"ac03 - Aci";"263";"BR-050/GO";"Sul";"Choque - Outros";0;0;1;0;0;0;0;0;0;0;1;0;0;0;0
"18/11/2022";"07:10:00";"68";"ac03 - Aci";"177,5";"BR-050/MG";"Norte";"Colisão Traseira";2;0;0;0;0;0;0;0;0;0;0;0;0;0;0
"18/11/2022";"07:47:00";"80";"ac02 - Aci";"28,3";"BR-050/MG";"Sul";"Queda de Moto";0;0;0;1;0;0;0;0;0;0;0;1;0;0;0
"18/11/2022";"08:43:00";"106";"ac03 - Aci";"61,15";"BR-050/MG";"Sul";"Colisão Traseira";1;0;0;0;0;0;0;0;0;1;2;0;0;0;0
"18/11/2022";"12:28:00";"210";"ac03 - Aci";"162,92";"BR-050/GO";"Norte";"Choque - Sinalização";1;0;0;0;0;0;0;0;0;0;5;0;0;0;0
"18/11/2022";"14:56:00";"271";"ac03 - Aci";"153,7";"BR-050/GO";"Sul";"Choque - Defensa metálica";0;0;1;0;0;0;0;0;0;0;1;0;0;0;0
"18/11/2022";"17:23:00";"330";"ac03 - Aci";"175";"BR-050/MG";"Sul";"Objeto lançado contra veículo";0;0;0;0;0;0;0;0;0;1;1;0;0;0;0
"19/11/2022";"13:24:00";"203";"ac03 - Aci";"284,2";"BR-050/GO";"Sul";"Queda de Moto";0;0;0;1;0;0;0;0;0;0;1;0;0;0;0
"19/11/2022";"16:57:00";"272";"ac03 - Aci";"111,3";"BR-050/MG";"Norte";"Choque - Outros";1;0;0;0;0;0;0;0;0;0;1;0;0;0;0
"20/11/2022";"06:41:00";"42";"ac02 - Aci";"81";"BR-050/MG";"Norte";"Queda de Moto";0;0;0;1;0;0;0;0;0;0;0;2;0;0;0
"20/11/2022";"19:37:00";"301";"ac03 - Aci";"189";"BR-050/MG";"Norte";"Engavetamento";3;0;0;0;0;0;0;0;0;0;11;0;0;0;0
"20/11/2022";"23:42:00";"364";"ac01 - Aci";"206,6";"BR-050/MG";"Norte";"Capotamento";1;0;0;0;0;0;0;0;0;0;0;0;0;0;1
"21/11/2022";"07:32:00";"55";"ac02 - Aci";"180,05";"BR-050/MG";"Norte";"Colisão lateral no mesmo sentido";1;0;0;1;0;0;0;0;0;0;1;1;0;0;0
"22/11/2022";"06:12:00";"20";"ac02 - Aci";"81,7";"BR-050/MG";"Norte";"Colisão Traseira";1;0;1;0;0;0;0;0;0;0;1;1;0;0;0
"22/11/2022";"22:14:00";"398";"ac03 - Aci";"179,7";"BR-050/MG";"Sul";"Choque - Meio fio";0;0;1;0;0;0;0;0;0;0;1;0;0;0;0
"23/11/2022";"03:58:00";"17";"ac03 - Aci";"6,5";"BR-050/MG";"Norte";"Atropelamento de Animal";1;0;0;0;0;0;0;0;0;0;3;0;0;0;0
"23/11/2022";"04:41:00";"21";"ac02 - Aci";"202,3";"BR-050/GO";"Sul";"Choque - Outros";0;0;0;0;0;0;0;0;0;1;0;1;0;0;0
"23/11/2022";"12:04:00";"167";"ac03 - Aci";"280,5";"BR-050/GO";"Sul";"Colisão Traseira";0;0;1;1;0;0;0;0;0;0;2;0;0;0;0
"23/11/2022";"21:39:00";"360";"ac03 - Aci";"135,9";"BR-050/MG";"Sul";"Colisão lateral no mesmo sentido";0;0;2;0;0;0;0;0;0;0;2;0;0;0;0
"24/11/2022";"10:02:00";"127";"ac02 - Aci";"126,55";"BR-050/MG";"Norte";"Capotamento";1;0;0;0;0;0;0;0;0;0;0;1;0;0;0
"24/11/2022";"12:06:00";"167";"ac02 - Aci";"279,6";"BR-050/GO";"Norte";"Colisão lateral no mesmo sentido";0;0;2;0;0;0;0;0;0;0;4;1;0;0;0
"24/11/2022";"14:55:00";"217";"ac02 - Aci";"15";"CT-UDI-MG";"Norte";"Capotamento";0;0;0;0;0;0;0;0;0;1;2;0;3;0;0
"24/11/2022";"15:57:00";"241";"ac02 - Aci";"98,4";"BR-050/GO";"Sul";"Colisão lateral no mesmo sentido";1;0;0;1;0;0;0;0;0;1;3;1;0;0;0
"24/11/2022";"21:03:00";"340";"ac03 - Aci";"175,5";"BR-050/MG";"Norte";"Colisão Traseira";2;0;0;0;0;0;0;0;0;0;4;0;0;0;0
"24/11/2022";"22:29:00";"362";"ac02 - Aci";"174";"BR-050/MG";"Norte";"Queda de Ciclista";0;1;0;0;0;0;0;0;0;0;0;1;0;0;0
"25/11/2022";"08:42:00";"82";"ac03 - Aci";"29,78";"BR-050/MG";"Norte";"Choque - Defensa metálica";1;0;0;0;0;0;0;0;0;0;1;0;0;0;0
"25/11/2022";"15:24:00";"262";"ac03 - Aci";"4";"CT-UDI-MG";"Sul";"Choque - Sinalização";1;0;0;0;0;0;0;0;0;0;1;0;0;0;0
"25/11/2022";"23:37:00";"393";"ac03 - Aci";"164,5";"BR-050/MG";"Norte";"Choque - Elemento de Drenagem";0;0;1;0;0;0;0;0;0;0;2;0;0;0;0
"26/11/2022";"00:11:00";"1";"ac03 - Aci";"91,1";"BR-050/MG";"Sul";"Choque - Defensa metálica";0;0;1;0;0;0;0;0;0;0;1;0;0;0;0
"26/11/2022";"06:01:00";"32";"ac03 - Aci";"121,12";"BR-050/GO";"Norte";"Choque - Elemento de Drenagem";1;0;0;0;0;0;0;0;0;0;1;0;0;0;0
"26/11/2022";"06:43:00";"37";"ac03 - Aci";"205,3";"BR-050/MG";"Sul";"Atropelamento de Animal";1;0;0;0;0;0;0;0;0;0;5;0;0;0;0
"26/11/2022";"14:42:00";"201";"ac03 - Aci";"198";"BR-050/MG";"Sul";"Colisão Traseira";1;0;0;0;0;0;0;0;0;1;3;0;0;0;0
"26/11/2022";"15:53:00";"222";"ac03 - Aci";"239,3";"BR-050/GO";"Sul";"Choque - Talude ou Barranco";0;0;1;0;0;0;0;0;0;0;1;0;0;0;0
"26/11/2022";"18:56:00";"286";"ac02 - Aci";"100";"BR-050/GO";"Sul";"Capotamento";1;0;0;0;0;0;0;0;0;0;0;0;0;2;0
"26/11/2022";"22:11:00";"327";"ac02 - Aci";"180";"BR-050/MG";"Norte";"Queda de Moto";0;0;0;1;0;0;0;0;0;0;0;1;1;0;0
"27/11/2022";"00:58:00";"7";"ac02 - Aci";"142";"BR-050/MG";"Sul";"Choque - Talude ou Barranco";0;0;0;0;0;0;0;0;0;1;0;0;1;0;0
"27/11/2022";"01:59:00";"18";"ac02 - Aci";"17";"CT-UDI-MG";"Sul";"Colisão Traseira";0;0;0;0;0;1;0;0;0;0;0;0;0;3;0
"27/11/2022";"02:19:00";"21";"ac02 - Aci";"81";"BR-050/MG";"Sul";"Engavetamento";2;0;0;1;0;0;0;0;0;0;4;0;1;0;0
"27/11/2022";"05:31:00";"39";"ac03 - Aci";"279,5";"BR-050/GO";"Norte";"Choque - Sinalização";1;0;0;0;0;0;0;0;0;0;0;0;0;0;0
"27/11/2022";"05:45:00";"41";"ac03 - Aci";"280,74";"BR-050/GO";"Norte";"Choque - Meio fio";1;0;0;0;0;0;0;0;0;0;1;0;0;0;0
"27/11/2022";"07:49:00";"70";"ac03 - Aci";"77,4";"BR-050/MG";"Norte";"Tombamento";0;0;1;0;0;0;0;0;0;0;1;0;0;0;0
"27/11/2022";"14:12:00";"185";"ac03 - Aci";"56,6";"BR-050/MG";"Sul";"Choque - Sinalização";1;0;0;0;0;0;0;0;0;0;2;0;0;0;0
"27/11/2022";"17:26:00";"237";"ac03 - Aci";"204,7";"BR-050/MG";"Norte";"Capotamento";0;0;0;0;0;1;0;0;0;0;0;0;0;0;0
"27/11/2022";"21:55:00";"297";"ac03 - Aci";"64,3";"BR-050/MG";"Sul";"Choque - Defensa metálica";1;0;0;0;0;0;0;0;0;0;1;0;0;0;0
"28/11/2022";"17:57:00";"250";"ac03 - Aci";"281,15";"BR-050/GO";"Sul";"Choque - Outros";0;0;1;0;0;0;0;0;0;0;1;0;0;0;0
"29/11/2022";"00:38:00";"3";"ac02 - Aci";"18,9";"CT-UDI-MG";"Norte";"Choque - New jersey";0;0;0;1;0;0;0;0;0;0;0;0;0;2;0
"29/11/2022";"03:59:00";"18";"ac02 - Aci";"59";"BR-050/MG";"Norte";"Capotamento";1;0;0;0;0;0;0;0;0;0;0;1;0;0;0
"29/11/2022";"04:42:00";"22";"ac03 - Aci";"0,8";"BR-050/MG";"Sul";"Choque - Elemento de Drenagem";1;0;0;0;0;0;0;0;0;0;1;0;0;0;0
"29/11/2022";"05:03:00";"25";"ac02 - Aci";"93";"BR-050/MG";"Sul";"Capotamento";0;0;1;0;0;0;0;0;0;0;0;1;0;0;0
"29/11/2022";"18:05:00";"279";"ac02 - Aci";"177";"BR-050/MG";"Sul";"Atropelamento - Pedestre";0;1;0;0;0;0;0;0;0;1;0;1;0;0;0
"29/11/2022";"20:02:00";"305";"ac03 - Aci";"238";"BR-050/GO";"Norte";"Choque - Sinalização";1;0;0;0;0;0;0;0;0;0;3;0;0;0;0
"29/11/2022";"23:31:00";"334";"ac02 - Aci";"41,3";"BR-050/MG";"Norte";"Choque - Meio fio";1;0;0;0;0;0;0;0;0;0;0;1;0;0;0
"30/11/2022";"08:45:00";"88";"ac03 - Aci";"90,11";"BR-050/MG";"Norte";"Choque - Elemento de Drenagem";1;0;0;0;0;0;0;0;0;0;2;0;0;0;0
"01/12/2022";"06:51:00";"45";"ac02 - Aci";"171";"BR-050/MG";"Sul";"Queda de Carro";0;0;0;1;0;0;0;0;0;0;0;1;0;0;0
"01/12/2022";"10:05:00";"159";"ac03 - Aci";"278,6";"BR-050/GO";"Sul";"Colisão Transversal";2;0;0;0;0;0;0;0;0;0;2;0;0;0;0
"01/12/2022";"12:23:00";"221";"ac03 - Aci";"193,9";"BR-050/MG";"Sul";"Choque - New jersey";0;0;1;0;0;0;0;0;0;0;1;0;0;0;0
"01/12/2022";"13:20:00";"246";"ac03 - Aci";"49";"BR-050/MG";"Norte";"Colisão Traseira";1;0;0;0;0;0;0;0;0;1;5;0;0;0;0
"01/12/2022";"16:41:00";"317";"ac03 - Aci";"51,9";"BR-050/MG";"Sul";"Choque - Defensa metálica";1;0;0;0;0;0;0;0;0;0;1;0;0;0;0
"01/12/2022";"21:38:00";"394";"ac03 - Aci";"161,8";"BR-050/MG";"Norte";"Colisão Traseira";2;0;0;0;0;0;0;0;0;0;5;0;0;0;0
"01/12/2022";"22:33:00";"402";"ac02 - Aci";"206";"BR-050/GO";"Sul";"Tombamento";0;0;1;0;0;0;0;0;0;0;0;1;0;0;0
"01/12/2022";"22:48:00";"405";"ac02 - Aci";"192,1";"BR-050/GO";"Sul";"Colisão Traseira";1;0;0;0;0;0;0;0;0;1;3;1;1;0;0
"02/12/2022";"07:04:00";"53";"ac03 - Aci";"80,9";"BR-050/MG";"Norte";"Choque - Defensa metálica";1;0;0;0;0;0;0;0;0;0;1;0;0;0;0
"02/12/2022";"10:12:00";"153";"ac02 - Aci";"77,3";"BR-050/MG";"Norte";"Atropelamento - Pedestre";0;0;0;0;0;0;0;0;0;1;1;1;0;0;0
"02/12/2022";"11:11:00";"170";"ac02 - Aci";"279";"BR-050/GO";"Norte";"Colisão Transversal";0;0;0;2;0;0;0;0;0;0;1;1;0;0;0
"02/12/2022";"14:52:00";"242";"ac03 - Aci";"171,9";"BR-050/MG";"Sul";"Colisão Traseira";2;0;0;0;0;1;0;0;0;0;6;0;0;0;0
"02/12/2022";"22:50:00";"355";"ac02 - Aci";"96";"BR-050/GO";"Norte";"Colisão lateral no sentido contrário";0;0;0;1;0;0;0;0;0;1;2;0;0;1;0
"03/12/2022";"01:14:00";"4";"ac02 - Aci";"280";"BR-050/GO";"Norte";"Choque - Defensa metálica";1;0;0;0;0;0;0;0;0;0;0;1;0;0;0
"03/12/2022";"01:20:00";"6";"ac02 - Aci";"125,4";"BR-050/GO";"Sul";"Tombamento";0;0;1;0;0;0;0;0;0;0;0;0;2;0;0
"03/12/2022";"05:20:00";"23";"ac03 - Aci";"100,2";"BR-050/GO";"Norte";"Choque - Talude ou Barranco";1;0;0;0;0;0;0;0;0;0;1;0;0;0;0
"03/12/2022";"15:11:00";"214";"ac02 - Aci";"8";"CT-UDI-MG";"Sul";"Capotamento";1;0;0;0;0;0;0;0;0;0;0;1;0;0;0
"04/12/2022";"05:50:00";"32";"ac03 - Aci";"4,65";"BR-050/MG";"Sul";"Queda de Moto";0;0;0;1;0;0;0;0;0;0;0;0;0;0;0
"04/12/2022";"15:19:00";"178";"ac03 - Aci";"123,9";"BR-050/MG";"Sul";"Choque - Sinalização";1;0;0;0;0;0;0;0;0;0;2;0;0;0;0
"04/12/2022";"16:26:00";"206";"ac03 - Aci";"272";"BR-050/GO";"Sul";"Choque - Elemento de Drenagem";1;0;0;0;0;0;0;0;0;0;1;0;0;0;0
"04/12/2022";"17:30:00";"227";"ac03 - Aci";"195,07";"BR-050/GO";"Norte";"Choque - Outros";1;0;0;0;0;0;0;0;0;0;2;0;0;0;0
"05/12/2022";"06:32:00";"46";"ac03 - Aci";"29,8";"BR-050/MG";"Sul";"Choque - Defensa metálica";1;0;0;0;0;0;0;0;0;0;1;0;0;0;0
"05/12/2022";"11:09:00";"168";"ac02 - Aci";"161";"BR-050/MG";"Sul";"Capotamento";2;0;0;0;0;1;0;0;0;0;0;2;0;0;0
"05/12/2022";"12:01:00";"187";"ac03 - Aci";"97";"BR-050/MG";"Sul";"Objeto lançado contra veículo";0;0;1;0;0;0;0;0;0;0;1;0;0;0;0
"05/12/2022";"16:24:00";"272";"ac03 - Aci";"28";"BR-050/MG";"Sul";"Choque - Elemento de Drenagem";1;0;0;0;0;0;0;0;0;0;1;0;0;0;0
"05/12/2022";"20:28:00";"328";"ac03 - Aci";"1";"BR-050/MG";"Norte";"Choque - Elemento de Drenagem";0;0;1;0;0;0;0;0;0;0;2;0;0;0;0
"06/12/2022";"13:05:00";"196";"ac03 - Aci";"120";"BR-050/MG";"Norte";"Choque - Elemento de Drenagem";1;0;0;0;0;0;0;0;0;0;2;0;0;0;0
"06/12/2022";"17:07:00";"276";"ac03 - Aci";"176,5";"BR-050/MG";"Sul";"Capotamento";1;0;0;0;0;0;0;0;0;0;1;0;0;0;0
"06/12/2022";"17:22:00";"281";"ac02 - Aci";"179,75";"BR-050/MG";"Sul";"Engavetamento";2;0;0;0;0;1;0;0;0;0;2;2;0;0;0
"06/12/2022";"17:30:00";"283";"ac03 - Aci";"62";"BR-050/MG";"Sul";"Tombamento";0;0;1;0;0;0;0;0;0;0;2;0;0;0;0
"06/12/2022";"19:30:00";"305";"ac03 - Aci";"106,3";"BR-050/MG";"Norte";"Colisão lateral no mesmo sentido";1;0;1;0;0;0;0;0;0;0;4;0;0;0;0
"07/12/2022";"09:16:00";"114";"ac03 - Aci";"206,9";"BR-050/MG";"Sul";"Colisão lateral no mesmo sentido";1;0;1;0;0;0;0;0;0;0;4;0;0;0;0
"07/12/2022";"11:52:00";"180";"ac03 - Aci";"180";"BR-050/MG";"Sul";"Colisão lateral no mesmo sentido";0;0;1;0;0;0;0;0;0;1;2;0;0;0;0
"07/12/2022";"14:44:00";"234";"ac03 - Aci";"58";"BR-050/MG";"Sul";"Choque - Elemento de Drenagem";1;0;0;0;0;0;0;0;0;0;0;0;0;0;0
"07/12/2022";"15:59:00";"253";"ac02 - Aci";"10,35";"BR-050/MG";"Norte";"Choque - Elemento de Drenagem";1;0;0;0;0;0;0;0;0;0;0;2;0;0;0
"09/12/2022";"03:00:00";"23";"ac03 - Aci";"79";"BR-050/MG";"Sul";"Choque - Elemento de Drenagem";1;0;0;0;0;0;0;0;0;0;1;0;0;0;0
"09/12/2022";"11:07:00";"150";"ac03 - Aci";"0,36";"BR-050/MG";"Sul";"Colisão lateral no sentido contrário";1;0;0;0;0;1;0;0;0;0;1;0;0;0;0
"09/12/2022";"23:17:00";"353";"ac02 - Aci";"16,5";"CT-UDI-MG";"Sul";"Colisão Traseira";1;0;0;1;0;0;0;0;0;0;1;1;0;0;0
"10/12/2022";"08:47:00";"109";"ac03 - Aci";"31";"BR-050/MG";"Sul";"Colisão lateral no mesmo sentido";1;0;2;0;0;0;0;0;0;0;3;0;0;0;0
"10/12/2022";"10:51:00";"172";"ac01 - Aci";"107,56";"BR-050/MG";"Norte";"Atropelamento - Funcionário";0;0;0;0;0;1;0;0;0;1;4;0;0;0;1
"11/12/2022";"02:23:00";"22";"ac03 - Aci";"177";"BR-050/MG";"Sul";"Choque - New jersey";1;0;0;0;0;0;0;0;0;0;1;0;0;0;0
"11/12/2022";"03:44:00";"28";"ac03 - Aci";"113,7";"BR-050/GO";"Sul";"Tombamento";0;0;1;0;0;0;0;0;0;0;1;0;0;0;0
"11/12/2022";"03:54:00";"29";"ac03 - Aci";"47";"BR-050/MG";"Sul";"Choque - Talude ou Barranco";1;0;0;0;0;0;0;0;0;0;3;0;0;0;0
"11/12/2022";"06:51:00";"61";"ac03 - Aci";"10";"CT-UDI-MG";"Sul";"Choque - Elemento de Drenagem";1;0;0;0;0;0;0;0;0;0;2;0;0;0;0
"11/12/2022";"13:43:00";"179";"ac03 - Aci";"96,1";"BR-050/GO";"Sul";"Choque - Meio fio";1;0;0;0;0;0;0;0;0;0;2;0;0;0;0
"12/12/2022";"00:46:00";"5";"ac03 - Aci";"275,4";"BR-050/GO";"Norte";"Choque - Meio fio";1;0;0;0;0;0;0;0;0;0;1;0;0;0;0
"12/12/2022";"05:37:00";"39";"ac03 - Aci";"273";"BR-050/GO";"Sul";"Choque - Elemento de Drenagem";1;0;0;0;0;0;0;0;0;0;3;0;0;0;0
"12/12/2022";"10:46:00";"188";"ac03 - Aci";"192,2";"BR-050/MG";"Sul";"Colisão lateral no mesmo sentido";0;0;1;0;0;1;0;0;0;1;3;0;0;0;0
"12/12/2022";"13:40:00";"247";"ac03 - Aci";"229,52";"BR-050/GO";"Norte";"Choque - Sinalização";1;0;0;0;0;0;0;0;0;0;3;0;0;0;0
"12/12/2022";"15:08:00";"277";"ac03 - Aci";"211,16";"BR-050/GO";"Norte";"Choque - Talude ou Barranco";1;0;0;0;0;0;0;0;0;0;4;0;0;0;0
"12/12/2022";"16:20:00";"297";"ac03 - Aci";"18,7";"BR-050/MG";"Norte";"Choque - Defensa metálica";1;0;0;0;0;0;0;0;0;0;2;0;0;0;0
"12/12/2022";"16:54:00";"311";"ac03 - Aci";"198";"BR-050/MG";"Norte";"Colisão Traseira";1;0;1;0;0;0;0;0;0;0;6;0;0;0;0
"12/12/2022";"17:51:00";"329";"ac03 - Aci";"58,1";"BR-050/MG";"Norte";"Capotamento";0;0;0;0;0;0;0;0;0;1;2;0;0;0;0
"12/12/2022";"17:56:00";"331";"ac03 - Aci";"58,1";"BR-050/MG";"Norte";"Capotamento";1;0;0;0;0;0;0;0;0;0;2;0;0;0;0
"12/12/2022";"18:56:00";"344";"ac02 - Aci";"3,7";"BR-050/MG";"Sul";"Queda de Moto";0;0;0;1;0;0;0;0;0;0;0;0;1;0;0
"12/12/2022";"19:01:00";"346";"ac02 - Aci";"96";"BR-050/GO";"Sul";"Colisão Transversal";1;0;0;1;0;0;0;0;0;0;2;1;0;0;0
"13/12/2022";"07:05:00";"39";"ac03 - Aci";"173,25";"BR-050/MG";"Norte";"Colisão Traseira";0;0;0;0;1;1;0;0;0;0;32;0;0;0;0
"13/12/2022";"08:22:00";"65";"ac03 - Aci";"146,5";"BR-050/MG";"Norte";"Choque - Elemento de Drenagem";0;0;0;0;0;0;0;0;0;1;1;0;0;0;0
"13/12/2022";"12:59:00";"156";"ac02 - Aci";"194";"BR-050/MG";"Sul";"Tombamento";0;0;1;0;0;0;0;0;0;0;0;1;0;0;0
"13/12/2022";"13:16:00";"162";"ac03 - Aci";"29,8";"BR-050/MG";"Norte";"Choque - Elemento de Drenagem";1;0;0;0;0;0;0;0;0;0;1;0;0;0;0
"13/12/2022";"13:29:00";"166";"ac03 - Aci";"137,3";"BR-050/MG";"Sul";"Choque - Elemento de Drenagem";1;0;0;0;0;0;0;0;0;0;2;0;0;0;0
"13/12/2022";"15:57:00";"219";"ac03 - Aci";"146,45";"BR-050/MG";"Sul";"Choque - Elemento de Drenagem";1;0;0;0;0;0;0;0;0;0;2;0;0;0;0
"13/12/2022";"16:23:00";"228";"ac03 - Aci";"168,8";"BR-050/MG";"Sul";"Colisão lateral no sentido contrário";0;0;0;0;0;0;0;0;0;2;2;0;0;0;0
"13/12/2022";"17:15:00";"244";"ac03 - Aci";"18,5";"BR-050/MG";"Sul";"Capotamento";0;0;0;0;0;1;0;0;0;1;1;0;0;0;0
"13/12/2022";"21:18:00";"298";"ac03 - Aci";"140,5";"BR-050/MG";"Norte";"Choque - Sinalização";0;0;1;0;0;0;0;0;0;0;1;0;0;0;0
"13/12/2022";"21:34:00";"303";"ac03 - Aci";"29,8";"BR-050/MG";"Norte";"Choque - Defensa metálica";0;0;0;0;0;0;0;0;0;1;1;0;0;0;0
"14/12/2022";"00:19:00";"2";"ac03 - Aci";"84,05";"BR-050/MG";"Norte";"Colisão Traseira";0;0;1;0;1;0;0;0;0;0;35;0;0;0;0
"14/12/2022";"06:06:00";"36";"ac03 - Aci";"44";"BR-050/MG";"Sul";"Tombamento";0;0;0;0;0;1;0;0;0;1;3;0;0;0;0
"14/12/2022";"06:08:00";"38";"ac03 - Aci";"187";"BR-050/MG";"Norte";"Choque - Elemento de Drenagem";0;0;1;0;0;0;0;0;0;0;1;0;0;0;0
"14/12/2022";"06:48:00";"41";"ac03 - Aci";"92,1";"BR-050/MG";"Norte";"Choque - Arvore";0;0;1;0;0;0;0;0;0;0;1;0;0;0;0
"14/12/2022";"10:52:00";"175";"ac02 - Aci";"29,7";"BR-050/MG";"Sul";"Queda de Moto";0;0;0;1;0;0;0;0;0;0;0;1;0;0;0
"14/12/2022";"12:49:00";"211";"ac03 - Aci";"245,1";"BR-050/GO";"Norte";"Queda de Moto";0;0;0;1;0;0;0;0;0;0;0;0;0;0;0
"14/12/2022";"21:41:00";"374";"ac03 - Aci";"89,55";"BR-050/MG";"Norte";"Capotamento";0;0;1;0;0;0;0;0;0;1;1;0;0;0;0
"15/12/2022";"06:19:00";"40";"ac03 - Aci";"10,65";"BR-050/MG";"Norte";"Choque - Elemento de Drenagem";1;0;0;0;0;0;0;0;0;0;1;0;0;0;0
"15/12/2022";"14:24:00";"234";"ac02 - Aci";"99,7";"BR-050/GO";"Norte";"Colisão Frontal";1;0;0;0;0;0;0;0;0;1;0;3;0;0;0
"15/12/2022";"21:52:00";"348";"ac02 - Aci";"151";"BR-050/MG";"Sul";"Colisão Traseira";1;0;0;0;0;0;0;0;0;0;1;1;0;0;0
"15/12/2022";"22:26:00";"351";"ac03 - Aci";"32,4";"BR-050/MG";"Sul";"Atropelamento de Animal";1;0;0;0;0;0;0;0;0;0;5;0;0;0;0
"16/12/2022";"05:58:00";"33";"ac02 - Aci";"180,08";"BR-050/GO";"Norte";"Choque - Defensa metálica";1;0;0;0;0;0;0;0;0;0;0;2;0;0;0
"16/12/2022";"06:15:00";"35";"ac03 - Aci";"79";"BR-050/MG";"Norte";"Choque - Elemento de Drenagem";1;0;0;0;0;0;0;0;0;0;2;0;0;0;0
"16/12/2022";"13:23:00";"253";"ac02 - Aci";"252,7";"BR-050/GO";"Sul";"Choque - Talude ou Barranco";1;0;0;0;0;0;0;0;0;0;1;0;1;0;0
"16/12/2022";"17:02:00";"337";"ac03 - Aci";"123,3";"BR-050/MG";"Norte";"Colisão lateral no mesmo sentido";1;0;1;0;0;0;0;0;0;0;2;0;0;0;0
"16/12/2022";"23:05:00";"427";"ac03 - Aci";"82";"BR-050/MG";"Sul";"Atropelamento de Animal";1;0;0;0;0;0;0;0;0;0;3;0;0;0;0
"17/12/2022";"04:08:00";"26";"ac02 - Aci";"18,08";"BR-050/MG";"Norte";"Choque - Defensa metálica";1;0;0;0;0;0;0;0;0;0;0;1;0;0;0
"17/12/2022";"05:43:00";"41";"ac02 - Aci";"33";"BR-050/MG";"Norte";"Choque - Elemento de Drenagem";1;0;0;0;0;0;0;0;0;0;0;3;0;0;0
"17/12/2022";"12:09:00";"194";"ac03 - Aci";"213,4";"BR-050/GO";"Sul";"Choque - Sinalização";0;0;0;0;0;0;0;0;0;1;3;0;0;0;0