data;horario;n_da_ocorrencia;tipo_de_ocorrencia;km;trecho;sentido;tipo_de_acidente;automovel;bicicleta;caminhao;moto;onibus;outros;tracao_animal;transporte_de_cargas_especiais;trator_maquinas;utilitarios;ilesos;levemente_feridos;moderadamente_feridos;gravemente_feridos;mortos
"17/12/2022";"13:29:00";"217";"ac02 - Aci";"241,54";"BR-050/GO";"Sul";"Choque - Talude ou Barranco";1;0;0;0;0;0;0;0;0;0;0;3;0;0;0
"17/12/2022";"13:55:00";"230";"ac02 - Aci";"241,62";"BR-050/GO";"Sul";"Atropelamento - Pedestre";1;0;0;0;0;0;0;0;0;1;0;6;0;1;0
"18/12/2022";"03:08:00";"19";"ac03 - Aci";"100,1";"BR-050/MG";"Norte";"Choque - Elemento de Drenagem";1;0;0;0;0;0;0;0;0;0;1;0;0;0;0
"18/12/2022";"08:45:00";"95";"ac02 - Aci";"109,9";"BR-050/GO";"Norte";"Queda de veículo em ribanceira, ponte ou viaduto";1;0;0;0;0;0;0;0;0;0;1;3;0;0;0
"18/12/2022";"11:18:00";"169";"ac02 - Aci";"175";"BR-050/MG";"Norte";"Capotamento";1;0;0;1;0;0;0;0;0;0;0;7;0;0;0
"18/12/2022";"19:36:00";"314";"ac03 - Aci";"97,95";"BR-050/MG";"Sul";"Atropelamento de Animal";0;0;1;0;0;0;0;0;0;0;1;0;0;0;0
"18/12/2022";"20:39:00";"330";"ac03 - Aci";"169,4";"BR-050/MG";"Norte";"Choque - Meio fio";1;0;0;0;0;0;0;0;0;0;2;0;0;0;0
"19/12/2022";"07:30:00";"73";"ac03 - Aci";"119";"BR-050/GO";"Sul";"Tombamento";0;0;1;0;0;0;0;0;0;0;1;0;0;0;0
"19/12/2022";"16:10:00";"272";"ac03 - Aci";"177,15";"BR-050/MG";"Sul";"Choque - New jersey";1;0;0;0;0;0;0;0;0;0;1;0;0;0;0
"19/12/2022";"17:48:00";"306";"ac02 - Aci";"274";"BR-050/GO";"Sul";"Queda de Moto";0;0;0;1;0;0;0;0;0;0;0;0;1;0;0
"19/12/2022";"18:23:00";"314";"ac03 - Aci";"206";"BR-050/MG";"Sul";"Colisão Traseira";2;0;0;0;0;0;0;0;0;0;6;0;0;0;0
"19/12/2022";"20:03:00";"339";"ac03 - Aci";"164,5";"BR-050/MG";"Norte";"Choque - Elemento de Drenagem";0;0;1;0;0;0;0;0;0;0;1;0;0;0;0
"19/12/2022";"23:59:00";"372";"ac03 - Aci";"174,8";"BR-050/MG";"Sul";"Colisão Traseira";1;0;1;0;0;0;0;0;0;0;4;0;0;0;0
"20/12/2022";"11:30:00";"175";"ac03 - Aci";"51,6";"BR-050/MG";"Sul";"Colisão Traseira";1;0;1;0;0;0;0;0;0;0;0;0;0;0;0
"20/12/2022";"14:08:00";"220";"ac03 - Aci";"24,1";"BR-050/MG";"Norte";"Choque - Elemento de Drenagem";0;0;0;0;0;0;0;0;0;1;2;0;0;0;0
"20/12/2022";"14:20:00";"225";"ac03 - Aci";"16,95";"BR-050/MG";"Norte";"Choque - Elemento de Drenagem";0;0;0;0;0;0;0;0;0;1;4;0;0;0;0
"21/12/2022";"02:53:00";"17";"ac03 - Aci";"286";"BR-050/GO";"Sul";"Choque - Sinalização";1;0;0;0;0;0;0;0;0;0;0;0;0;0;0
"21/12/2022";"04:42:00";"28";"ac02 - Aci";"106,5";"BR-050/GO";"Sul";"Capotamento";0;0;1;0;0;0;0;0;0;0;0;0;1;0;0
"21/12/2022";"06:40:00";"42";"ac03 - Aci";"17,12";"BR-050/MG";"Sul";"Choque - Defensa metálica";1;0;0;0;0;0;0;0;0;0;2;0;0;0;0
"21/12/2022";"07:13:00";"60";"ac02 - Aci";"306";"BR-050/GO";"Sul";"Choque - Defensa metálica";1;0;0;0;0;0;0;0;0;0;3;0;1;0;0
"21/12/2022";"09:51:00";"144";"ac03 - Aci";"105,1";"BR-050/GO";"Sul";"Colisão Traseira";0;0;0;0;0;0;0;0;0;1;2;0;0;0;0
"21/12/2022";"18:33:00";"335";"ac03 - Aci";"268,2";"BR-050/GO";"Sul";"Atropelamento de Animal";0;0;0;0;0;0;0;0;0;1;2;0;0;0;0
"21/12/2022";"21:05:00";"385";"ac03 - Aci";"132";"BR-050/MG";"Norte";"Choque - Elemento de Drenagem";1;0;0;0;0;0;0;0;0;0;1;0;0;0;0
"22/12/2022";"05:22:00";"50";"ac03 - Aci";"165";"BR-050/MG";"Norte";"Choque - Sinalização";1;0;0;0;0;0;0;0;0;0;3;0;0;0;0
"22/12/2022";"06:27:00";"62";"ac02 - Aci";"159,7";"BR-050/GO";"Norte";"Capotamento";0;0;1;0;0;0;0;0;0;0;0;1;0;0;0
"22/12/2022";"06:54:00";"74";"ac03 - Aci";"112,4";"BR-050/GO";"Norte";"Colisão lateral no mesmo sentido";0;0;2;0;0;0;0;0;0;0;2;0;0;0;0
"22/12/2022";"10:40:00";"198";"ac03 - Aci";"18";"CT-UDI-MG";"Norte";"Tombamento";0;0;1;0;0;0;0;0;0;0;1;0;0;0;0
"22/12/2022";"14:31:00";"303";"ac03 - Aci";"185,75";"BR-050/GO";"Sul";"Queda de Carro";1;0;0;0;0;0;0;0;0;0;2;0;0;0;0
"22/12/2022";"16:39:00";"368";"ac03 - Aci";"261,72";"BR-050/GO";"Norte";"Choque - Sinalização";1;0;0;0;0;0;0;0;0;0;4;0;0;0;0
"22/12/2022";"17:21:00";"386";"ac02 - Aci";"198,9";"BR-050/GO";"Norte";"Choque - Outros";1;0;0;0;0;0;0;0;0;0;4;2;0;0;0
"22/12/2022";"23:08:00";"486";"ac03 - Aci";"147,1";"BR-050/GO";"Norte";"Capotamento";1;0;0;0;0;0;0;0;0;0;5;0;0;0;0
"22/12/2022";"23:55:00";"500";"ac03 - Aci";"169,2";"BR-050/MG";"Norte";"Choque - Defensa metálica";0;0;0;0;0;0;0;0;0;1;1;0;0;0;0
"23/12/2022";"02:25:00";"22";"ac02 - Aci";"176,85";"BR-050/MG";"Sul";"Capotamento";1;0;0;0;0;0;0;0;0;0;0;2;0;0;0
"23/12/2022";"12:30:00";"197";"ac02 - Aci";"279";"BR-050/GO";"Norte";"Choque - Talude ou Barranco";1;0;0;0;0;0;0;0;0;0;3;0;1;0;0
"23/12/2022";"16:32:00";"290";"ac03 - Aci";"194";"BR-050/MG";"Sul";"Engavetamento";2;0;0;0;0;0;0;0;0;1;3;0;0;0;0
"24/12/2022";"06:29:00";"58";"ac03 - Aci";"177,7";"BR-050/MG";"Norte";"Choque - Elemento de Drenagem";1;0;0;0;0;0;0;0;0;0;0;0;0;0;0
"24/12/2022";"13:57:00";"218";"ac02 - Aci";"41,44";"BR-050/MG";"Sul";"Capotamento";1;0;0;0;0;0;0;0;0;0;2;2;0;0;0
"24/12/2022";"18:13:00";"302";"ac03 - Aci";"159,1";"BR-050/MG";"Sul";"Choque - Talude ou Barranco";0;0;1;0;0;0;0;0;0;0;1;0;0;0;0
"24/12/2022";"23:47:00";"355";"ac03 - Aci";"105";"BR-050/GO";"Norte";"Choque - Meio fio";1;0;0;0;0;0;0;0;0;0;1;0;0;0;0
"25/12/2022";"06:47:00";"24";"ac02 - Aci";"189";"BR-050/MG";"Sul";"Choque - New jersey";0;0;0;1;0;0;0;0;0;0;0;1;0;0;0
"25/12/2022";"10:05:00";"69";"ac02 - Aci";"129,9";"BR-050/MG";"Sul";"Choque - Arvore";1;0;0;0;0;0;0;0;0;0;0;1;0;0;0
"25/12/2022";"12:09:00";"98";"ac03 - Aci";"60,3";"BR-050/MG";"Norte";"Tombamento";1;0;0;0;0;0;0;0;0;0;1;0;0;0;0
"25/12/2022";"14:21:00";"124";"ac03 - Aci";"142,5";"BR-050/GO";"Sul";"Capotamento";0;0;0;0;0;0;0;0;0;1;2;0;0;0;0
"25/12/2022";"16:17:00";"151";"ac03 - Aci";"171,8";"BR-050/MG";"Norte";"Queda de Carro";1;0;0;0;0;0;0;0;0;0;1;0;0;0;0
"25/12/2022";"17:04:00";"168";"ac03 - Aci";"174,8";"BR-050/MG";"Sul";"Choque - New jersey";1;0;0;0;0;0;0;0;0;0;2;0;0;0;0
"25/12/2022";"18:47:00";"206";"ac03 - Aci";"289,6";"BR-050/GO";"Norte";"Choque - Defensa metálica";1;0;1;0;0;0;0;0;0;0;3;0;0;0;0
"26/12/2022";"12:00:00";"158";"ac03 - Aci";"39,8";"BR-050/MG";"Sul";"Choque - New jersey";1;0;0;0;0;0;0;0;0;0;4;0;0;0;0
"26/12/2022";"12:04:00";"159";"ac02 - Aci";"17,11";"BR-050/MG";"Sul";"Capotamento";1;0;0;0;0;0;0;0;0;0;0;1;0;0;0
"26/12/2022";"14:10:00";"192";"ac03 - Aci";"29,75";"BR-050/MG";"Sul";"Choque - Meio fio";1;0;0;0;0;0;0;0;0;0;2;0;0;0;0
"26/12/2022";"15:53:00";"230";"ac03 - Aci";"196,55";"BR-050/GO";"Sul";"Choque - Defensa metálica";1;0;0;0;0;0;0;0;0;0;3;0;0;0;0
"26/12/2022";"17:43:00";"269";"ac03 - Aci";"29,78";"BR-050/MG";"Sul";"Choque - Elemento de Drenagem";1;0;0;0;0;0;0;0;0;0;1;0;0;0;0
"26/12/2022";"19:46:00";"301";"ac03 - Aci";"60,1";"BR-050/MG";"Sul";"Colisão Traseira";0;0;1;0;0;1;0;0;0;0;1;0;0;0;0
"26/12/2022";"20:01:00";"304";"ac03 - Aci";"16,5";"BR-050/MG";"Sul";"Atropelamento de Animal";0;0;1;0;0;0;0;0;0;0;1;0;0;0;0
"27/12/2022";"03:16:00";"24";"ac03 - Aci";"195,65";"BR-050/GO";"Norte";"Choque - Outros";1;0;0;0;0;0;0;0;0;0;5;0;0;0;0
"27/12/2022";"11:45:00";"175";"ac03 - Aci";"29,7";"BR-050/MG";"Norte";"Choque - Defensa metálica";0;0;0;0;0;0;0;0;0;1;4;0;0;0;0
"27/12/2022";"13:56:00";"202";"ac02 - Aci";"147,16";"BR-050/GO";"Sul";"Colisão lateral no mesmo sentido";1;0;1;0;0;0;0;0;0;0;2;0;1;0;0
"27/12/2022";"15:43:00";"238";"ac03 - Aci";"17";"BR-050/MG";"Norte";"Capotamento";1;0;0;0;0;0;0;0;0;0;1;0;0;0;0
"28/12/2022";"03:35:00";"17";"ac03 - Aci";"170";"BR-050/MG";"Norte";"Choque - Outros";0;0;0;0;1;0;0;0;0;0;2;0;0;0;0
"28/12/2022";"09:28:00";"110";"ac03 - Aci";"164,75";"BR-050/MG";"Sul";"Colisão Traseira";0;0;2;0;0;0;0;0;0;0;4;0;0;0;0
"28/12/2022";"10:36:00";"139";"ac02 - Aci";"99,75";"BR-050/MG";"Sul";"Colisão lateral no mesmo sentido";1;0;1;0;0;0;0;0;0;0;3;1;0;0;0
"28/12/2022";"16:25:00";"273";"ac03 - Aci";"196,7";"BR-050/GO";"Sul";"Choque - Sinalização";1;0;0;0;0;0;0;0;0;0;4;0;0;0;0
"28/12/2022";"17:42:00";"297";"ac03 - Aci";"164,2";"BR-050/MG";"Sul";"Colisão Traseira";1;0;0;0;0;0;0;0;0;1;6;0;0;0;0
"29/12/2022";"06:58:00";"38";"ac01 - Aci";"257";"BR-050/GO";"Norte";"Colisão Traseira";0;2;0;0;0;0;0;0;0;1;2;0;1;0;1
"29/12/2022";"07:33:00";"47";"ac03 - Aci";"174,95";"BR-050/MG";"Sul";"Choque - Meio fio";1;0;0;0;0;0;0;0;0;0;1;0;0;0;0
"29/12/2022";"15:33:00";"230";"ac03 - Aci";"78";"BR-050/MG";"Sul";"Colisão Traseira";1;0;0;1;0;0;0;0;0;0;1;0;0;0;0
"29/12/2022";"18:18:00";"291";"ac03 - Aci";"138,13";"BR-050/MG";"Norte";"Colisão Traseira";0;0;0;0;0;0;0;0;0;2;7;0;0;0;0
"29/12/2022";"21:24:00";"346";"ac02 - Aci";"98";"BR-050/GO";"Norte";"Colisão Transversal";1;0;0;1;0;0;0;0;0;0;3;1;0;0;0
"29/12/2022";"22:12:00";"357";"ac03 - Aci";"206";"BR-050/MG";"Sul";"Colisão Traseira";2;0;0;0;0;0;0;0;0;0;4;0;0;0;0
"30/12/2022";"07:30:00";"51";"ac02 - Aci";"108,05";"BR-050/GO";"Sul";"Capotamento";1;0;0;0;0;0;0;0;0;0;0;2;0;0;0
"30/12/2022";"11:02:00";"127";"ac02 - Aci";"197";"BR-050/MG";"Sul";"Queda de Moto";0;0;0;1;0;0;0;0;0;0;0;0;2;0;0
"30/12/2022";"12:31:00";"152";"ac03 - Aci";"305,9";"BR-050/GO";"Norte";"Choque - Defensa metálica";0;0;0;0;0;0;0;0;0;1;4;0;0;0;0
"30/12/2022";"13:32:00";"172";"ac03 - Aci";"146,5";"BR-050/MG";"Sul";"Choque - Elemento de Drenagem";1;0;0;0;0;0;0;0;0;0;3;0;0;0;0
"30/12/2022";"22:43:00";"311";"ac03 - Aci";"98";"BR-050/GO";"Sul";"Colisão Transversal";1;0;0;1;0;0;0;0;0;0;1;0;0;0;0
"31/12/2022";"03:28:00";"21";"ac02 - Aci";"180";"BR-050/GO";"Norte";"Capotamento";1;0;0;0;0;0;0;0;0;0;3;1;0;0;0
"01/01/2023";"01:02:00";"4";"ac02 - Aci";"202,7";"BR-050/MG";"Sul";"Queda de Moto";0;0;0;1;0;0;0;0;0;0;0;2;0;0;0
"01/01/2023";"02:04:00";"10";"ac02 - Aci";"63,8";"BR-050/MG";"Norte";"Colisão Traseira";0;0;0;1;0;1;0;0;0;0;0;0;1;0;0
"01/01/2023";"03:29:00";"19";"ac02 - Aci";"79,2";"BR-050/MG";"Norte";"Atropelamento de Animal";0;0;0;0;0;0;0;0;0;1;0;4;0;0;0
"01/01/2023";"04:45:00";"23";"ac03 - Aci";"61";"BR-050/MG";"Sul";"Choque - Meio fio";1;0;0;0;0;0;0;0;0;0;2;0;0;0;0
"01/01/2023";"16:56:00";"217";"ac03 - Aci";"174,7";"BR-050/MG";"Sul";"Choque - New jersey";1;0;0;0;0;0;0;0;0;0;4;0;0;0;0
"01/01/2023";"17:47:00";"239";"ac02 - Aci";"147,4";"BR-050/GO";"Norte";"Colisão Transversal";1;0;0;0;0;1;0;0;0;0;0;1;0;0;0
"02/01/2023";"06:20:00";"34";"ac03 - Aci";"48,2";"BR-050/MG";"Sul";"Choque - Talude ou Barranco";1;0;0;0;0;0;0;0;0;0;1;0;0;0;0
"02/01/2023";"09:42:00";"140";"ac02 - Aci";"308";"BR-050/GO";"Sul";"Colisão lateral no mesmo sentido";1;0;1;0;0;0;0;0;0;0;1;1;0;0;0
"02/01/2023";"10:01:00";"147";"ac02 - Aci";"110,7";"BR-050/MG";"Norte";"Capotamento";1;0;0;0;0;0;0;0;0;0;3;2;0;0;0
"02/01/2023";"11:16:00";"187";"ac02 - Aci";"172,4";"BR-050/MG";"Norte";"Colisão Traseira";1;0;0;0;0;0;0;0;0;1;5;1;0;0;0
"02/01/2023";"12:25:00";"212";"ac02 - Aci";"233,35";"BR-050/GO";"Norte";"Colisão Traseira";1;0;1;0;0;0;0;0;0;0;1;1;0;0;0
"02/01/2023";"16:31:00";"312";"ac02 - Aci";"165,3";"BR-050/MG";"Sul";"Colisão Traseira";1;0;0;1;0;0;0;0;0;0;4;1;0;0;0
"02/01/2023";"16:46:00";"324";"ac03 - Aci";"168,8";"BR-050/MG";"Norte";"Colisão Traseira";0;0;0;0;0;1;0;0;0;1;1;0;0;0;0
"03/01/2023";"08:26:00";"78";"ac03 - Aci";"287";"BR-050/GO";"Norte";"Choque - New jersey";1;0;0;0;0;0;0;0;0;0;3;0;0;0;0
"03/01/2023";"09:22:00";"110";"ac03 - Aci";"81,9";"BR-050/MG";"Norte";"Colisão Traseira";0;0;2;0;0;0;0;0;0;0;2;0;0;0;0
"03/01/2023";"10:52:00";"156";"ac03 - Aci";"180,05";"BR-050/MG";"Sul";"Colisão lateral no mesmo sentido";1;0;1;0;0;0;0;0;0;0;2;0;0;0;0
"03/01/2023";"11:59:00";"172";"ac03 - Aci";"18,7";"BR-050/MG";"Sul";"Colisão Traseira";2;0;0;0;0;0;0;0;0;0;5;0;0;0;0
"03/01/2023";"16:23:00";"268";"ac03 - Aci";"278";"BR-050/GO";"Sul";"Colisão Transversal";2;0;0;0;0;0;0;0;0;0;4;0;0;0;0
"03/01/2023";"16:38:00";"271";"ac03 - Aci";"77,8";"BR-050/MG";"Norte";"Engavetamento";2;0;0;0;0;0;0;0;0;1;3;0;0;0;0
"04/01/2023";"12:26:00";"173";"ac03 - Aci";"127,9";"BR-050/MG";"Norte";"Colisão Traseira";1;0;0;0;0;1;0;0;0;0;3;0;0;0;0
"04/01/2023";"15:35:00";"246";"ac03 - Aci";"128,3";"BR-050/MG";"Norte";"Colisão lateral no mesmo sentido";1;0;1;0;0;0;0;0;0;0;3;0;0;0;0
"04/01/2023";"17:33:00";"285";"ac02 - Aci";"176";"BR-050/MG";"Norte";"Colisão Traseira";2;0;0;0;0;0;0;0;0;0;3;2;0;0;0
"05/01/2023";"02:09:00";"13";"ac03 - Aci";"58,2";"BR-050/MG";"Norte";"Choque - Elemento de Drenagem";1;0;0;0;0;0;0;0;0;0;5;0;0;0;0
"05/01/2023";"13:43:00";"203";"ac03 - Aci";"5";"BR-050/MG";"Sul";"Choque - Veiculo parado no acostamento";0;0;1;0;0;1;0;0;0;0;1;0;0;0;0
"05/01/2023";"14:09:00";"211";"ac02 - Aci";"194,3";"BR-050/MG";"Sul";"Tombamento";0;0;1;0;0;0;0;0;0;0;0;1;0;0;0
"05/01/2023";"15:00:00";"230";"ac03 - Aci";"290,5";"BR-050/GO";"Norte";"Choque - Defensa metálica";1;0;0;0;0;0;0;0;0;0;3;0;0;0;0
"05/01/2023";"15:58:00";"251";"ac03 - Aci";"188,5";"BR-050/MG";"Norte";"Colisão Traseira";1;0;0;0;0;1;0;0;0;0;1;0;0;0;0
"06/01/2023";"08:50:00";"90";"ac03 - Aci";"2,52";"BR-050/MG";"Sul";"Colisão lateral no mesmo sentido";1;0;0;0;0;1;0;0;0;0;2;0;0;0;0
"06/01/2023";"11:56:00";"184";"ac03 - Aci";"85,7";"BR-050/MG";"Norte";"Choque - Meio fio";1;0;0;0;0;0;0;0;0;0;2;0;0;0;0
"06/01/2023";"14:19:00";"226";"ac03 - Aci";"40,88";"BR-050/MG";"Norte";"Choque - Defensa metálica";0;0;0;0;0;0;0;0;0;1;2;0;0;0;0
"06/01/2023";"17:02:00";"273";"ac03 - Aci";"163,5";"BR-050/MG";"Sul";"Colisão Traseira";0;0;2;0;0;0;0;0;0;0;2;0;0;0;0
"06/01/2023";"17:02:00";"281";"ac03 - Aci";"163,5";"BR-050/MG";"Sul";"Colisão Traseira";0;0;0;0;0;1;0;0;0;1;1;0;0;0;0
"06/01/2023";"19:11:00";"310";"ac03 - Aci";"186";"BR-050/MG";"Sul";"Choque - New jersey";0;0;0;1;0;0;0;0;0;1;1;0;0;0;0
"06/01/2023";"19:46:00";"320";"ac03 - Aci";"44";"BR-050/MG";"Norte";"Colisão Traseira";0;0;2;0;0;0;0;0;0;1;3;0;0;0;0
"06/01/2023";"20:09:00";"326";"ac02 - Aci";"176,5";"BR-050/MG";"Norte";"Queda de Moto";0;0;0;1;0;0;0;0;0;0;1;1;0;0;0
"07/01/2023";"00:09:00";"1";"ac03 - Aci";"286,85";"BR-050/GO";"Norte";"Choque - New jersey";0;0;1;0;0;0;0;0;0;0;1;0;0;0;0
"07/01/2023";"08:07:00";"79";"ac03 - Aci";"29,66";"BR-050/MG";"Sul";"Choque - Defensa metálica";0;0;1;0;0;0;0;0;0;0;2;0;0;0;0
"07/01/2023";"10:19:00";"147";"ac03 - Aci";"151,5";"BR-050/MG";"Norte";"Choque - Elemento de Drenagem";1;0;0;0;0;0;0;0;0;0;3;0;0;0;0
"07/01/2023";"11:45:00";"189";"ac03 - Aci";"156,09";"BR-050/MG";"Norte";"Engavetamento";2;0;0;0;0;0;0;0;0;1;6;0;0;0;0
"07/01/2023";"12:22:00";"206";"ac03 - Aci";"107,4";"BR-050/GO";"Norte";"Choque - Talude ou Barranco";1;0;0;0;0;0;0;0;0;0;3;0;0;0;0
"07/01/2023";"16:06:00";"274";"ac03 - Aci";"78,3";"BR-050/MG";"Sul";"Choque - Elemento de Drenagem";1;0;0;0;0;0;0;0;0;0;2;0;0;0;0
"07/01/2023";"16:15:00";"276";"ac03 - Aci";"290,5";"BR-050/GO";"Norte";"Choque - Talude ou Barranco";1;0;0;0;0;0;0;0;0;0;1;0;0;0;0
"08/01/2023";"00:28:00";"4";"ac03 - Aci";"31,95";"BR-050/MG";"Norte";"Choque - Elemento de Drenagem";1;0;0;0;0;0;0;0;0;0;5;0;0;0;0
"08/01/2023";"01:49:00";"15";"ac03 - Aci";"195,47";"BR-050/GO";"Sul";"Choque - Talude ou Barranco";1;0;0;0;0;0;0;0;0;0;5;0;0;0;0
"08/01/2023";"01:59:00";"18";"ac03 - Aci";"194,45";"BR-050/GO";"Sul";"Choque - Outros";1;0;0;0;0;0;0;0;0;0;1;0;0;0;0
"08/01/2023";"05:03:00";"28";"ac03 - Aci";"259,8";"BR-050/GO";"Norte";"Colisão Traseira";0;0;0;0;1;1;0;0;0;0;2;0;0;0;0
"08/01/2023";"08:03:00";"61";"ac03 - Aci";"82,45";"BR-050/MG";"Sul";"Choque - Elemento de Drenagem";1;0;0;0;0;0;0;0;0;0;5;0;0;0;0
"08/01/2023";"09:31:00";"93";"ac03 - Aci";"26,9";"BR-050/MG";"Norte";"Colisão lateral no mesmo sentido";0;0;1;0;0;0;0;0;0;1;3;0;0;0;0
"08/01/2023";"10:12:00";"113";"ac03 - Aci";"129,5";"BR-050/MG";"Norte";"Colisão lateral no mesmo sentido";0;0;0;0;0;1;0;0;0;1;1;0;0;0;0
"08/01/2023";"11:09:00";"143";"ac03 - Aci";"29,7";"BR-050/MG";"Sul";"Choque - Sinalização";1;0;0;0;0;0;0;0;0;0;2;0;0;0;0
"08/01/2023";"11:10:00";"145";"ac03 - Aci";"18,76";"BR-050/MG";"Sul";"Choque - Elemento de Drenagem";0;0;0;0;0;0;0;0;0;1;3;0;0;0;0
"08/01/2023";"11:19:00";"148";"ac03 - Aci";"285";"BR-050/GO";"Sul";"Capotamento";1;0;0;0;0;0;0;0;0;0;3;0;0;0;0
"08/01/2023";"11:57:00";"160";"ac02 - Aci";"270";"BR-050/GO";"Sul";"Choque - Elemento de Drenagem";1;0;0;0;0;0;0;0;0;0;0;2;0;0;0
"08/01/2023";"13:28:00";"180";"ac03 - Aci";"115,3";"BR-050/GO";"Norte";"Choque - Talude ou Barranco";0;0;0;0;0;0;0;0;0;1;3;0;0;0;0
"08/01/2023";"14:02:00";"191";"ac02 - Aci";"178";"BR-050/MG";"Norte";"Colisão Traseira";1;0;0;0;0;0;0;0;0;1;2;1;0;0;0
"08/01/2023";"17:41:00";"277";"ac03 - Aci";"289,7";"BR-050/GO";"Norte";"Choque - Defensa metálica";1;0;0;0;0;0;0;0;0;0;1;0;0;0;0
"08/01/2023";"20:00:00";"321";"ac03 - Aci";"97,5";"BR-050/GO";"Norte";"Colisão Traseira";1;0;0;0;0;0;0;0;0;1;5;0;0;0;0
"08/01/2023";"20:34:00";"331";"ac03 - Aci";"180";"BR-050/MG";"Sul";"Choque - Elemento de Drenagem";1;0;0;0;0;0;0;0;0;0;1;0;0;0;0
"08/01/2023";"23:10:00";"369";"ac02 - Aci";"123,18";"BR-050/MG";"Norte";"Choque - Talude ou Barranco";0;0;0;0;0;0;0;0;0;1;1;0;1;0;0
"09/01/2023";"03:32:00";"27";"ac03 - Aci";"99";"BR-050/GO";"Norte";"Choque - Sinalização";1;0;0;0;0;0;0;0;0;0;4;0;0;0;0
"09/01/2023";"09:21:00";"125";"ac03 - Aci";"185,75";"BR-050/MG";"Sul";"Colisão Traseira";2;0;1;0;0;0;0;0;0;0;6;0;0;0;0
"09/01/2023";"11:59:00";"239";"ac03 - Aci";"29,7";"BR-050/MG";"Norte";"Choque - Elemento de Drenagem";1;0;0;0;0;0;0;0;0;0;4;0;0;0;0
"09/01/2023";"12:06:00";"243";"ac03 - Aci";"169";"BR-050/MG";"Norte";"Colisão Traseira";0;0;1;0;0;0;0;0;0;1;3;0;0;0;0
"09/01/2023";"14:40:00";"291";"ac03 - Aci";"171";"BR-050/MG";"Norte";"Colisão lateral no mesmo sentido";1;0;1;0;0;0;0;0;0;0;3;0;0;0;0
"09/01/2023";"14:40:00";"292";"ac02 - Aci";"173,3";"BR-050/GO";"Sul";"Capotamento";0;0;0;0;0;0;0;0;0;1;0;2;0;0;0
"10/01/2023";"11:49:00";"214";"ac03 - Aci";"114,4";"BR-050/MG";"Norte";"Tombamento";0;0;1;0;0;0;0;0;0;0;2;0;0;0;0
"10/01/2023";"14:39:00";"283";"ac03 - Aci";"25";"BR-050/MG";"Norte";"Colisão Traseira";0;0;1;0;0;0;0;0;0;1;2;0;0;0;0
"10/01/2023";"18:50:00";"359";"ac02 - Aci";"268,8";"BR-050/GO";"Sul";"Capotamento";0;0;0;0;0;0;0;0;0;1;1;1;0;0;0
"10/01/2023";"19:48:00";"377";"ac03 - Aci";"81";"BR-050/MG";"Norte";"Atropelamento de Animal";1;0;0;0;0;0;0;0;0;0;4;0;0;0;0
"10/01/2023";"20:50:00";"390";"ac03 - Aci";"60,9";"BR-050/MG";"Sul";"Choque - Elemento de Drenagem";0;0;0;0;0;0;0;0;0;1;2;0;0;0;0
"11/01/2023";"04:17:00";"39";"ac02 - Aci";"179";"BR-050/MG";"Norte";"Choque - New jersey";1;0;0;0;0;0;0;0;0;0;0;1;0;0;0
"12/01/2023";"00:41:00";"5";"ac02 - Aci";"180";"BR-050/MG";"Norte";"Choque - Meio fio";0;0;0;1;0;0;0;0;0;0;0;1;0;0;0
"12/01/2023";"04:26:00";"24";"ac03 - Aci";"134";"BR-050/MG";"Norte";"Choque - Elemento de Drenagem";0;0;0;0;1;0;0;0;0;0;49;0;0;0;0
"12/01/2023";"08:07:00";"78";"ac03 - Aci";"116,3";"BR-050/GO";"Sul";"Objeto lançado contra veículo";1;0;0;0;0;0;0;0;0;0;5;0;0;0;0
"12/01/2023";"13:52:00";"243";"ac02 - Aci";"308";"BR-050/GO";"Sul";"Tombamento";0;0;1;0;0;0;0;0;0;0;0;0;1;0;0
"12/01/2023";"15:35:00";"281";"ac03 - Aci";"53,74";"BR-050/MG";"Sul";"Colisão Traseira";0;0;1;0;1;0;0;0;0;0;34;0;0;0;0
"12/01/2023";"19:52:00";"376";"ac02 - Aci";"190,4";"BR-050/MG";"Norte";"Tombamento";0;0;1;0;0;0;0;0;0;0;0;1;0;0;0
"13/01/2023";"00:33:00";"5";"ac03 - Aci";"258,9";"BR-050/GO";"Norte";"Choque - Sinalização";0;0;0;0;0;0;0;0;0;1;2;0;0;0;0
"13/01/2023";"00:40:00";"9";"ac03 - Aci";"106";"BR-050/GO";"Norte";"Choque - Elemento de Drenagem";0;0;1;0;0;0;0;0;0;0;1;0;0;0;0
"13/01/2023";"15:06:00";"269";"ac03 - Aci";"122";"BR-050/MG";"Sul";"Colisão Traseira";1;0;0;0;0;1;0;0;0;0;2;0;0;0;0
"13/01/2023";"16:00:00";"297";"ac02 - Aci";"194";"BR-050/MG";"Sul";"Choque - Talude ou Barranco";0;0;1;0;0;0;0;0;0;0;0;1;0;0;0
"13/01/2023";"17:34:00";"339";"ac03 - Aci";"182";"BR-050/MG";"Norte";"Colisão lateral no mesmo sentido";1;0;1;0;0;0;0;0;0;0;3;0;0;0;0
"13/01/2023";"19:32:00";"381";"ac02 - Aci";"64";"BR-050/MG";"Sul";"Choque - Elemento de Drenagem";1;0;0;0;0;0;0;0;0;0;0;1;0;0;0
"14/01/2023";"06:06:00";"41";"ac01 - Aci";"165,45";"BR-050/MG";"Norte";"Atropelamento - Pedestre";0;0;0;0;0;1;0;0;0;0;0;0;0;0;1
"14/01/2023";"06:52:00";"59";"ac03 - Aci";"46,9";"BR-050/MG";"Norte";"Choque - Elemento de Drenagem";1;0;0;0;0;0;0;0;0;0;1;0;0;0;0
"14/01/2023";"15:56:00";"304";"ac03 - Aci";"169,5";"BR-050/MG";"Norte";"Choque - Meio fio";0;0;1;0;0;0;0;0;0;0;1;0;0;0;0
"14/01/2023";"16:22:00";"314";"ac03 - Aci";"313,32";"BR-050/GO";"Sul";"Colisão Traseira";2;0;0;0;0;0;0;0;0;0;6;0;0;0;0