data;horario;n_da_ocorrencia;tipo_de_ocorrencia;km;trecho;sentido;tipo_de_acidente;automovel;bicicleta;caminhao;moto;onibus;outros;tracao_animal;transporte_de_cargas_especiais;trator_maquinas;utilitarios;ilesos;levemente_feridos;moderadamente_feridos;gravemente_feridos;mortos
"14/01/2023";"16:55:00";"337";"ac03 - Aci";"190,5";"BR-050/MG";"Norte";"Choque - Meio fio";1;0;0;0;0;0;0;0;0;0;1;0;0;0;0
"15/01/2023";"00:47:00";"10";"ac03 - Aci";"120,55";"BR-050/MG";"Norte";"Colisão lateral no mesmo sentido";1;0;1;0;0;0;0;0;0;0;1;0;0;0;0
"15/01/2023";"14:19:00";"211";"ac03 - Aci";"178,1";"BR-050/MG";"Sul";"Choque - New jersey";1;0;0;0;0;0;0;0;0;0;2;0;0;0;0
"15/01/2023";"17:34:00";"277";"ac02 - Aci";"185,2";"BR-050/MG";"Norte";"Queda de Moto";0;0;0;1;0;0;0;0;0;0;0;1;0;0;0
"16/01/2023";"02:22:00";"10";"ac03 - Aci";"132,7";"BR-050/GO";"Norte";"Colisão Traseira";0;0;1;0;0;0;0;0;0;1;2;0;0;0;0
"16/01/2023";"06:58:00";"45";"ac03 - Aci";"195,9";"BR-050/MG";"Sul";"Atropelamento de Animal";1;0;0;0;0;0;0;0;0;0;1;0;0;0;0
"17/01/2023";"16:31:00";"279";"ac02 - Aci";"126";"BR-050/MG";"Norte";"Engavetamento";2;0;2;0;0;0;0;0;0;0;7;1;0;0;0
"17/01/2023";"18:48:00";"316";"ac03 - Aci";"193";"BR-050/MG";"Sul";"Colisão lateral no mesmo sentido";0;0;1;0;0;0;0;0;0;1;4;0;0;0;0
"17/01/2023";"20:45:00";"343";"ac03 - Aci";"147,7";"BR-050/MG";"Sul";"Choque - Elemento de Drenagem";0;0;1;0;0;0;0;0;0;0;1;0;0;0;0
"17/01/2023";"21:40:00";"352";"ac02 - Aci";"176";"BR-050/MG";"Norte";"Choque - New jersey";0;0;1;0;0;0;0;0;0;0;1;2;0;0;0
"18/01/2023";"03:39:00";"20";"ac02 - Aci";"169";"BR-050/MG";"Norte";"Capotamento";1;0;0;0;0;0;0;0;0;0;4;1;0;0;0
"18/01/2023";"13:32:00";"245";"ac03 - Aci";"279,1";"BR-050/GO";"Norte";"Colisão lateral no mesmo sentido";0;0;1;1;0;0;0;0;0;0;2;0;0;0;0
"18/01/2023";"16:46:00";"323";"ac03 - Aci";"194,8";"BR-050/MG";"Sul";"Choque - Defensa metálica";0;0;1;0;0;0;0;0;0;0;1;0;0;0;0
"18/01/2023";"22:16:00";"412";"ac03 - Aci";"183,5";"BR-050/MG";"Norte";"Choque - New jersey";0;0;1;0;0;0;0;0;0;0;1;0;0;0;0
"20/01/2023";"01:28:00";"10";"ac02 - Aci";"244,34";"BR-050/GO";"Sul";"Choque - Defensa metálica";0;0;1;0;0;0;0;0;0;0;0;0;1;0;0
"20/01/2023";"08:16:00";"72";"ac03 - Aci";"194,7";"BR-050/MG";"Sul";"Choque - Talude ou Barranco";1;0;0;0;0;0;0;0;0;0;1;0;0;0;0
"20/01/2023";"14:04:00";"211";"ac02 - Aci";"175,5";"BR-050/MG";"Norte";"Capotamento";0;0;0;0;0;0;0;0;0;1;0;1;0;0;0
"20/01/2023";"16:41:00";"275";"ac02 - Aci";"27";"BR-050/MG";"Sul";"Tombamento";0;0;1;0;0;0;0;0;0;0;0;0;1;0;0
"20/01/2023";"17:29:00";"296";"ac03 - Aci";"167,2";"BR-050/MG";"Sul";"Choque - Meio fio";1;0;0;0;0;1;0;0;0;0;3;0;0;0;0
"20/01/2023";"22:05:00";"364";"ac02 - Aci";"174,7";"BR-050/MG";"Sul";"Colisão lateral no mesmo sentido";0;1;0;1;0;0;0;0;0;0;1;1;0;0;0
"21/01/2023";"02:29:00";"9";"ac03 - Aci";"144";"BR-050/GO";"Norte";"Colisão Traseira";0;0;2;0;0;0;0;0;0;0;3;0;0;0;0
"21/01/2023";"05:24:00";"21";"ac03 - Aci";"34";"BR-050/MG";"Norte";"Choque - Elemento de Drenagem";1;0;0;0;0;0;0;0;0;0;3;0;0;0;0
"21/01/2023";"05:48:00";"23";"ac03 - Aci";"161,64";"BR-050/GO";"Sul";"Choque - Elemento de Drenagem";1;0;0;0;0;0;0;0;0;0;3;0;0;0;0
"21/01/2023";"10:17:00";"129";"ac02 - Aci";"196,6";"BR-050/GO";"Sul";"Choque - Sinalização";1;0;0;0;0;0;0;0;0;0;3;1;0;0;0
"21/01/2023";"11:02:00";"146";"ac03 - Aci";"165,45";"BR-050/MG";"Sul";"Choque - Arvore";0;0;0;0;0;0;0;0;0;1;3;0;0;0;0
"21/01/2023";"13:51:00";"212";"ac03 - Aci";"261,16";"BR-050/GO";"Sul";"Choque - Elemento de Drenagem";0;0;0;0;0;0;0;0;0;1;1;0;0;0;0
"22/01/2023";"07:38:00";"79";"ac02 - Aci";"174,5";"BR-050/MG";"Norte";"Queda de Moto";0;0;0;1;0;0;0;0;0;0;0;2;0;0;0
"22/01/2023";"10:01:00";"139";"ac03 - Aci";"1,5";"BR-050/MG";"Sul";"Choque - Elemento de Drenagem";1;0;0;0;0;0;0;0;0;0;3;0;0;0;0
"22/01/2023";"15:37:00";"224";"ac03 - Aci";"29,8";"BR-050/MG";"Sul";"Choque - Elemento de Drenagem";1;0;0;0;0;0;0;0;0;0;4;0;0;0;0
"22/01/2023";"16:21:00";"245";"ac03 - Aci";"146,4";"BR-050/MG";"Sul";"Choque - Talude ou Barranco";1;0;0;0;0;0;0;0;0;0;2;0;0;0;0
"23/01/2023";"19:08:00";"348";"ac02 - Aci";"96,4";"BR-050/GO";"Sul";"Colisão Transversal";1;0;0;1;0;0;0;0;0;0;1;1;0;0;0
"23/01/2023";"19:24:00";"351";"ac03 - Aci";"43,3";"BR-050/MG";"Sul";"Choque - Meio fio";1;0;0;0;0;0;0;0;0;0;3;0;0;0;0
"23/01/2023";"22:27:00";"373";"ac02 - Aci";"172,8";"BR-050/MG";"Norte";"Queda de Ciclista";0;1;0;0;0;0;0;0;0;0;0;1;0;0;0
"24/01/2023";"06:21:00";"33";"ac03 - Aci";"22,3";"BR-050/MG";"Sul";"Choque - Meio fio";1;0;0;0;0;0;0;0;0;0;2;0;0;0;0
"24/01/2023";"14:47:00";"269";"ac03 - Aci";"182,4";"BR-050/MG";"Sul";"Tombamento";0;0;0;0;0;0;0;0;0;1;2;0;0;0;0
"24/01/2023";"14:59:00";"274";"ac02 - Aci";"182";"BR-050/MG";"Sul";"Queda de Moto";0;0;0;1;0;0;0;0;0;0;0;1;0;0;0
"24/01/2023";"15:10:00";"279";"ac03 - Aci";"29,7";"BR-050/MG";"Norte";"Choque - Arvore";1;0;0;0;0;0;0;0;0;0;2;0;0;0;0
"24/01/2023";"20:57:00";"387";"ac03 - Aci";"133";"BR-050/GO";"Norte";"Choque - Elemento de Drenagem";1;0;0;0;0;0;0;0;0;0;3;0;0;0;0
"25/01/2023";"01:02:00";"16";"ac03 - Aci";"78,5";"BR-050/MG";"Norte";"Colisão lateral no mesmo sentido";0;0;1;0;0;0;0;0;0;1;3;0;0;0;0
"25/01/2023";"02:45:00";"31";"ac03 - Aci";"106,36";"BR-050/GO";"Norte";"Choque - Elemento de Drenagem";0;0;1;0;0;0;0;0;0;0;1;0;0;0;0
"25/01/2023";"03:51:00";"34";"ac03 - Aci";"28,95";"BR-050/MG";"Norte";"Choque - Talude ou Barranco";1;0;0;0;0;0;0;0;0;0;1;0;0;0;0
"25/01/2023";"10:27:00";"160";"ac02 - Aci";"34,3";"BR-050/MG";"Norte";"Choque - Defensa metálica";1;0;0;0;0;0;0;0;0;0;0;1;0;0;0
"25/01/2023";"15:34:00";"266";"ac03 - Aci";"59,52";"BR-050/MG";"Norte";"Choque - Elemento de Drenagem";0;0;0;0;0;0;0;0;0;1;3;0;0;0;0
"25/01/2023";"17:16:00";"312";"ac02 - Aci";"278,8";"BR-050/GO";"Norte";"Atropelamento - Pedestre";1;0;0;0;0;0;0;0;0;0;1;1;0;0;0
"25/01/2023";"23:55:00";"407";"ac03 - Aci";"56";"BR-050/MG";"Sul";"Colisão lateral no mesmo sentido";0;0;1;0;0;1;0;0;0;0;2;0;0;0;0
"26/01/2023";"05:25:00";"24";"ac03 - Aci";"29,5";"BR-050/MG";"Norte";"Choque - Elemento de Drenagem";0;0;1;0;0;0;0;0;0;0;1;0;0;0;0
"26/01/2023";"12:07:00";"228";"ac03 - Aci";"267,6";"BR-050/GO";"Sul";"Capotamento";1;0;0;0;0;0;0;0;0;0;1;0;0;0;0
"26/01/2023";"12:16:00";"234";"ac02 - Aci";"15,85";"CT-UDI-MG";"Norte";"Queda de Moto";0;0;0;1;0;0;0;0;0;0;0;1;0;0;0
"26/01/2023";"15:22:00";"280";"ac02 - Aci";"123,5";"BR-050/MG";"Norte";"Choque - Elemento de Drenagem";1;0;0;0;0;0;0;0;0;0;2;1;0;0;0
"26/01/2023";"15:55:00";"297";"ac02 - Aci";"148,5";"BR-050/MG";"Sul";"Capotamento";1;0;0;0;0;0;0;0;0;0;0;0;2;2;0
"26/01/2023";"22:03:00";"405";"ac03 - Aci";"118,85";"BR-050/GO";"Sul";"Colisão Traseira";1;0;1;0;0;0;0;0;0;0;2;0;0;0;0
"27/01/2023";"07:34:00";"69";"ac02 - Aci";"304,28";"BR-050/GO";"Norte";"Colisão Traseira";0;0;2;0;0;0;0;0;0;0;0;2;0;0;0
"27/01/2023";"11:42:00";"212";"ac03 - Aci";"102,4";"BR-050/MG";"Norte";"Choque - Arvore";0;0;0;0;1;0;0;0;0;0;1;0;0;0;0
"27/01/2023";"19:16:00";"360";"ac02 - Aci";"177";"BR-050/MG";"Norte";"Capotamento";0;0;0;0;0;0;0;0;0;1;0;0;1;0;0
"27/01/2023";"19:34:00";"363";"ac03 - Aci";"243,46";"BR-050/GO";"Sul";"Choque - Talude ou Barranco";1;0;0;0;0;0;0;0;0;0;2;0;0;0;0
"27/01/2023";"19:41:00";"368";"ac02 - Aci";"299,85";"BR-050/GO";"Norte";"Choque - New jersey";1;0;0;0;0;0;0;0;0;0;0;2;0;0;0
"27/01/2023";"20:51:00";"384";"ac03 - Aci";"134";"BR-050/MG";"Sul";"Choque - Elemento de Drenagem";0;0;0;0;0;0;0;0;0;1;5;0;0;0;0
"28/01/2023";"02:12:00";"18";"ac02 - Aci";"2,9";"CT-UDI-MG";"Norte";"Choque - Talude ou Barranco";1;0;0;0;0;0;0;0;0;0;0;1;0;0;0
"28/01/2023";"06:39:00";"43";"ac03 - Aci";"175,05";"BR-050/MG";"Sul";"Engavetamento";0;0;0;0;1;1;0;0;0;1;47;0;0;0;0
"28/01/2023";"11:24:00";"149";"ac03 - Aci";"3,7";"BR-050/MG";"Sul";"Choque - Elemento de Drenagem";0;0;0;0;0;0;0;0;0;1;1;0;0;0;0
"28/01/2023";"14:40:00";"219";"ac02 - Aci";"175,5";"BR-050/MG";"Norte";"Colisão Traseira";2;0;0;0;0;0;0;0;0;0;5;1;0;0;0
"28/01/2023";"17:21:00";"278";"ac03 - Aci";"180,2";"BR-050/GO";"Norte";"Choque - Defensa metálica";1;0;0;0;0;0;0;0;0;0;1;0;0;0;0
"28/01/2023";"21:31:00";"334";"ac03 - Aci";"201,7";"BR-050/MG";"Norte";"Choque - Talude ou Barranco";1;0;0;0;0;0;0;0;0;0;1;0;0;0;0
"28/01/2023";"21:41:00";"338";"ac03 - Aci";"196";"BR-050/MG";"Sul";"Choque - Defensa metálica";1;0;0;0;0;0;0;0;0;0;1;0;0;0;0
"29/01/2023";"09:29:00";"103";"ac03 - Aci";"132,8";"BR-050/MG";"Sul";"Colisão Traseira";0;0;0;0;0;1;0;0;0;1;2;0;0;0;0
"29/01/2023";"10:08:00";"120";"ac03 - Aci";"155";"BR-050/MG";"Sul";"Choque - Defensa metálica";1;0;0;0;0;0;0;0;0;0;1;0;0;0;0
"29/01/2023";"13:03:00";"168";"ac03 - Aci";"260,93";"BR-050/GO";"Norte";"Choque - Elemento de Drenagem";1;0;0;0;0;0;0;0;0;0;2;0;0;0;0
"29/01/2023";"15:08:00";"196";"ac02 - Aci";"173,05";"BR-050/MG";"Norte";"Queda de Moto";0;0;0;1;0;0;0;0;0;0;1;1;0;0;0
"29/01/2023";"16:56:00";"229";"ac02 - Aci";"165";"BR-050/MG";"Norte";"Colisão Traseira";1;0;0;0;0;0;0;0;0;1;4;1;0;0;0
"29/01/2023";"20:46:00";"292";"ac02 - Aci";"119";"BR-050/GO";"Sul";"Choque - Elemento de Drenagem";1;0;0;0;0;0;0;0;0;0;2;1;0;0;0
"29/01/2023";"21:51:00";"302";"ac02 - Aci";"168";"BR-050/MG";"Sul";"Choque - New jersey";0;0;0;0;0;0;0;0;0;1;1;3;0;0;0
"30/01/2023";"06:14:00";"36";"ac02 - Aci";"6,65";"BR-050/MG";"Norte";"Colisão Traseira";0;0;1;0;0;0;0;0;0;1;1;1;0;0;0
"30/01/2023";"13:34:00";"223";"ac03 - Aci";"165,4";"BR-050/MG";"Norte";"Colisão Traseira";0;0;2;0;0;0;0;0;0;0;2;0;0;0;0
"30/01/2023";"15:32:00";"269";"ac02 - Aci";"158,44";"BR-050/GO";"Norte";"Capotamento";1;0;0;0;0;0;0;0;0;0;0;1;1;0;0
"30/01/2023";"20:32:00";"363";"ac02 - Aci";"168,015";"BR-050/MG";"Sul";"Choque - New jersey";0;0;0;1;0;0;0;0;0;0;0;1;1;0;0
"31/01/2023";"05:44:00";"29";"ac03 - Aci";"129";"BR-050/MG";"Norte";"Tombamento";0;0;1;0;0;0;0;0;0;0;1;0;0;0;0
"31/01/2023";"05:53:00";"33";"ac02 - Aci";"170";"BR-050/MG";"Norte";"Choque - New jersey";0;0;0;1;0;0;0;0;0;0;0;0;1;0;0
"31/01/2023";"14:19:00";"253";"ac02 - Aci";"206,57";"BR-050/MG";"Norte";"Choque - Meio fio";0;0;1;0;0;0;0;0;0;0;0;2;0;0;0
"31/01/2023";"15:09:00";"273";"ac03 - Aci";"170,1";"BR-050/MG";"Norte";"Choque - Defensa metálica";1;0;0;0;0;0;0;0;0;0;1;0;0;0;0
"31/01/2023";"17:09:00";"325";"ac02 - Aci";"194,9";"BR-050/MG";"Sul";"Choque - New jersey";0;0;1;0;0;0;0;0;0;0;0;1;0;0;0
"31/01/2023";"21:15:00";"394";"ac02 - Aci";"80,71";"BR-050/MG";"Sul";"Queda de Moto";0;0;0;1;0;0;0;0;0;0;0;1;0;0;0
"01/02/2023";"22:27:00";"357";"ac03 - Aci";"97";"BR-050/GO";"Sul";"Atropelamento de Animal";0;0;1;0;0;0;0;0;0;0;1;0;0;0;0
"02/02/2023";"20:01:00";"312";"ac03 - Aci";"15,2";"CT-UDI-MG";"Norte";"Colisão Traseira";0;0;0;1;0;0;0;0;0;1;2;0;0;0;0
"03/02/2023";"16:13:00";"282";"ac03 - Aci";"21,53";"CT-UDI-MG";"Sul";"Colisão lateral no mesmo sentido";2;0;0;0;0;0;0;0;0;0;1;0;0;0;0
"03/02/2023";"16:14:00";"283";"ac03 - Aci";"167";"BR-050/MG";"Sul";"Colisão Traseira";1;0;0;0;0;0;0;0;0;1;3;0;0;0;0
"04/02/2023";"01:04:00";"14";"ac02 - Aci";"194,5";"BR-050/MG";"Sul";"Choque - New jersey";0;0;1;0;0;0;0;0;0;0;0;1;0;0;0
"04/02/2023";"04:19:00";"29";"ac03 - Aci";"173,27";"BR-050/MG";"Norte";"Choque - Elemento de Drenagem";0;0;0;0;0;0;0;0;0;1;1;0;0;0;0
"04/02/2023";"21:00:00";"322";"ac03 - Aci";"42";"BR-050/MG";"Sul";"Colisão Traseira";2;0;0;0;0;0;0;0;0;0;3;0;0;0;0
"04/02/2023";"22:49:00";"347";"ac02 - Aci";"96,2";"BR-050/GO";"Norte";"Colisão Traseira";1;0;1;0;0;0;0;0;0;0;0;2;0;0;0
"05/02/2023";"05:34:00";"31";"ac02 - Aci";"185";"BR-050/GO";"Norte";"Queda de Ciclista";0;1;0;0;0;0;0;0;0;0;0;1;0;0;0
"05/02/2023";"13:41:00";"154";"ac03 - Aci";"270";"BR-050/GO";"Norte";"Queda de Moto";0;0;0;1;0;0;0;0;0;0;1;0;0;0;0
"06/02/2023";"05:41:00";"29";"ac03 - Aci";"153,8";"BR-050/MG";"Sul";"Capotamento";1;0;0;0;0;0;0;0;0;0;2;0;0;0;0
"06/02/2023";"05:42:00";"30";"ac03 - Aci";"56,8";"BR-050/MG";"Sul";"Choque - Objeto sobre a pista";1;0;1;0;0;0;0;0;0;0;1;0;0;0;0
"06/02/2023";"08:45:00";"97";"ac03 - Aci";"55,5";"BR-050/MG";"Sul";"Colisão Traseira";1;0;0;0;0;0;0;0;0;1;2;0;0;0;0
"06/02/2023";"12:20:00";"192";"ac02 - Aci";"200,1";"BR-050/MG";"Norte";"Capotamento";1;0;0;0;0;0;0;0;0;0;0;2;0;0;0
"06/02/2023";"12:49:00";"202";"ac02 - Aci";"304,6";"BR-050/GO";"Sul";"Tombamento";0;0;1;0;0;0;0;0;0;0;0;1;0;0;0
"06/02/2023";"14:37:00";"222";"ac02 - Aci";"39,85";"BR-050/MG";"Sul";"Choque - Defensa metálica";1;0;0;0;0;0;0;0;0;0;0;1;0;0;0
"06/02/2023";"17:48:00";"281";"ac02 - Aci";"179,5";"BR-050/MG";"Sul";"Queda de Moto";0;0;0;1;0;0;0;0;0;0;1;1;0;0;0
"07/02/2023";"17:25:00";"251";"ac03 - Aci";"168";"BR-050/MG";"Sul";"Engavetamento";1;0;0;0;0;1;0;0;0;2;8;0;0;0;0
"08/02/2023";"12:54:00";"177";"ac03 - Aci";"206,9";"BR-050/MG";"Sul";"Choque - New jersey";0;0;1;0;0;0;0;0;0;0;2;0;0;0;0
"08/02/2023";"15:30:00";"221";"ac02 - Aci";"88,8";"BR-050/MG";"Norte";"Choque - Defensa metálica";1;0;0;0;0;0;0;0;0;0;0;1;0;0;0
"08/02/2023";"17:02:00";"257";"ac03 - Aci";"18,2";"CT-UDI-MG";"Norte";"Capotamento";1;0;0;0;0;0;0;0;0;0;1;0;0;0;0
"08/02/2023";"20:40:00";"313";"ac03 - Aci";"81,4";"BR-050/MG";"Sul";"Choque - Talude ou Barranco";1;0;0;0;0;0;0;0;0;0;2;0;0;0;0
"09/02/2023";"00:37:00";"4";"ac02 - Aci";"144";"BR-050/GO";"Norte";"Choque - Elemento de Drenagem";1;0;0;0;0;0;0;0;0;0;1;1;0;0;0
"09/02/2023";"10:48:00";"137";"ac02 - Aci";"60,65";"BR-050/MG";"Sul";"Choque - Elemento de Drenagem";1;0;0;0;0;0;0;0;0;0;0;1;0;0;0
"09/02/2023";"11:33:00";"149";"ac02 - Aci";"78,6";"BR-050/MG";"Sul";"Choque - Defensa metálica";0;0;0;0;0;0;1;0;0;0;0;1;0;0;0
"09/02/2023";"11:44:00";"152";"ac03 - Aci";"8,8";"BR-050/MG";"Norte";"Choque - Meio fio";0;0;1;0;0;0;0;0;0;0;1;0;0;0;0
"09/02/2023";"13:09:00";"178";"ac02 - Aci";"196,9";"BR-050/GO";"Sul";"Choque - Arvore";0;0;0;0;0;0;0;0;0;1;0;1;0;0;0
"10/02/2023";"10:18:00";"123";"ac03 - Aci";"5,6";"BR-050/MG";"Norte";"Choque - Elemento de Drenagem";0;0;1;0;0;0;0;0;0;0;1;0;0;0;0
"10/02/2023";"14:09:00";"192";"ac03 - Aci";"173,2";"BR-050/MG";"Norte";"Choque - Elemento de Drenagem";0;0;1;0;0;0;0;0;0;0;1;0;0;0;0
"10/02/2023";"15:39:00";"226";"ac03 - Aci";"62";"BR-050/MG";"Sul";"Choque - Elemento de Drenagem";1;0;0;0;0;0;0;0;0;0;3;0;0;0;0
"10/02/2023";"17:53:00";"271";"ac03 - Aci";"77,3";"BR-050/MG";"Sul";"Choque - Sinalização";1;0;0;0;0;0;0;0;0;0;1;0;0;0;0
"10/02/2023";"23:45:00";"370";"ac02 - Aci";"101,3";"BR-050/GO";"Sul";"Queda de Moto";1;0;0;1;0;0;0;0;0;0;1;2;0;0;0
"11/02/2023";"06:30:00";"45";"ac03 - Aci";"29";"BR-050/MG";"Norte";"Choque - Defensa metálica";1;0;0;0;0;0;0;0;0;0;4;0;0;0;0
"11/02/2023";"08:28:00";"74";"ac03 - Aci";"51,45";"BR-050/MG";"Sul";"Colisão Traseira";1;0;1;0;0;0;0;0;0;0;2;0;0;0;0
"11/02/2023";"09:45:00";"111";"ac03 - Aci";"172";"BR-050/MG";"Sul";"Colisão lateral no mesmo sentido";1;0;1;0;0;0;0;0;0;0;2;0;0;0;0
"11/02/2023";"12:47:00";"199";"ac02 - Aci";"45";"BR-050/MG";"Sul";"Capotamento";1;0;0;0;0;0;0;0;0;0;0;1;1;0;0
"12/02/2023";"09:32:00";"102";"ac03 - Aci";"29";"BR-050/MG";"Sul";"Choque - Defensa metálica";0;0;1;0;0;0;0;0;0;0;1;0;0;0;0
"12/02/2023";"13:55:00";"170";"ac03 - Aci";"229,36";"BR-050/GO";"Sul";"Choque - Defensa metálica";0;0;0;0;0;0;0;0;0;1;1;0;0;0;0
"12/02/2023";"17:38:00";"230";"ac03 - Aci";"305,25";"BR-050/GO";"Sul";"Choque - Objeto sobre a pista";0;0;0;0;0;0;0;0;0;1;2;0;0;0;0
"13/02/2023";"02:14:00";"10";"ac04 - Aci";"187";"BR-050/GO";"Norte";"Choque - Sinalização";0;0;0;0;0;0;0;0;0;1;1;0;0;0;0
"13/02/2023";"12:03:00";"165";"ac03 - Aci";"203,7";"BR-050/GO";"Norte";"Choque - Elemento de Drenagem";0;0;0;0;0;0;0;0;0;1;2;0;0;0;0
"14/02/2023";"00:26:00";"4";"ac02 - Aci";"168";"BR-050/MG";"Sul";"Choque - New jersey";0;0;1;0;0;0;0;0;0;0;0;1;0;0;0
"14/02/2023";"06:16:00";"28";"ac03 - Aci";"277";"BR-050/GO";"Sul";"Colisão Frontal";0;0;1;0;0;0;0;0;0;1;2;0;0;0;0
"14/02/2023";"09:24:00";"107";"ac02 - Aci";"272,76";"BR-050/GO";"Sul";"Capotamento";0;0;0;0;0;0;0;0;0;1;3;2;0;0;0
"14/02/2023";"10:07:00";"126";"ac03 - Aci";"148,2";"BR-050/GO";"Norte";"Colisão Traseira";1;0;1;0;0;0;0;0;0;0;2;0;0;0;0
"14/02/2023";"11:53:00";"172";"ac03 - Aci";"198,65";"BR-050/MG";"Sul";"Choque - Defensa metálica";0;0;1;0;0;0;0;0;0;0;1;0;0;0;0
"14/02/2023";"14:28:00";"224";"ac03 - Aci";"183,2";"BR-050/GO";"Norte";"Capotamento";1;0;0;0;0;0;0;0;0;0;1;0;0;0;0
"15/02/2023";"06:59:00";"53";"ac03 - Aci";"177,6";"BR-050/MG";"Norte";"Engavetamento";3;0;0;1;0;1;0;0;0;0;6;0;0;0;0
"15/02/2023";"07:57:00";"69";"ac02 - Aci";"177,1";"BR-050/MG";"Norte";"Colisão Traseira";0;0;0;1;0;0;0;0;0;1;1;1;0;0;0
"15/02/2023";"13:40:00";"218";"ac03 - Aci";"146";"BR-050/MG";"Sul";"Choque - Elemento de Drenagem";1;0;0;0;0;0;0;0;0;0;2;0;0;0;0
"15/02/2023";"20:37:00";"381";"ac03 - Aci";"137,8";"BR-050/GO";"Norte";"Atropelamento de Animal";1;0;0;0;0;0;0;0;0;0;2;0;0;0;0
"16/02/2023";"08:15:00";"66";"ac03 - Aci";"156,2";"BR-050/MG";"Sul";"Choque - Outros";0;0;1;0;0;0;0;0;0;0;0;0;0;0;0
"16/02/2023";"13:50:00";"206";"ac03 - Aci";"185";"BR-050/GO";"Sul";"Capotamento";1;0;0;0;0;0;0;0;0;0;1;0;0;0;0
"17/02/2023";"02:46:00";"22";"ac03 - Aci";"305";"BR-050/GO";"Sul";"Choque - New jersey";1;0;0;0;0;0;0;0;0;0;3;0;0;0;0
"17/02/2023";"06:26:00";"38";"ac02 - Aci";"175";"BR-050/MG";"Sul";"Colisão Traseira";0;1;1;0;0;0;0;0;0;0;1;1;0;0;0
"17/02/2023";"07:35:00";"55";"ac03 - Aci";"22,7";"BR-050/MG";"Norte";"Choque - Defensa metálica";0;0;1;0;0;0;0;0;0;0;2;0;0;0;0
"17/02/2023";"08:29:00";"77";"ac03 - Aci";"134";"BR-050/MG";"Norte";"Choque - Sinalização";1;0;0;0;0;0;0;0;0;0;4;0;0;0;0
"17/02/2023";"09:57:00";"104";"ac02 - Aci";"119";"BR-050/MG";"Sul";"Queda de Moto";0;0;0;1;0;0;0;0;0;0;0;1;0;0;0
"17/02/2023";"11:00:00";"131";"ac03 - Aci";"274";"BR-050/GO";"Sul";"Colisão lateral no mesmo sentido";0;0;0;0;0;0;0;0;0;2;3;0;0;0;0
"17/02/2023";"11:19:00";"140";"ac03 - Aci";"156";"BR-050/MG";"Norte";"Engavetamento";2;0;0;0;0;0;0;0;0;0;4;0;0;0;0
"17/02/2023";"15:45:00";"222";"ac02 - Aci";"153,1";"BR-050/MG";"Sul";"Choque - Sinalização";0;0;0;1;0;0;0;0;0;0;1;0;1;0;0
"18/02/2023";"01:09:00";"12";"ac02 - Aci";"154";"BR-050/MG";"Norte";"Capotamento";1;0;0;0;0;0;0;0;0;0;0;1;0;0;0
"18/02/2023";"05:03:00";"26";"ac02 - Aci";"177";"BR-050/MG";"Sul";"Colisão Traseira";1;0;1;0;0;0;0;0;0;0;1;0;1;0;0
"18/02/2023";"07:30:00";"61";"ac02 - Aci";"111,1";"BR-050/MG";"Norte";"Capotamento";0;0;0;0;0;0;0;0;0;1;0;1;0;0;0
"18/02/2023";"10:45:00";"129";"ac02 - Aci";"145,445";"BR-050/GO";"Sul";"Capotamento";1;0;0;0;0;0;0;0;0;0;3;1;0;0;0
"18/02/2023";"15:29:00";"230";"ac02 - Aci";"169,25";"BR-050/MG";"Norte";"Colisão lateral no mesmo sentido";0;0;0;1;0;0;0;0;0;1;5;1;0;0;0
"18/02/2023";"20:17:00";"326";"ac03 - Aci";"119";"BR-050/GO";"Sul";"Choque - Elemento de Drenagem";1;0;0;0;0;0;0;0;0;0;1;0;0;0;0
"18/02/2023";"20:21:00";"327";"ac02 - Aci";"155,1";"BR-050/MG";"Norte";"Choque - Sinalização";1;0;0;0;0;0;0;0;0;0;1;1;0;0;0
"19/02/2023";"02:28:00";"8";"ac03 - Aci";"165";"BR-050/MG";"Norte";"Choque - Elemento de Drenagem";1;0;0;0;0;0;0;0;0;0;3;0;0;0;0
"19/02/2023";"05:18:00";"25";"ac03 - Aci";"52";"BR-050/MG";"Norte";"Choque - New jersey";1;0;0;0;0;0;0;0;0;0;2;0;0;0;0
"19/02/2023";"10:13:00";"94";"ac02 - Aci";"189";"BR-050/MG";"Sul";"Choque - Talude ou Barranco";1;0;0;0;0;0;0;0;0;0;0;1;0;0;0
"19/02/2023";"15:53:00";"188";"ac03 - Aci";"116,1";"BR-050/MG";"Norte";"Colisão Traseira";0;0;1;0;0;1;0;0;0;0;1;0;0;0;0
"19/02/2023";"21:08:00";"271";"ac03 - Aci";"175,1";"BR-050/MG";"Norte";"Choque - New jersey";1;0;0;0;0;0;0;0;0;0;1;0;0;0;0
"21/02/2023";"06:49:00";"40";"ac03 - Aci";"41";"BR-050/MG";"Sul";"Colisão Traseira";2;0;0;0;0;0;0;0;0;0;3;0;0;0;0
"21/02/2023";"12:07:00";"145";"ac03 - Aci";"196,4";"BR-050/MG";"Sul";"Choque - Talude ou Barranco";1;0;0;0;0;0;0;0;0;0;1;0;0;0;0
"21/02/2023";"12:14:00";"148";"ac04 - Aci";"104,8";"BR-050/MG";"Sul";"Choque - Outros";0;0;0;0;0;0;0;0;0;0;0;1;0;0;0
"21/02/2023";"13:39:00";"183";"ac02 - Aci";"17,84";"BR-050/MG";"Norte";"Choque - Objeto sobre a pista";1;0;0;0;0;0;0;0;0;0;1;2;0;0;0
"21/02/2023";"14:24:00";"197";"ac03 - Aci";"124";"BR-050/MG";"Norte";"Choque - Elemento de Drenagem";1;0;0;0;0;0;0;0;0;0;2;0;0;0;0
"21/02/2023";"16:41:00";"262";"ac02 - Aci";"106";"BR-050/GO";"Sul";"Colisão Traseira";0;0;1;0;0;0;0;0;0;1;4;1;0;0;0