data;horario;n_da_ocorrencia;tipo_de_ocorrencia;km;trecho;sentido;tipo_de_acidente;automovel;bicicleta;caminhao;moto;onibus;outros;tracao_animal;transporte_de_cargas_especiais;trator_maquinas;utilitarios;ilesos;levemente_feridos;moderadamente_feridos;gravemente_feridos;mortos
"28/03/2023";"18:31:00";"260";"ac03 - Aci";"280";"BR-050/GO";"Norte";"Colisão Transversal";0;0;0;0;0;1;0;0;0;1;1;0;0;0;0
"28/03/2023";"19:30:00";"281";"ac03 - Aci";"97,5";"BR-050/GO";"Sul";"Colisão Transversal";0;0;1;0;0;0;0;0;0;1;0;0;0;0;0
"28/03/2023";"20:45:00";"294";"ac02 - Aci";"118";"BR-050/MG";"Norte";"Colisão Traseira";0;0;2;0;0;0;0;0;0;0;0;1;0;1;0
"29/03/2023";"07:39:00";"85";"ac03 - Aci";"122,1";"BR-050/GO";"Norte";"Choque - Sinalização";0;0;1;0;0;0;0;0;0;0;1;0;0;0;0
"29/03/2023";"09:46:00";"155";"ac04 - Aci";"140,4";"BR-050/GO";"Sul";"Choque - Meio fio";0;0;0;0;0;0;0;0;0;1;1;0;0;0;0
"29/03/2023";"11:07:00";"189";"ac02 - Aci";"21,1";"CT-UDI-MG";"Sul";"Engavetamento";3;0;0;0;0;0;0;0;0;0;2;2;0;0;0
"29/03/2023";"14:08:00";"271";"ac03 - Aci";"149,45";"BR-050/MG";"Sul";"Colisão Traseira";0;0;2;0;0;0;0;0;0;0;3;0;0;0;0
"29/03/2023";"15:51:00";"304";"ac04 - Aci";"104,9";"BR-050/MG";"Norte";"Choque - Outros";0;0;0;0;0;0;0;0;0;0;0;1;0;0;0
"29/03/2023";"19:01:00";"364";"ac03 - Aci";"283";"BR-050/GO";"Norte";"Colisão lateral no sentido contrário";0;0;1;0;0;0;0;0;0;1;2;0;0;0;0
"29/03/2023";"20:12:00";"380";"ac03 - Aci";"0,2";"BR-050/MG";"Sul";"Choque - Meio fio";1;0;0;0;0;0;0;0;0;0;1;0;0;0;0
"29/03/2023";"21:48:00";"410";"ac02 - Aci";"14,64";"BR-050/MG";"Sul";"Colisão Traseira";0;0;1;0;0;0;0;0;0;1;1;1;0;0;0
"30/03/2023";"02:08:00";"17";"ac02 - Aci";"88,4";"BR-050/MG";"Norte";"Choque - Elemento de Drenagem";0;0;0;0;0;0;0;0;0;1;2;1;0;0;0
"30/03/2023";"16:38:00";"302";"ac03 - Aci";"50";"BR-050/MG";"Sul";"Choque - Sinalização";1;0;0;0;0;0;0;0;0;0;1;0;0;0;0
"30/03/2023";"16:57:00";"315";"ac02 - Aci";"103,28";"BR-050/MG";"Norte";"Queda de Moto";0;0;0;1;0;0;0;0;0;0;0;1;0;0;0
"30/03/2023";"19:08:00";"367";"ac02 - Aci";"39";"BR-050/MG";"Sul";"Queda de Moto";0;0;0;1;0;0;0;0;0;0;0;0;1;0;0
"30/03/2023";"21:48:00";"404";"ac02 - Aci";"106,4";"BR-050/MG";"Norte";"Queda de Moto";0;0;0;1;0;0;0;0;0;0;0;2;0;0;0
"30/03/2023";"23:30:00";"424";"ac03 - Aci";"275,4";"BR-050/GO";"Norte";"Choque - Sinalização";0;0;0;0;0;0;0;0;0;1;1;0;0;0;0
"31/03/2023";"04:17:00";"24";"ac03 - Aci";"174";"BR-050/MG";"Norte";"Choque - Defensa metálica";1;0;0;0;0;0;0;0;0;0;1;0;0;0;0
"31/03/2023";"15:05:00";"261";"ac02 - Aci";"153";"BR-050/MG";"Sul";"Queda de Moto";0;0;0;1;0;0;0;0;0;0;0;0;1;0;0
"31/03/2023";"15:10:00";"264";"ac02 - Aci";"133,5";"BR-050/GO";"Norte";"Capotamento";0;0;0;0;0;0;0;0;0;1;1;0;1;0;0
"31/03/2023";"19:51:00";"367";"ac02 - Aci";"105,45";"BR-050/GO";"Sul";"Capotamento";1;0;0;0;0;0;0;0;0;0;0;0;1;0;0
"31/03/2023";"21:34:00";"399";"ac03 - Aci";"155,9";"BR-050/MG";"Norte";"Choque - Elemento de Drenagem";0;0;0;0;0;0;0;0;0;1;3;0;0;0;0
"01/04/2023";"16:29:00";"270";"ac02 - Aci";"155,04";"BR-050/GO";"Sul";"Tombamento";0;0;1;0;0;0;0;0;0;0;0;0;1;0;0
"01/04/2023";"18:11:00";"304";"ac03 - Aci";"148";"BR-050/MG";"Norte";"Colisão Traseira";0;0;0;0;0;0;0;0;0;2;5;0;0;0;0
"01/04/2023";"19:15:00";"320";"ac03 - Aci";"272,3";"BR-050/GO";"Norte";"Choque - Outros";1;0;0;0;0;0;0;0;0;0;2;0;0;0;0
"01/04/2023";"23:46:00";"386";"ac03 - Aci";"204";"BR-050/MG";"Norte";"Choque - New jersey";1;0;0;0;0;0;0;0;0;0;1;0;0;0;0
"02/04/2023";"02:31:00";"21";"ac03 - Aci";"172";"BR-050/MG";"Norte";"Choque - Meio fio";1;0;0;0;0;0;0;0;0;0;1;0;0;0;0
"02/04/2023";"08:55:00";"103";"ac02 - Aci";"181,5";"BR-050/MG";"Sul";"Colisão Traseira";0;0;0;3;0;0;0;0;0;0;2;1;1;0;0
"02/04/2023";"13:08:00";"182";"ac03 - Aci";"24,1";"BR-050/MG";"Sul";"Capotamento";0;0;0;0;0;0;0;0;0;1;1;0;0;0;0
"02/04/2023";"15:36:00";"232";"ac02 - Aci";"150,5";"BR-050/MG";"Sul";"Choque - Elemento de Drenagem";1;0;0;0;0;0;0;0;0;0;0;1;0;0;0
"02/04/2023";"21:14:00";"351";"ac02 - Aci";"98,95";"BR-050/GO";"Norte";"Colisão Frontal";1;0;1;0;0;0;0;0;0;0;1;0;0;1;0
"03/04/2023";"00:10:00";"2";"ac03 - Aci";"115";"BR-050/MG";"Norte";"Capotamento";1;0;0;0;0;0;0;0;0;0;1;0;0;0;0
"03/04/2023";"07:43:00";"83";"ac02 - Aci";"110,85";"BR-050/GO";"Norte";"Choque - Elemento de Drenagem";0;0;0;0;0;0;0;0;0;1;1;1;0;0;0
"03/04/2023";"09:35:00";"121";"ac02 - Aci";"147,3";"BR-050/MG";"Sul";"Capotamento";0;0;1;0;0;0;0;0;0;0;0;2;0;0;0
"03/04/2023";"16:46:00";"243";"ac03 - Aci";"201,45";"BR-050/MG";"Sul";"Atropelamento de Animal";1;0;0;0;0;0;0;0;0;0;1;0;0;0;0
"03/04/2023";"17:13:00";"256";"ac03 - Aci";"171";"BR-050/MG";"Norte";"Choque - Defensa metálica";0;0;1;0;0;0;0;0;0;0;2;0;0;0;0
"03/04/2023";"21:34:00";"314";"ac03 - Aci";"278,4";"BR-050/GO";"Sul";"Colisão Transversal";2;0;0;0;0;0;0;0;0;0;4;0;0;0;0
"03/04/2023";"23:07:00";"332";"ac02 - Aci";"54";"BR-050/MG";"Sul";"Capotamento";0;0;1;0;0;0;0;0;0;0;0;1;0;0;0
"03/04/2023";"23:46:00";"338";"ac03 - Aci";"202,6";"BR-050/GO";"Norte";"Colisão Traseira";0;0;1;0;1;0;0;0;0;0;2;0;0;0;0
"04/04/2023";"16:32:00";"256";"ac02 - Aci";"105,25";"BR-050/GO";"Norte";"Choque - Arvore";1;0;0;0;0;0;0;0;0;0;0;1;1;0;0
"04/04/2023";"18:19:00";"285";"ac02 - Aci";"27,1";"BR-050/MG";"Sul";"Queda de Ciclista";0;1;0;0;0;0;0;0;0;0;0;1;0;0;0
"05/04/2023";"00:15:00";"1";"ac03 - Aci";"261,5";"BR-050/GO";"Sul";"Atropelamento de Animal";0;0;0;0;0;0;0;0;0;1;1;0;0;0;0
"05/04/2023";"00:26:00";"2";"ac03 - Aci";"262,43";"BR-050/GO";"Norte";"Atropelamento de Animal";0;0;1;0;0;0;0;0;0;0;1;0;0;0;0
"05/04/2023";"13:37:00";"220";"ac03 - Aci";"146,8";"BR-050/MG";"Sul";"Choque - Elemento de Drenagem";0;0;0;0;0;0;0;0;0;1;2;0;0;0;0
"05/04/2023";"13:41:00";"224";"ac03 - Aci";"146,8";"BR-050/MG";"Sul";"Colisão lateral no sentido contrário";1;0;0;0;0;0;0;0;0;1;2;0;0;0;0
"05/04/2023";"23:03:00";"377";"ac02 - Aci";"189,2";"BR-050/MG";"Sul";"Colisão lateral no mesmo sentido";1;0;1;0;0;0;0;0;0;0;3;2;0;0;0
"06/04/2023";"01:00:00";"10";"ac03 - Aci";"105,6";"BR-050/GO";"Norte";"Tombamento";0;0;1;0;0;0;0;0;0;0;1;0;0;0;0
"06/04/2023";"07:20:00";"67";"ac01 - Aci";"165,2";"BR-050/GO";"Norte";"Capotamento";0;0;1;0;0;0;0;0;0;0;0;0;0;0;1
"06/04/2023";"08:46:00";"101";"ac03 - Aci";"192,06";"BR-050/GO";"Sul";"Colisão Traseira";2;0;0;0;0;0;0;0;0;0;4;0;0;0;0
"06/04/2023";"11:25:00";"175";"ac02 - Aci";"177";"BR-050/MG";"Sul";"Queda de Moto";0;0;0;1;0;0;0;0;0;0;0;1;0;0;0
"06/04/2023";"13:43:00";"228";"ac03 - Aci";"85,9";"BR-050/MG";"Norte";"Choque - Veiculo parado no acostamento";0;0;0;0;1;1;0;0;0;0;11;0;0;0;0
"06/04/2023";"15:43:00";"292";"ac02 - Aci";"286,4";"BR-050/GO";"Sul";"Colisão Traseira";1;0;0;1;0;0;0;0;0;0;2;1;0;0;0
"06/04/2023";"15:58:00";"295";"ac02 - Aci";"41";"BR-050/MG";"Sul";"Colisão Traseira";0;0;0;1;0;0;0;0;0;1;1;0;1;0;0
"06/04/2023";"16:59:00";"314";"ac03 - Aci";"133,6";"BR-050/MG";"Norte";"Colisão Traseira";1;0;0;0;0;0;0;0;0;1;2;0;0;0;0
"06/04/2023";"18:28:00";"343";"ac03 - Aci";"278,62";"BR-050/GO";"Sul";"Colisão Transversal";1;0;1;0;0;0;0;0;0;0;4;0;0;0;0
"06/04/2023";"19:09:00";"359";"ac03 - Aci";"81,3";"BR-050/MG";"Sul";"Atropelamento de Animal";0;0;1;0;0;0;0;0;0;0;1;0;0;0;0
"06/04/2023";"23:28:00";"425";"ac03 - Aci";"302";"BR-050/GO";"Norte";"Choque - New jersey";0;0;1;0;0;0;0;0;0;0;1;0;0;0;0
"07/04/2023";"00:48:00";"3";"ac03 - Aci";"61,4";"BR-050/MG";"Sul";"Choque - Elemento de Drenagem";1;0;0;0;0;0;0;0;0;0;4;0;0;0;0
"07/04/2023";"06:04:00";"41";"ac02 - Aci";"280,6";"BR-050/GO";"Norte";"Tombamento";0;0;1;0;0;0;0;0;0;0;1;1;0;0;0
"07/04/2023";"09:36:00";"125";"ac03 - Aci";"228";"BR-050/GO";"Sul";"Choque - Defensa metálica";1;0;0;0;0;0;0;0;0;0;1;0;0;0;0
"07/04/2023";"17:00:00";"264";"ac03 - Aci";"177,4";"BR-050/MG";"Norte";"Choque - Elemento de Drenagem";1;0;0;0;0;0;0;0;0;0;3;0;0;0;0
"07/04/2023";"17:08:00";"267";"ac03 - Aci";"177,555";"BR-050/MG";"Norte";"Colisão lateral no mesmo sentido";1;0;1;0;0;0;0;0;0;0;2;0;0;0;0
"07/04/2023";"18:57:00";"290";"ac03 - Aci";"156";"BR-050/MG";"Norte";"Choque - Elemento de Drenagem";1;0;0;0;0;0;0;0;0;0;2;0;0;0;0
"07/04/2023";"20:34:00";"308";"ac03 - Aci";"146,8";"BR-050/MG";"Sul";"Choque - Elemento de Drenagem";1;0;0;0;0;0;0;0;0;0;0;0;0;0;0
"07/04/2023";"21:33:00";"320";"ac03 - Aci";"18";"CT-UDI-MG";"Norte";"Choque - Meio fio";1;0;0;0;0;0;0;0;0;0;1;0;0;0;0
"08/04/2023";"02:12:00";"7";"ac03 - Aci";"15";"CT-UDI-MG";"Norte";"Choque - Defensa metálica";1;0;0;0;0;0;0;0;0;0;2;0;0;0;0
"08/04/2023";"13:24:00";"133";"ac02 - Aci";"171,85";"BR-050/MG";"Sul";"Tombamento";0;0;1;0;0;0;0;0;0;0;0;1;0;0;0
"08/04/2023";"15:34:00";"150";"ac02 - Aci";"123";"BR-050/GO";"Sul";"Choque - Outros";1;0;0;0;0;0;0;0;0;0;0;1;0;0;0
"08/04/2023";"17:11:00";"176";"ac03 - Aci";"257,6";"BR-050/GO";"Norte";"Choque - Elemento de Drenagem";0;0;0;0;0;0;0;0;0;1;2;0;0;0;0
"08/04/2023";"17:13:00";"178";"ac03 - Aci";"259,3";"BR-050/GO";"Norte";"Choque - Meio fio";1;0;0;0;0;0;0;0;0;0;2;0;0;0;0
"08/04/2023";"20:52:00";"226";"ac03 - Aci";"17";"BR-050/MG";"Norte";"Choque - Elemento de Drenagem";1;0;0;0;0;0;0;0;0;0;2;0;0;0;0
"09/04/2023";"02:22:00";"12";"ac03 - Aci";"97,1";"BR-050/GO";"Sul";"Atropelamento de Animal";1;0;0;0;0;0;0;0;0;0;0;0;0;0;0
"09/04/2023";"05:25:00";"22";"ac03 - Aci";"55,6";"BR-050/MG";"Norte";"Choque - Elemento de Drenagem";1;0;0;0;0;1;0;0;0;0;4;0;0;0;0
"09/04/2023";"13:43:00";"136";"ac02 - Aci";"187";"BR-050/GO";"Norte";"Capotamento";1;0;0;0;0;0;0;0;0;0;2;1;1;0;0
"09/04/2023";"14:47:00";"163";"ac03 - Aci";"199,8";"BR-050/MG";"Sul";"Atropelamento de Animal";1;0;0;0;0;0;0;0;0;0;3;0;0;0;0
"09/04/2023";"15:43:00";"190";"ac03 - Aci";"17";"BR-050/MG";"Norte";"Choque - Talude ou Barranco";1;0;0;0;0;0;0;0;0;0;1;0;0;0;0
"09/04/2023";"16:01:00";"197";"ac03 - Aci";"17";"BR-050/MG";"Norte";"Choque - Elemento de Drenagem";1;0;0;0;0;0;0;0;0;0;4;0;0;0;0
"09/04/2023";"16:15:00";"207";"ac02 - Aci";"24,5";"BR-050/MG";"Norte";"Choque - Elemento de Drenagem";1;0;0;0;0;0;0;0;0;0;0;0;1;0;0
"09/04/2023";"16:39:00";"219";"ac03 - Aci";"91";"BR-050/MG";"Sul";"Choque - Meio fio";1;0;0;0;0;0;0;0;0;0;1;0;0;0;0
"09/04/2023";"16:52:00";"226";"ac03 - Aci";"196";"BR-050/MG";"Norte";"Colisão Traseira";1;0;0;0;0;1;0;0;0;0;2;0;0;0;0
"09/04/2023";"17:34:00";"241";"ac02 - Aci";"18,25";"CT-UDI-MG";"Sul";"Colisão Traseira";1;1;0;0;0;0;0;0;0;0;1;0;1;0;0
"09/04/2023";"18:27:00";"256";"ac03 - Aci";"180";"BR-050/MG";"Sul";"Colisão Traseira";2;0;0;0;0;0;0;0;0;0;6;0;0;0;0
"09/04/2023";"18:44:00";"265";"ac02 - Aci";"268,5";"BR-050/GO";"Sul";"Colisão lateral no mesmo sentido";1;0;1;0;0;0;0;0;0;0;1;0;1;0;0
"09/04/2023";"18:45:00";"286";"ac03 - Aci";"268,3";"BR-050/GO";"Sul";"Colisão Traseira";0;0;1;0;0;0;0;0;0;1;2;0;0;0;0
"09/04/2023";"21:01:00";"314";"ac03 - Aci";"119,2";"BR-050/MG";"Sul";"Colisão Transversal";1;0;0;0;0;1;0;0;0;0;5;0;0;0;0
"09/04/2023";"23:06:00";"336";"ac04 - Aci";"51";"BR-050/MG";"Sul";"Choque - Cancela de Pedagio";0;0;0;0;0;0;0;0;0;1;0;0;0;0;0
"10/04/2023";"05:55:00";"30";"ac01 - Aci";"37,8";"BR-050/MG";"Norte";"Choque - Veiculo parado na pista";0;0;1;1;0;0;0;0;0;0;1;0;0;0;1
"10/04/2023";"07:51:00";"73";"ac03 - Aci";"41,76";"BR-050/MG";"Norte";"Capotamento";1;0;0;0;0;0;0;0;0;0;1;0;0;0;0
"10/04/2023";"08:32:00";"93";"ac02 - Aci";"121,7";"BR-050/MG";"Norte";"Choque - Talude ou Barranco";1;0;0;0;0;0;0;0;0;0;0;1;0;0;0
"10/04/2023";"11:34:00";"195";"ac02 - Aci";"243,95";"BR-050/GO";"Norte";"Choque - Talude ou Barranco";1;0;0;0;0;0;0;0;0;0;0;1;0;0;0
"10/04/2023";"13:03:00";"227";"ac03 - Aci";"29,6";"BR-050/MG";"Norte";"Choque - Elemento de Drenagem";1;0;0;0;0;0;0;0;0;0;1;0;0;0;0
"10/04/2023";"15:45:00";"282";"ac03 - Aci";"202,7";"BR-050/MG";"Norte";"Choque - New jersey";1;0;0;0;0;0;0;0;0;0;1;0;0;0;0
"10/04/2023";"17:49:00";"319";"ac03 - Aci";"97";"BR-050/GO";"Norte";"Colisão Transversal";2;0;0;0;0;0;0;0;0;0;3;0;0;0;0
"10/04/2023";"19:05:00";"351";"ac02 - Aci";"276,95";"BR-050/GO";"Sul";"Colisão Transversal";0;0;1;0;1;0;0;0;0;0;27;0;2;0;0
"10/04/2023";"19:30:00";"354";"ac03 - Aci";"107,75";"BR-050/MG";"Sul";"Capotamento";1;0;0;0;0;0;0;0;0;0;2;0;0;0;0
"10/04/2023";"21:14:00";"379";"ac03 - Aci";"105,8";"BR-050/GO";"Norte";"Choque - Talude ou Barranco";1;0;0;0;0;0;0;0;0;0;2;0;0;0;0
"11/04/2023";"15:36:00";"272";"ac03 - Aci";"47,7";"BR-050/MG";"Sul";"Choque - Talude ou Barranco";1;0;0;0;0;0;0;0;0;0;1;0;0;0;0
"12/04/2023";"04:03:00";"8";"ac03 - Aci";"158,9";"BR-050/GO";"Norte";"Choque - Elemento de Drenagem";0;0;1;0;0;0;0;0;0;0;1;0;0;0;0
"12/04/2023";"09:21:00";"99";"ac02 - Aci";"198";"BR-050/MG";"Norte";"Colisão Traseira";1;0;1;0;0;0;0;0;0;0;3;1;0;0;0
"12/04/2023";"13:38:00";"177";"ac03 - Aci";"26,4";"BR-050/MG";"Sul";"Choque - Elemento de Drenagem";1;0;0;0;0;0;0;0;0;0;2;0;0;0;0
"12/04/2023";"15:31:00";"205";"ac02 - Aci";"89,35";"BR-050/MG";"Sul";"Capotamento";0;0;0;0;0;0;0;0;0;1;0;0;1;0;0
"12/04/2023";"16:38:00";"225";"ac02 - Aci";"115,4";"BR-050/MG";"Sul";"Capotamento";1;0;0;0;0;0;0;0;0;0;0;3;0;0;0
"12/04/2023";"20:17:00";"278";"ac03 - Aci";"164,7";"BR-050/MG";"Norte";"Choque - Elemento de Drenagem";0;0;1;0;0;0;0;0;0;0;2;0;0;0;0
"12/04/2023";"20:53:00";"283";"ac03 - Aci";"131,2";"BR-050/MG";"Norte";"Colisão Traseira";0;0;1;0;0;0;0;0;0;1;1;0;0;0;0
"12/04/2023";"23:18:00";"297";"ac03 - Aci";"137";"BR-050/MG";"Sul";"Colisão Traseira";0;0;2;0;0;0;0;0;0;0;2;0;0;0;0
"13/04/2023";"14:11:00";"209";"ac02 - Aci";"152";"BR-050/GO";"Sul";"Choque - Elemento de Drenagem";1;0;0;0;0;0;0;0;0;0;3;1;0;0;0
"13/04/2023";"15:14:00";"241";"ac03 - Aci";"140,8";"BR-050/MG";"Sul";"Choque - Elemento de Drenagem";0;0;1;0;0;0;0;0;0;0;1;0;0;0;0
"13/04/2023";"17:58:00";"268";"ac02 - Aci";"183,5";"BR-050/MG";"Sul";"Queda de Moto";0;0;0;1;0;0;0;0;0;0;0;1;0;0;0
"13/04/2023";"21:29:00";"313";"ac02 - Aci";"264,9";"BR-050/GO";"Sul";"Choque - Meio fio";0;0;1;0;0;0;0;0;0;0;0;1;0;0;0
"14/04/2023";"06:07:00";"32";"ac03 - Aci";"272";"BR-050/GO";"Sul";"Choque - Sinalização";0;0;1;0;0;0;0;0;0;1;3;0;0;0;0
"14/04/2023";"10:42:00";"152";"ac03 - Aci";"245";"BR-050/GO";"Sul";"Atropelamento de Animal";0;0;0;0;0;0;0;0;0;1;1;0;0;0;0
"14/04/2023";"14:25:00";"223";"ac02 - Aci";"195";"BR-050/MG";"Sul";"Choque - Arvore";1;0;0;0;0;0;0;0;0;0;0;2;0;0;0
"14/04/2023";"15:04:00";"233";"ac03 - Aci";"167,35";"BR-050/MG";"Sul";"Colisão lateral no mesmo sentido";0;0;2;0;0;0;0;0;0;0;2;0;0;0;0
"14/04/2023";"15:54:00";"246";"ac03 - Aci";"169,9";"BR-050/MG";"Norte";"Choque - New jersey";0;0;1;0;0;0;0;0;0;0;2;0;0;0;0
"14/04/2023";"16:58:00";"270";"ac03 - Aci";"198";"BR-050/MG";"Norte";"Colisão Traseira";1;0;0;0;0;0;0;0;0;1;4;0;0;0;0
"14/04/2023";"17:13:00";"277";"ac03 - Aci";"196,7";"BR-050/GO";"Norte";"Choque - Sinalização";1;0;0;0;0;0;0;0;0;0;1;0;0;0;0
"14/04/2023";"22:49:00";"351";"ac03 - Aci";"54,82";"BR-050/MG";"Sul";"Colisão lateral no mesmo sentido";1;0;1;0;0;0;0;0;0;0;8;0;0;0;0
"15/04/2023";"08:00:00";"74";"ac03 - Aci";"58,9";"BR-050/MG";"Norte";"Choque - Sinalização";1;0;0;0;0;0;0;0;0;0;2;0;0;0;0
"16/04/2023";"04:04:00";"22";"ac03 - Aci";"177,3";"BR-050/MG";"Sul";"Colisão lateral no mesmo sentido";0;0;0;0;0;1;0;0;0;1;1;0;0;0;0
"16/04/2023";"09:10:00";"86";"ac02 - Aci";"21,47";"BR-050/MG";"Sul";"Colisão Traseira";0;0;0;1;0;1;0;0;0;0;0;0;0;1;0
"16/04/2023";"10:39:00";"115";"ac02 - Aci";"168,3";"BR-050/GO";"Norte";"Tombamento";0;0;1;0;0;0;0;0;0;0;0;0;1;0;0
"16/04/2023";"14:46:00";"171";"ac02 - Aci";"261,1";"BR-050/GO";"Sul";"Capotamento";0;0;0;0;0;0;0;0;0;1;0;0;1;0;0
"16/04/2023";"20:14:00";"259";"ac03 - Aci";"269,2";"BR-050/GO";"Sul";"Colisão Traseira";0;0;0;0;1;1;0;0;0;1;19;0;0;0;0
"17/04/2023";"14:22:00";"217";"ac03 - Aci";"97";"BR-050/GO";"Norte";"Colisão Transversal";2;0;0;0;0;0;0;0;0;0;2;0;0;0;0
"17/04/2023";"14:34:00";"220";"ac03 - Aci";"20,82";"BR-050/MG";"Norte";"Choque - Elemento de Drenagem";0;0;1;0;0;0;0;0;0;0;1;0;0;0;0
"17/04/2023";"23:14:00";"362";"ac02 - Aci";"109";"BR-050/GO";"Norte";"Atropelamento - Pedestre";1;0;0;0;0;0;0;0;0;0;1;0;1;0;0
"18/04/2023";"07:05:00";"40";"ac03 - Aci";"97,7";"BR-050/GO";"Sul";"Colisão Transversal";2;0;0;0;0;0;0;0;0;0;2;0;0;0;0
"18/04/2023";"10:51:00";"164";"ac03 - Aci";"14";"BR-050/MG";"Norte";"Colisão Traseira";0;0;0;0;0;0;0;0;0;2;4;0;0;0;0
"18/04/2023";"18:52:00";"335";"ac02 - Aci";"184,75";"BR-050/MG";"Sul";"Choque - Sinalização";0;0;0;1;0;0;0;0;0;0;0;1;0;0;0
"19/04/2023";"06:32:00";"44";"ac03 - Aci";"313,4";"BR-050/GO";"Sul";"Choque - Talude ou Barranco";0;0;1;0;0;0;0;0;0;0;2;0;0;0;0
"19/04/2023";"07:41:00";"91";"ac03 - Aci";"313,3";"BR-050/GO";"Sul";"Choque - Defensa metálica";1;0;0;0;0;0;0;0;0;0;1;0;0;0;0
"19/04/2023";"11:54:00";"208";"ac03 - Aci";"62,85";"BR-050/MG";"Norte";"Choque - Talude ou Barranco";1;0;0;0;0;0;0;0;0;0;2;0;0;0;0
"19/04/2023";"14:00:00";"246";"ac03 - Aci";"133,8";"BR-050/GO";"Norte";"Carreta deu L";0;0;1;0;0;0;0;0;0;0;1;0;0;0;0
"19/04/2023";"15:32:00";"266";"ac03 - Aci";"16,45";"CT-UDI-MG";"Norte";"Colisão lateral no mesmo sentido";1;0;0;0;0;1;0;0;0;0;1;0;0;0;0
"19/04/2023";"15:48:00";"276";"ac03 - Aci";"100";"BR-050/GO";"Sul";"Choque - Elemento de Drenagem";1;0;0;0;0;0;0;0;0;0;1;0;0;0;0
"20/04/2023";"02:16:00";"12";"ac03 - Aci";"238,5";"BR-050/GO";"Sul";"Choque - Sinalização";1;0;0;0;0;0;0;0;0;0;2;0;0;0;0
"20/04/2023";"20:58:00";"337";"ac02 - Aci";"64";"BR-050/MG";"Sul";"Colisão Traseira";1;0;0;0;0;0;0;0;0;1;0;1;1;0;0
"21/04/2023";"00:03:00";"2";"ac02 - Aci";"215,9";"BR-050/GO";"Sul";"Colisão Traseira";0;0;2;0;0;0;0;0;0;0;1;0;0;1;0
"21/04/2023";"10:13:00";"119";"ac03 - Aci";"81";"BR-050/MG";"Sul";"Choque - Defensa metálica";1;0;0;0;0;0;0;0;0;0;7;0;0;0;0
"21/04/2023";"16:12:00";"216";"ac02 - Aci";"173,1";"BR-050/MG";"Norte";"Queda de Moto";0;0;0;1;0;0;0;0;0;0;0;2;0;0;0
"21/04/2023";"20:42:00";"268";"ac04 - Aci";"124,1";"BR-050/GO";"Sul";"Choque - Outros";0;0;0;0;0;0;0;0;0;1;1;0;0;0;0
"22/04/2023";"05:05:00";"28";"ac03 - Aci";"15";"BR-050/MG";"Norte";"Choque - Defensa metálica";1;0;0;0;0;0;0;0;0;0;1;0;0;0;0
"22/04/2023";"09:31:00";"93";"ac03 - Aci";"51,2";"BR-050/MG";"Sul";"Colisão lateral no mesmo sentido";1;0;0;0;0;0;0;0;0;1;3;0;0;0;0
"22/04/2023";"11:25:00";"134";"ac03 - Aci";"101";"BR-050/GO";"Norte";"Queda de Moto";0;0;0;1;0;0;0;0;0;0;0;0;0;0;0
"22/04/2023";"18:19:00";"248";"ac02 - Aci";"36,4";"BR-050/MG";"Norte";"Capotamento";1;0;0;0;0;0;0;0;0;0;0;0;1;0;0
"22/04/2023";"21:13:00";"274";"ac02 - Aci";"89";"BR-050/MG";"Sul";"Queda de Moto";0;0;0;1;0;0;0;0;0;0;0;1;1;0;0
"23/04/2023";"14:03:00";"171";"ac02 - Aci";"161,82";"BR-050/MG";"Sul";"Capotamento";1;0;0;0;0;0;0;0;0;0;1;1;0;0;0
"23/04/2023";"16:16:00";"220";"ac02 - Aci";"95,7";"BR-050/GO";"Norte";"Atropelamento - Pedestre";0;1;0;0;0;1;0;0;0;0;0;1;0;0;0
"23/04/2023";"18:15:00";"266";"ac03 - Aci";"197";"BR-050/MG";"Sul";"Colisão lateral no mesmo sentido";1;0;1;0;0;0;0;0;0;0;2;0;0;0;0
"23/04/2023";"18:23:00";"268";"ac03 - Aci";"272";"BR-050/GO";"Sul";"Choque - Talude ou Barranco";1;0;0;0;0;0;0;0;0;0;1;0;0;0;0
"23/04/2023";"18:41:00";"271";"ac03 - Aci";"246,4";"BR-050/GO";"Sul";"Colisão Traseira";0;0;2;0;0;0;0;0;0;0;2;0;0;0;0
"24/04/2023";"07:25:00";"39";"ac02 - Aci";"152";"BR-050/GO";"Norte";"Colisão Traseira";1;0;1;0;0;0;0;0;0;0;1;1;0;0;0
"24/04/2023";"13:56:00";"155";"ac03 - Aci";"83,5";"BR-050/MG";"Sul";"Colisão lateral no mesmo sentido";0;0;1;0;0;0;0;0;0;1;2;0;0;0;0
"24/04/2023";"15:59:00";"199";"ac03 - Aci";"210,56";"BR-050/GO";"Sul";"Choque - Defensa metálica";1;0;0;0;0;0;0;0;0;0;1;0;0;0;0
"24/04/2023";"17:15:00";"215";"ac02 - Aci";"208,05";"BR-050/GO";"Sul";"Choque - Elemento de Drenagem";1;0;0;0;0;0;0;0;0;0;4;0;1;0;0
"24/04/2023";"18:16:00";"224";"ac02 - Aci";"98";"BR-050/GO";"Norte";"Colisão Transversal";0;0;0;1;0;0;0;0;0;1;1;1;0;0;0
"25/04/2023";"13:18:00";"163";"ac02 - Aci";"236,5";"BR-050/GO";"Sul";"Tombamento";0;0;1;0;0;0;0;0;0;0;0;1;0;0;0
"25/04/2023";"15:03:00";"188";"ac03 - Aci";"234,7";"BR-050/GO";"Norte";"Tombamento";0;0;1;0;0;0;0;0;0;0;1;0;0;0;0
"26/04/2023";"04:01:00";"27";"ac02 - Aci";"188,7";"BR-050/MG";"Sul";"Queda de Moto";0;0;0;1;0;0;0;0;0;0;0;1;0;0;0
"26/04/2023";"06:24:00";"48";"ac03 - Aci";"198,5";"BR-050/MG";"Sul";"Choque - Defensa metálica";1;0;0;0;0;0;0;0;0;0;3;0;0;0;0
"26/04/2023";"10:35:00";"173";"ac02 - Aci";"273";"BR-050/GO";"Sul";"Choque - Elemento de Drenagem";0;0;0;0;0;0;0;0;0;1;0;0;0;1;0