data;horario;n_da_ocorrencia;tipo_de_ocorrencia;km;trecho;sentido;tipo_de_acidente;automovel;bicicleta;caminhao;moto;onibus;outros;tracao_animal;transporte_de_cargas_especiais;trator_maquinas;utilitarios;ilesos;levemente_feridos;moderadamente_feridos;gravemente_feridos;mortos
"13/07/2023";"11:27:00";"154";"ac02 - Aci";"177";"BR-050/MG";"Norte";"Queda de Moto";0;0;0;1;0;0;0;0;0;0;0;0;1;0;0
"13/07/2023";"12:53:00";"185";"ac03 - Aci";"212";"BR-050/GO";"Norte";"Choque - Elemento de Drenagem";0;0;0;0;0;0;0;0;0;1;1;0;0;0;0
"13/07/2023";"13:01:00";"187";"ac03 - Aci";"178";"BR-050/MG";"Norte";"Choque - Meio fio";1;0;0;0;0;0;0;0;0;0;5;0;0;0;0
"13/07/2023";"21:10:00";"345";"ac03 - Aci";"175";"BR-050/MG";"Sul";"Colisão lateral no mesmo sentido";1;0;1;0;0;0;0;0;0;0;2;0;0;0;0
"13/07/2023";"21:59:00";"360";"ac03 - Aci";"250";"BR-050/GO";"Sul";"Tombamento";0;0;1;0;0;0;0;0;0;0;1;0;0;0;0
"14/07/2023";"14:20:00";"212";"ac03 - Aci";"193,329";"BR-050/MG";"Sul";"Colisão Traseira";0;0;0;0;0;0;0;0;0;2;2;0;0;0;0
"14/07/2023";"19:00:00";"290";"ac03 - Aci";"14";"BR-050/MG";"Sul";"Colisão lateral no mesmo sentido";0;0;1;0;0;0;0;0;0;1;2;0;0;0;0
"14/07/2023";"19:46:00";"305";"ac02 - Aci";"20,05";"CT-UDI-MG";"Sul";"Colisão lateral no mesmo sentido";1;0;1;2;0;0;0;0;0;0;1;3;0;0;0
"14/07/2023";"20:05:00";"310";"ac03 - Aci";"52,6";"BR-050/MG";"Sul";"Colisão lateral no mesmo sentido";1;0;0;0;0;0;0;0;0;1;8;0;0;0;0
"14/07/2023";"20:15:00";"313";"ac02 - Aci";"19,6";"CT-UDI-MG";"Sul";"Choque - New jersey";1;0;0;0;0;0;0;0;0;0;1;2;0;0;0
"14/07/2023";"20:51:00";"321";"ac04 - Aci";"19,6";"BR-050/MG";"Sul";"Choque - Outros";0;0;0;0;0;0;0;0;0;0;1;0;0;0;0
"15/07/2023";"03:11:00";"12";"ac03 - Aci";"279,9";"BR-050/GO";"Norte";"Colisão Frontal";2;0;0;0;0;0;0;0;0;0;2;0;0;0;0
"15/07/2023";"10:47:00";"137";"ac02 - Aci";"153,32";"BR-050/MG";"Norte";"Colisão lateral no mesmo sentido";1;0;1;0;0;0;0;0;0;0;1;1;0;0;0
"15/07/2023";"18:37:00";"308";"ac03 - Aci";"77,3";"BR-050/MG";"Norte";"Choque - Meio fio";1;0;0;0;0;0;0;0;0;0;1;0;0;0;0
"15/07/2023";"20:01:00";"327";"ac03 - Aci";"46,3";"BR-050/MG";"Sul";"Capotamento";1;0;0;0;0;0;0;0;0;0;1;0;0;0;0
"15/07/2023";"21:13:00";"346";"ac03 - Aci";"96,2";"BR-050/GO";"Sul";"Colisão Transversal";2;0;0;0;0;0;0;0;0;0;2;0;0;0;0
"15/07/2023";"22:40:00";"371";"ac03 - Aci";"99,12";"BR-050/MG";"Sul";"Colisão lateral no mesmo sentido";1;0;0;0;0;0;0;0;0;0;1;0;0;0;0
"16/07/2023";"13:25:00";"152";"ac03 - Aci";"28,95";"BR-050/MG";"Sul";"Queda de Carro";0;0;0;1;0;0;0;0;0;0;1;0;0;0;0
"16/07/2023";"16:07:00";"205";"ac02 - Aci";"218";"BR-050/GO";"Sul";"Capotamento";0;0;0;0;0;0;0;0;0;1;0;0;1;0;0
"16/07/2023";"17:58:00";"246";"ac03 - Aci";"41";"BR-050/MG";"Norte";"Choque - Defensa metálica";1;0;0;0;0;0;0;0;0;0;3;0;0;0;0
"16/07/2023";"19:02:00";"265";"ac02 - Aci";"115,1";"BR-050/MG";"Norte";"Queda de Moto";0;0;0;1;0;0;0;0;0;0;0;0;2;0;0
"17/07/2023";"00:08:00";"3";"ac03 - Aci";"281,3";"BR-050/GO";"Sul";"Capotamento";1;0;0;0;0;0;0;0;0;0;1;0;0;0;0
"17/07/2023";"07:15:00";"50";"ac02 - Aci";"181,2";"BR-050/MG";"Norte";"Colisão lateral no mesmo sentido";0;0;1;0;0;0;0;0;0;1;4;1;0;0;0
"17/07/2023";"07:28:00";"57";"ac04 - Aci";"179,8";"BR-050/GO";"Norte";"Choque - Meio fio";0;0;0;0;0;0;0;0;0;1;1;0;0;0;0
"17/07/2023";"12:54:00";"181";"ac02 - Aci";"174";"BR-050/MG";"Norte";"Capotamento";1;0;0;0;0;0;0;0;0;0;0;0;1;0;0
"18/07/2023";"03:34:00";"25";"ac03 - Aci";"80,4";"BR-050/MG";"Norte";"Tombamento";0;0;1;0;0;0;0;0;0;0;1;0;0;0;0
"18/07/2023";"07:48:00";"70";"ac03 - Aci";"20,48";"BR-050/MG";"Norte";"Choque - Elemento de Drenagem";1;0;0;0;0;0;0;0;0;0;4;0;0;0;0
"18/07/2023";"14:55:00";"214";"ac03 - Aci";"105";"BR-050/MG";"Sul";"Choque - Veiculo parado na pista";1;0;1;0;0;0;0;0;0;0;5;0;0;0;0
"19/07/2023";"01:59:00";"12";"ac03 - Aci";"62,502";"BR-050/MG";"Sul";"Tombamento";1;0;0;0;0;0;0;0;0;0;2;0;0;0;0
"19/07/2023";"13:12:00";"211";"ac02 - Aci";"109,2";"BR-050/GO";"Norte";"Tombamento";0;0;1;0;0;0;0;0;0;0;0;0;1;0;0
"20/07/2023";"16:19:00";"221";"ac02 - Aci";"99";"BR-050/GO";"Norte";"Colisão Transversal";0;0;1;0;0;0;0;0;0;1;1;1;0;0;0
"21/07/2023";"00:01:00";"1";"ac04 - Aci";"36";"BR-050/MG";"Sul";"Choque - Outros";0;0;0;0;0;0;0;0;0;0;0;1;0;0;0
"21/07/2023";"16:03:00";"263";"ac03 - Aci";"172";"BR-050/MG";"Sul";"Colisão lateral no mesmo sentido";1;0;1;0;0;0;0;0;0;0;3;0;0;0;0
"22/07/2023";"03:29:00";"18";"ac02 - Aci";"21,5";"CT-UDI-MG";"Sul";"Colisão Frontal";1;0;1;0;0;0;0;0;0;0;4;1;0;0;0
"22/07/2023";"13:46:00";"169";"ac02 - Aci";"198,9";"BR-050/GO";"Sul";"Capotamento";1;0;0;0;0;0;0;0;0;0;0;0;4;0;0
"22/07/2023";"19:05:00";"251";"ac03 - Aci";"98,85";"BR-050/GO";"Sul";"Choque - Outros";1;0;0;0;0;0;0;0;0;0;2;0;0;0;0
"22/07/2023";"20:44:00";"274";"ac03 - Aci";"79,2";"BR-050/MG";"Norte";"Colisão Traseira";0;0;0;1;0;1;0;0;0;0;2;0;0;0;0
"22/07/2023";"22:23:00";"298";"ac02 - Aci";"177,8";"BR-050/MG";"Sul";"Choque - Defensa metálica";1;0;0;0;0;0;0;0;0;0;3;1;0;0;0
"22/07/2023";"22:24:00";"299";"ac02 - Aci";"79,15";"BR-050/MG";"Sul";"Colisão Traseira";2;0;0;0;0;0;0;0;0;0;2;2;0;0;0
"23/07/2023";"15:35:00";"182";"ac03 - Aci";"197";"BR-050/MG";"Sul";"Choque - Objeto sobre a pista";1;0;0;0;0;0;0;0;0;0;2;0;0;0;0
"23/07/2023";"15:42:00";"185";"ac02 - Aci";"57,8";"BR-050/MG";"Norte";"Queda de Moto";0;0;0;1;0;0;0;0;0;0;0;1;0;0;0
"23/07/2023";"17:10:00";"219";"ac03 - Aci";"180,2";"BR-050/MG";"Norte";"Choque - Meio fio";1;0;0;0;0;0;0;0;0;0;4;0;0;0;0
"24/07/2023";"06:30:00";"27";"ac03 - Aci";"109,7";"BR-050/MG";"Norte";"Capotamento";0;0;0;0;0;0;0;0;0;1;2;0;0;0;0
"24/07/2023";"06:42:00";"34";"ac03 - Aci";"176,38";"BR-050/GO";"Sul";"Colisão lateral no mesmo sentido";1;0;0;0;0;1;0;0;0;0;2;0;0;0;0
"24/07/2023";"09:09:00";"124";"ac02 - Aci";"281,2";"BR-050/GO";"Norte";"Colisão Traseira";1;0;0;1;0;0;0;0;0;0;2;1;0;0;0
"24/07/2023";"20:23:00";"367";"ac02 - Aci";"83,8";"BR-050/MG";"Norte";"Engavetamento";1;0;0;1;0;0;0;0;0;2;5;0;1;0;0
"25/07/2023";"15:00:00";"213";"ac03 - Aci";"265";"BR-050/GO";"Norte";"Choque - Talude ou Barranco";0;0;1;0;0;0;0;0;0;0;1;0;0;0;0
"25/07/2023";"19:09:00";"293";"ac03 - Aci";"104";"BR-050/GO";"Sul";"Colisão Transversal";1;0;0;0;0;0;0;0;0;1;9;0;0;0;0
"26/07/2023";"07:21:00";"46";"ac02 - Aci";"159,2";"BR-050/MG";"Sul";"Capotamento";0;0;0;0;0;0;0;0;0;1;0;3;0;0;0
"26/07/2023";"08:28:00";"74";"ac03 - Aci";"34,4";"BR-050/MG";"Norte";"Choque - Meio fio";0;0;0;0;0;0;0;0;0;1;1;0;0;0;0
"26/07/2023";"08:47:00";"86";"ac03 - Aci";"138,4";"BR-050/MG";"Norte";"Atropelamento de Animal";1;0;0;0;0;0;0;0;0;0;1;0;0;0;0
"26/07/2023";"14:39:00";"213";"ac03 - Aci";"153";"BR-050/MG";"Norte";"Colisão Traseira";1;0;0;0;0;1;0;0;0;0;1;0;0;0;0
"26/07/2023";"18:49:00";"304";"ac02 - Aci";"278,65";"BR-050/GO";"Norte";"Colisão Transversal";1;0;1;0;0;0;0;0;0;0;3;0;1;0;0
"27/07/2023";"03:28:00";"20";"ac03 - Aci";"79";"BR-050/MG";"Sul";"Capotamento";0;0;0;0;0;1;0;0;0;1;3;0;0;0;0
"27/07/2023";"11:05:00";"172";"ac03 - Aci";"185";"BR-050/GO";"Norte";"Tombamento";0;0;1;0;0;0;0;0;0;0;1;0;0;0;0
"27/07/2023";"12:00:00";"192";"ac03 - Aci";"178,8";"BR-050/MG";"Sul";"Choque - Meio fio";0;0;1;0;0;0;0;0;0;0;1;0;0;0;0
"27/07/2023";"16:38:00";"303";"ac03 - Aci";"156";"BR-050/MG";"Sul";"Choque - Sinalização";0;0;0;0;0;0;0;0;0;1;2;0;0;0;0
"27/07/2023";"18:26:00";"350";"ac03 - Aci";"138,13";"BR-050/MG";"Norte";"Choque - Meio fio";1;0;0;0;0;0;0;0;0;0;3;0;0;0;0
"27/07/2023";"20:32:00";"395";"ac03 - Aci";"131";"BR-050/GO";"Sul";"Choque - Outros";0;0;1;0;0;0;0;0;0;0;1;0;0;0;0
"28/07/2023";"07:09:00";"45";"ac02 - Aci";"14,703";"CT-UDI-MG";"Sul";"Choque - Defensa metálica";0;0;0;1;0;0;0;0;0;0;0;1;0;0;0
"28/07/2023";"08:35:00";"95";"ac03 - Aci";"98,2";"BR-050/GO";"Norte";"Colisão Transversal";1;0;0;0;0;0;0;0;0;1;2;0;0;0;0
"28/07/2023";"09:44:00";"134";"ac03 - Aci";"124,5";"BR-050/MG";"Sul";"Colisão lateral no mesmo sentido";0;0;1;0;0;1;0;0;0;0;1;0;0;0;0
"28/07/2023";"11:13:00";"166";"ac02 - Aci";"29,7";"BR-050/MG";"Norte";"Tombamento";0;0;1;0;0;0;0;0;0;0;0;1;0;0;0
"28/07/2023";"17:45:00";"309";"ac02 - Aci";"177,15";"BR-050/MG";"Sul";"Capotamento";1;0;0;0;0;0;0;0;0;0;0;0;1;0;0
"28/07/2023";"18:31:00";"322";"ac03 - Aci";"175";"BR-050/MG";"Sul";"Engavetamento";3;0;0;0;0;0;0;0;0;0;4;0;0;0;0
"28/07/2023";"23:05:00";"394";"ac04 - Aci";"185";"BR-050/MG";"Sul";"Queda de Carro";0;0;0;0;0;0;0;0;0;0;0;1;0;0;0
"29/07/2023";"08:18:00";"64";"ac03 - Aci";"179";"BR-050/MG";"Sul";"Colisão Traseira";1;0;0;0;0;1;0;0;0;0;2;0;0;0;0
"29/07/2023";"10:12:00";"91";"ac02 - Aci";"279";"BR-050/GO";"Sul";"Colisão Transversal";0;0;0;1;0;0;0;0;0;1;2;1;0;0;0
"29/07/2023";"10:26:00";"99";"ac03 - Aci";"176,7";"BR-050/MG";"Norte";"Colisão Traseira";0;0;0;0;0;0;0;0;0;2;2;0;0;0;0
"30/07/2023";"00:30:00";"4";"ac02 - Aci";"121,7";"BR-050/GO";"Sul";"Tombamento";0;0;1;0;0;0;0;0;0;0;0;1;0;0;0
"30/07/2023";"00:48:00";"7";"ac02 - Aci";"296,7";"BR-050/GO";"Sul";"Colisão Traseira";1;0;1;0;0;0;0;0;0;0;1;0;0;1;0
"30/07/2023";"06:11:00";"40";"ac03 - Aci";"150,2";"BR-050/MG";"Norte";"Capotamento";1;0;0;0;0;0;0;0;0;0;2;0;0;0;0
"30/07/2023";"09:50:00";"99";"ac02 - Aci";"21";"CT-UDI-MG";"Sul";"Engavetamento";2;0;0;1;0;0;0;0;0;0;2;1;0;0;0
"30/07/2023";"10:49:00";"114";"ac03 - Aci";"171";"BR-050/MG";"Norte";"Colisão lateral no mesmo sentido";1;0;1;0;0;0;0;0;0;0;5;0;0;0;0
"30/07/2023";"12:37:00";"152";"ac02 - Aci";"180,1";"BR-050/GO";"Sul";"Queda de Moto";0;0;0;1;0;0;0;0;0;0;0;0;1;0;0
"30/07/2023";"13:41:00";"170";"ac02 - Aci";"191";"BR-050/MG";"Sul";"Colisão Traseira";1;0;1;0;0;0;0;0;0;0;2;1;0;0;0
"30/07/2023";"14:58:00";"190";"ac02 - Aci";"27,1";"BR-050/MG";"Sul";"Queda de Moto";0;0;0;1;0;0;0;0;0;0;0;1;0;0;0
"31/07/2023";"07:01:00";"45";"ac02 - Aci";"174,5";"BR-050/MG";"Norte";"Colisão lateral no mesmo sentido";0;0;0;1;0;1;0;0;0;0;0;1;0;0;0
"31/07/2023";"18:29:00";"330";"ac02 - Aci";"178,8";"BR-050/MG";"Sul";"Colisão lateral no mesmo sentido";1;0;0;0;0;1;0;0;0;0;0;1;0;0;0
"01/08/2023";"00:39:00";"6";"ac02 - Aci";"113";"BR-050/MG";"Sul";"Colisão Traseira";0;0;0;1;0;1;0;0;0;0;0;0;1;0;0
"01/08/2023";"07:03:00";"43";"ac03 - Aci";"121,9";"BR-050/MG";"Norte";"Choque - Outros";1;0;0;0;0;0;0;0;0;0;1;0;0;0;0
"01/08/2023";"14:41:00";"235";"ac03 - Aci";"29,75";"BR-050/MG";"Norte";"Choque - Defensa metálica";0;0;1;0;0;0;0;0;0;0;1;0;0;0;0
"01/08/2023";"16:13:00";"282";"ac03 - Aci";"93,6";"BR-050/MG";"Norte";"Colisão Traseira";0;0;1;0;0;0;0;0;0;1;2;0;0;0;0
"02/08/2023";"07:58:00";"68";"ac02 - Aci";"96";"BR-050/GO";"Sul";"Colisão Transversal";0;0;0;0;0;0;0;0;0;2;1;2;0;0;0
"02/08/2023";"09:55:00";"120";"ac03 - Aci";"21,6";"BR-050/MG";"Norte";"Colisão Traseira";0;0;0;0;0;0;0;0;0;2;6;0;0;0;0
"02/08/2023";"16:51:00";"244";"ac03 - Aci";"179";"BR-050/MG";"Norte";"Colisão lateral no mesmo sentido";0;0;0;0;0;1;0;0;0;1;1;0;0;0;0
"02/08/2023";"21:54:00";"312";"ac04 - Aci";"179";"BR-050/MG";"Sul";"Choque - Outros";0;0;0;0;0;0;0;0;0;1;1;0;0;0;0
"03/08/2023";"02:25:00";"12";"ac03 - Aci";"106,4";"BR-050/MG";"Norte";"Choque - Defensa metálica";0;0;1;0;0;0;0;0;0;0;1;0;0;0;0
"03/08/2023";"14:59:00";"244";"ac02 - Aci";"178,8";"BR-050/MG";"Sul";"Colisão Traseira";0;0;0;1;0;1;0;0;0;0;0;1;0;0;0
"03/08/2023";"17:25:00";"298";"ac03 - Aci";"186";"BR-050/MG";"Norte";"Engavetamento";1;0;0;0;0;2;0;0;0;0;1;0;0;0;0
"03/08/2023";"18:30:00";"315";"ac02 - Aci";"97";"BR-050/GO";"Norte";"Colisão Transversal";0;1;0;0;0;0;0;0;0;1;1;0;1;0;0
"03/08/2023";"21:18:00";"359";"ac03 - Aci";"156,4";"BR-050/MG";"Norte";"Choque - Elemento de Drenagem";1;0;0;0;0;0;0;0;0;0;1;0;0;0;0
"04/08/2023";"10:28:00";"155";"ac03 - Aci";"163,75";"BR-050/MG";"Sul";"Colisão Traseira";0;0;0;0;0;0;0;0;0;2;4;0;0;0;0
"04/08/2023";"13:12:00";"216";"ac02 - Aci";"180";"BR-050/MG";"Sul";"Queda de Moto";0;0;0;1;0;0;0;0;0;0;0;0;2;0;0
"04/08/2023";"15:51:00";"279";"ac02 - Aci";"114,03";"BR-050/GO";"Sul";"Capotamento";1;0;0;0;0;0;0;0;0;0;2;2;0;0;0
"04/08/2023";"18:13:00";"327";"ac03 - Aci";"89";"BR-050/MG";"Norte";"Choque - Talude ou Barranco";1;0;0;0;0;0;0;0;0;0;3;0;0;0;0
"04/08/2023";"19:14:00";"344";"ac03 - Aci";"282,8";"BR-050/GO";"Sul";"Colisão Transversal";2;0;0;0;0;0;0;0;0;0;2;0;0;0;0
"05/08/2023";"15:13:00";"233";"ac04 - Aci";"173,28";"BR-050/MG";"Sul";"Choque - Outros";0;0;0;0;0;0;0;0;0;0;0;1;0;0;0
"05/08/2023";"17:09:00";"284";"ac03 - Aci";"51,91";"BR-050/MG";"Norte";"Choque - Sinalização";0;0;1;0;0;0;0;0;0;0;1;0;0;0;0
"06/08/2023";"06:42:00";"43";"ac02 - Aci";"179,1";"BR-050/MG";"Sul";"Colisão Traseira";1;0;0;0;0;1;0;0;0;0;1;0;3;0;0
"06/08/2023";"07:05:00";"47";"ac03 - Aci";"220,5";"BR-050/GO";"Norte";"Choque - Sinalização";0;0;1;0;0;0;0;0;0;0;1;0;0;0;0
"07/08/2023";"11:42:00";"153";"ac03 - Aci";"105,1";"BR-050/MG";"Sul";"Choque - New jersey";0;0;1;0;0;0;0;0;0;0;1;0;0;0;0
"07/08/2023";"15:25:00";"201";"ac02 - Aci";"138";"BR-050/MG";"Sul";"Colisão Traseira";0;0;2;0;0;0;0;0;0;0;1;0;1;0;0
"07/08/2023";"18:08:00";"242";"ac03 - Aci";"172";"BR-050/MG";"Norte";"Choque - Defensa metálica";0;0;1;0;0;0;0;0;0;0;1;0;0;0;0
"07/08/2023";"18:19:00";"244";"ac04 - Aci";"104";"BR-050/MG";"Norte";"Choque - Outros";0;0;0;0;0;0;0;0;0;0;1;0;0;0;0
"08/08/2023";"07:19:00";"52";"ac03 - Aci";"169,6";"BR-050/MG";"Norte";"Colisão lateral no mesmo sentido";1;0;0;0;0;1;0;0;0;0;2;0;0;0;0
"08/08/2023";"12:50:00";"198";"ac03 - Aci";"29,2";"BR-050/MG";"Norte";"Choque - Meio fio";1;0;0;0;0;0;0;0;0;0;1;0;0;0;0
"08/08/2023";"17:05:00";"298";"ac03 - Aci";"171,9";"BR-050/MG";"Sul";"Colisão Traseira";1;0;0;1;0;0;0;0;0;0;2;0;0;0;0
"08/08/2023";"18:40:00";"330";"ac02 - Aci";"34";"BR-050/MG";"Sul";"Engavetamento";0;0;3;0;0;0;0;0;0;0;2;1;0;0;0
"08/08/2023";"22:13:00";"379";"ac02 - Aci";"24,1";"BR-050/MG";"Sul";"Capotamento";1;0;0;0;0;0;0;0;0;0;0;3;0;0;0
"09/08/2023";"00:23:00";"4";"ac01 - Aci";"184,3";"BR-050/MG";"Norte";"Colisão Traseira";0;0;0;1;0;1;0;0;0;0;0;0;0;0;1
"09/08/2023";"00:38:00";"6";"ac03 - Aci";"261";"BR-050/GO";"Sul";"Choque - Elemento de Drenagem";1;0;0;0;0;0;0;0;0;0;1;0;0;0;0
"09/08/2023";"06:57:00";"41";"ac03 - Aci";"29,5";"BR-050/MG";"Norte";"Choque - Elemento de Drenagem";0;0;0;0;0;0;0;0;0;1;4;0;0;0;0
"09/08/2023";"19:22:00";"310";"ac03 - Aci";"299";"BR-050/GO";"Norte";"Colisão Traseira";1;0;1;0;0;0;0;0;0;0;8;0;0;0;0
"09/08/2023";"19:49:00";"314";"ac03 - Aci";"154";"BR-050/MG";"Norte";"Choque - Elemento de Drenagem";0;0;0;0;0;0;0;0;0;1;2;0;0;0;0
"10/08/2023";"02:41:00";"21";"ac04 - Aci";"198";"BR-050/MG";"Sul";"Choque na praça – submarino";0;0;0;0;0;0;0;0;0;0;0;1;0;0;0
"10/08/2023";"04:52:00";"32";"ac03 - Aci";"29,3";"BR-050/MG";"Norte";"Choque - Meio fio";0;0;1;0;0;0;0;0;0;0;1;0;0;0;0
"10/08/2023";"11:24:00";"183";"ac03 - Aci";"165,8";"BR-050/MG";"Sul";"Engavetamento";1;0;0;0;0;0;0;0;0;2;3;0;0;0;0
"10/08/2023";"16:15:00";"262";"ac03 - Aci";"128";"BR-050/MG";"Norte";"Capotamento";1;0;0;0;0;0;0;0;0;0;2;0;0;0;0
"10/08/2023";"17:29:00";"290";"ac02 - Aci";"176,1";"BR-050/MG";"Norte";"Colisão Traseira";0;0;0;1;0;0;0;0;0;1;1;0;1;0;0
"10/08/2023";"18:56:00";"314";"ac03 - Aci";"180";"BR-050/MG";"Norte";"Colisão Traseira";0;0;1;0;1;0;0;0;0;0;23;0;0;0;0
"10/08/2023";"20:00:00";"330";"ac02 - Aci";"290,4";"BR-050/GO";"Norte";"Queda de Ciclista";0;1;0;0;0;0;0;0;0;0;0;1;0;0;0
"11/08/2023";"06:19:00";"35";"ac01 - Aci";"110,15";"BR-050/MG";"Norte";"Colisão Traseira";0;0;2;0;0;0;0;0;0;0;2;0;0;0;1
"11/08/2023";"06:25:00";"36";"ac04 - Aci";"105";"BR-050/MG";"Norte";"Choque - Outros";0;0;0;0;0;0;0;0;0;0;0;1;0;0;0
"11/08/2023";"07:01:00";"56";"ac02 - Aci";"280";"BR-050/GO";"Sul";"Colisão Transversal";0;0;0;2;0;0;0;0;0;0;2;0;1;0;0
"11/08/2023";"07:38:00";"69";"ac02 - Aci";"174,05";"BR-050/MG";"Sul";"Queda de Moto";0;0;0;1;0;0;0;0;0;0;0;2;0;0;0
"11/08/2023";"07:53:00";"73";"ac02 - Aci";"154,15";"BR-050/GO";"Sul";"Tombamento";0;0;1;0;0;0;0;0;0;0;0;0;1;0;0
"12/08/2023";"03:06:00";"20";"ac01 - Aci";"47";"BR-050/MG";"Norte";"Atropelamento - Pedestre";0;0;0;0;0;0;0;0;0;1;0;1;0;0;1
"12/08/2023";"21:25:00";"376";"ac03 - Aci";"279,05";"BR-050/GO";"Norte";"Colisão Traseira";2;0;0;0;0;0;0;0;0;0;4;0;0;0;0
"13/08/2023";"03:21:00";"14";"ac03 - Aci";"32,5";"BR-050/MG";"Sul";"Choque - Elemento de Drenagem";1;0;0;0;0;0;0;0;0;0;1;0;0;0;0
"13/08/2023";"06:09:00";"22";"ac03 - Aci";"113";"BR-050/MG";"Norte";"Choque - Outros";1;0;0;0;0;0;0;0;0;0;2;0;0;0;0
"13/08/2023";"10:41:00";"88";"ac02 - Aci";"121,6";"BR-050/MG";"Sul";"Tombamento";0;0;0;0;0;0;0;0;0;1;0;1;0;0;0
"13/08/2023";"14:30:00";"163";"ac03 - Aci";"118,2";"BR-050/MG";"Norte";"Colisão lateral no mesmo sentido";0;0;1;0;0;0;0;0;0;1;4;0;0;0;0
"13/08/2023";"15:36:00";"181";"ac02 - Aci";"2,17";"BR-050/MG";"Norte";"Choque - Meio fio";1;0;0;0;0;0;0;0;0;0;0;0;1;0;0
"14/08/2023";"07:46:00";"74";"ac02 - Aci";"181";"BR-050/MG";"Sul";"Queda de Moto";0;0;0;1;0;0;0;0;0;0;0;0;1;0;0
"14/08/2023";"15:51:00";"228";"ac03 - Aci";"86";"BR-050/MG";"Norte";"Choque - Meio fio";1;0;0;0;0;0;0;0;0;0;1;0;0;0;0
"15/08/2023";"05:36:00";"23";"ac03 - Aci";"177";"BR-050/MG";"Norte";"Choque - New jersey";1;0;0;0;0;0;0;0;0;0;2;0;0;0;0
"15/08/2023";"15:52:00";"196";"ac03 - Aci";"51,475";"BR-050/MG";"Sul";"Colisão Traseira";1;0;0;0;0;0;0;0;0;1;5;0;0;0;0
"15/08/2023";"18:38:00";"229";"ac01 - Aci";"178";"BR-050/MG";"Norte";"Atropelamento - Pedestre";1;0;0;0;0;0;0;0;0;0;1;0;0;0;1
"15/08/2023";"18:58:00";"233";"ac02 - Aci";"178";"BR-050/MG";"Sul";"Atropelamento de Animal";0;0;0;1;0;0;0;0;0;0;0;1;0;0;0
"16/08/2023";"08:24:00";"78";"ac02 - Aci";"9,97";"BR-050/MG";"Norte";"Colisão Transversal";0;0;2;0;0;0;0;0;0;0;0;0;2;1;0
"16/08/2023";"23:43:00";"346";"ac02 - Aci";"181,7";"BR-050/MG";"Norte";"Atropelamento - Pedestre";0;1;0;1;0;0;0;0;0;0;0;1;1;0;0
"17/08/2023";"05:58:00";"20";"ac02 - Aci";"175";"BR-050/MG";"Norte";"Choque - Meio fio";1;0;0;0;0;0;0;0;0;0;0;1;0;0;0
"17/08/2023";"12:14:00";"181";"ac03 - Aci";"118";"BR-050/MG";"Sul";"Tombamento";0;0;1;0;0;0;0;0;0;0;1;0;0;0;0
"17/08/2023";"17:08:00";"260";"ac02 - Aci";"178,8";"BR-050/MG";"Sul";"Colisão Traseira";1;0;0;0;0;1;0;0;0;0;1;1;0;0;0
"18/08/2023";"12:15:00";"145";"ac03 - Aci";"141,25";"BR-050/MG";"Sul";"Colisão Traseira";1;0;0;0;0;0;0;0;0;1;4;0;0;0;0
"18/08/2023";"17:23:00";"251";"ac02 - Aci";"91,88";"BR-050/MG";"Sul";"Queda de Moto";0;0;0;1;0;0;0;0;0;0;0;1;0;0;0
"18/08/2023";"18:41:00";"275";"ac02 - Aci";"49,8";"BR-050/MG";"Sul";"Choque - Meio fio";1;0;0;0;0;1;0;0;0;0;0;1;0;0;0
"18/08/2023";"21:21:00";"314";"ac04 - Aci";"130";"BR-050/MG";"Sul";"Choque - Defensa metálica";0;0;0;0;0;0;0;0;0;1;0;0;0;0;0
"19/08/2023";"03:28:00";"24";"ac03 - Aci";"269,6";"BR-050/GO";"Norte";"Queda de Moto";0;0;0;1;0;0;0;0;0;0;1;0;0;0;0
"20/08/2023";"01:11:00";"9";"ac02 - Aci";"183";"BR-050/MG";"Sul";"Colisão Traseira";0;0;0;0;1;0;0;0;0;1;28;2;0;0;0
"20/08/2023";"06:47:00";"32";"ac02 - Aci";"283";"BR-050/GO";"Sul";"Colisão Transversal";1;0;0;1;0;0;0;0;0;0;2;0;1;0;0
"20/08/2023";"10:46:00";"116";"ac02 - Aci";"115,2";"BR-050/MG";"Norte";"Capotamento";1;0;0;0;0;0;0;0;0;0;0;2;0;0;0
"20/08/2023";"12:06:00";"140";"ac03 - Aci";"82,4";"BR-050/MG";"Sul";"Choque - Meio fio";1;0;0;0;0;0;0;0;0;0;3;0;0;0;0
"20/08/2023";"16:09:00";"193";"ac03 - Aci";"58,2";"BR-050/MG";"Norte";"Choque - Elemento de Drenagem";1;0;0;0;0;0;0;0;0;0;1;0;0;0;0
"20/08/2023";"18:42:00";"239";"ac03 - Aci";"11,4";"CT-UDI-MG";"Sul";"Atropelamento de Animal";1;0;0;0;0;0;0;0;0;0;2;0;0;0;0
"20/08/2023";"18:50:00";"242";"ac02 - Aci";"11,4";"CT-UDI-MG";"Sul";"Atropelamento de Animal";1;0;0;0;0;0;0;0;0;0;0;1;0;0;0
"20/08/2023";"19:05:00";"246";"ac03 - Aci";"54,6";"BR-050/MG";"Norte";"Choque - New jersey";1;0;0;0;0;0;0;0;0;0;4;0;0;0;0
"20/08/2023";"19:10:00";"247";"ac03 - Aci";"50";"BR-050/MG";"Norte";"Choque - Elemento de Drenagem";1;0;0;0;0;0;0;0;0;0;3;0;0;0;0
"20/08/2023";"20:22:00";"263";"ac02 - Aci";"115,46";"BR-050/MG";"Norte";"Choque - Meio fio";0;0;0;0;0;0;0;0;0;1;0;0;1;0;0
"21/08/2023";"07:51:00";"74";"ac03 - Aci";"258,6";"BR-050/GO";"Norte";"Capotamento";1;0;0;0;0;0;0;0;0;0;1;0;0;0;0
"21/08/2023";"18:19:00";"323";"ac02 - Aci";"114";"BR-050/MG";"Sul";"Tombamento";0;0;1;0;0;0;0;0;0;0;0;0;1;0;0
"21/08/2023";"19:15:00";"332";"ac03 - Aci";"42";"BR-050/MG";"Sul";"Colisão Traseira";0;0;0;0;0;1;0;0;0;1;1;0;0;0;0