data;horario;n_da_ocorrencia;tipo_de_ocorrencia;km;trecho;sentido;tipo_de_acidente;automovel;bicicleta;caminhao;moto;onibus;outros;tracao_animal;transporte_de_cargas_especiais;trator_maquinas;utilitarios;ilesos;levemente_feridos;moderadamente_feridos;gravemente_feridos;mortos
"04/02/2024";"06:49:00";"42";"Sem vítima";"48,300";"BR-050/MG";"Crescente";"Choque";1;0;0;0;0;0;0;0;0;0;1;0;0;0;0
"04/02/2024";"07:42:00";"54";"Sem vítima";"171,750";"BR-050/MG";"Crescente";"Capotamento";1;0;0;0;0;0;0;0;0;0;1;0;0;0;0
"04/02/2024";"11:28:00";"130";"Sem vítima";"189,910";"BR-050/MG";"Decrescente";"Colisão traseira";2;0;0;0;0;0;0;0;0;0;7;0;0;0;0
"05/02/2024";"06:11:00";"35";"Com vítima";"308,640";"BR-050/GO";"Decrescente";"Choque";0;0;0;0;0;0;0;0;0;1;0;1;0;0;0
"05/02/2024";"10:03:00";"180";"Com vítima";"62,300";"BR-050/MG";"Crescente";"Capotamento";1;0;0;0;0;0;0;0;0;0;0;1;0;0;0
"05/02/2024";"12:47:00";"233";"Sem vítima";"192,930";"BR-050/MG";"Crescente";"Colisão traseira";0;0;1;0;0;1;0;0;0;0;2;0;0;0;0
"05/02/2024";"13:29:00";"242";"Sem vítima";"82,600";"BR-050/MG";"Crescente";"Choque";1;0;0;0;0;0;0;0;0;0;1;0;0;0;0
"05/02/2024";"14:26:00";"259";"Sem vítima";"239,850";"BR-050/GO";"Decrescente";"Choque";1;0;0;0;0;0;0;0;0;0;5;0;0;0;0
"05/02/2024";"18:46:00";"329";"Com vítima";"59,000";"BR-050/MG";"Decrescente";"Choque";1;0;0;0;0;0;0;0;0;0;1;2;0;0;0
"05/02/2024";"19:19:00";"341";"Sem vítima";"102,800";"BR-050/GO";"Crescente";"Choque";0;0;0;0;0;1;0;0;0;0;1;0;0;0;0
"05/02/2024";"19:22:00";"342";"Sem vítima";"176,330";"BR-050/MG";"Crescente";"Choque";1;0;0;0;0;0;0;0;0;0;1;0;0;0;0
"06/02/2024";"07:11:00";"80";"Sem vítima";"234,000";"BR-050/GO";"Decrescente";"Choque";1;0;0;0;0;0;0;0;0;0;5;0;0;0;0
"06/02/2024";"16:28:00";"275";"Sem vítima";"198,000";"BR-050/MG";"Crescente";"Colisão traseira";1;0;0;0;0;1;0;0;0;0;4;0;0;0;0
"06/02/2024";"18:08:00";"290";"Sem vítima";"80,900";"BR-050/MG";"Crescente";"Colisão traseira";1;0;0;0;0;1;0;0;0;0;4;0;0;0;0
"06/02/2024";"18:48:00";"302";"Com vítima";"143,600";"BR-050/MG";"Crescente";"Capotamento";0;0;0;0;0;0;0;0;0;1;0;0;1;0;0
"06/02/2024";"22:25:00";"359";"Com vítima";"184,000";"BR-050/MG";"Crescente";"Atropelamento de pedestre";0;0;0;0;0;1;0;0;0;0;1;0;0;0;1
"06/02/2024";"23:42:00";"370";"Sem vítima";"60,500";"BR-050/MG";"Decrescente";"Choque";0;0;0;0;0;0;0;0;0;1;1;0;0;0;0
"07/02/2024";"17:17:00";"284";"Sem vítima";"17,000";"BR-050/MG";"Decrescente";"Choque";1;0;0;0;0;0;0;0;0;0;1;0;0;0;0
"07/02/2024";"20:02:00";"330";"Sem vítima";"59,300";"BR-050/MG";"Crescente";"Colisão traseira";0;0;1;0;0;1;0;0;0;0;2;0;0;0;0
"08/02/2024";"08:31:00";"119";"Com vítima";"55,840";"BR-050/MG";"Crescente";"Capotamento";1;0;0;0;0;0;0;0;0;0;0;1;0;0;0
"08/02/2024";"09:01:00";"142";"Com vítima";"157,500";"BR-050/MG";"Crescente";"Colisão traseira";0;0;1;0;0;0;0;0;0;1;1;1;1;0;0
"08/02/2024";"19:35:00";"361";"Sem vítima";"51,272";"BR-050/MG";"Crescente";"Colisão lateral no mesmo sentido";1;0;0;0;0;1;0;0;0;0;4;0;0;0;0
"08/02/2024";"21:20:00";"388";"Com vítima";"280,400";"BR-050/GO";"Decrescente";"Colisão lateral em sentido contrário";0;0;0;1;0;0;0;0;0;1;1;0;1;0;0
"08/02/2024";"23:32:00";"409";"Com vítima";"176,430";"BR-050/MG";"Crescente";"Atropelamento de pedestre";1;0;0;0;0;0;0;0;0;0;5;0;0;0;1
"09/02/2024";"00:32:00";"6";"Sem vítima";"40,600";"BR-050/MG";"Crescente";"Choque";0;0;0;0;0;0;0;0;0;1;3;0;0;0;0
"09/02/2024";"02:59:00";"25";"Sem vítima";"102,800";"BR-050/GO";"Decrescente";"Choque";0;0;1;0;0;0;0;0;0;0;1;0;0;0;0
"09/02/2024";"12:07:00";"259";"Sem vítima";"161,990";"BR-050/GO";"Decrescente";"Choque";1;0;0;0;0;0;0;0;0;0;1;0;0;0;0
"09/02/2024";"12:25:00";"266";"Sem vítima";"272,000";"BR-050/GO";"Decrescente";"Colisão lateral no mesmo sentido";0;0;0;0;0;1;0;0;0;1;3;0;0;0;0
"09/02/2024";"17:19:00";"363";"Sem vítima";"176,000";"BR-050/MG";"Decrescente";"Colisão traseira";0;0;0;0;0;2;0;0;0;0;2;0;0;0;0
"09/02/2024";"17:26:00";"366";"Sem vítima";"205,700";"BR-050/GO";"Crescente";"Atropelamento de animal";1;0;0;0;0;0;0;0;0;0;3;0;0;0;0
"09/02/2024";"21:42:00";"460";"Sem vítima";"206,000";"BR-050/MG";"Decrescente";"Colisão traseira";1;0;0;0;0;1;0;0;0;0;4;0;0;0;0
"10/02/2024";"01:16:00";"19";"Com vítima";"178,800";"BR-050/MG";"Crescente";"Colisão lateral no mesmo sentido";0;0;0;0;1;0;0;0;0;1;60;2;0;0;0
"10/02/2024";"07:27:00";"74";"Com vítima";"177,320";"BR-050/MG";"Crescente";"Colisão traseira";2;0;0;0;0;0;0;0;0;0;1;0;0;0;1
"10/02/2024";"10:55:00";"172";"Sem vítima";"6,500";"BR-050/MG";"Decrescente";"Choque";0;0;0;0;0;0;0;0;0;1;2;0;0;0;0
"10/02/2024";"10:59:00";"175";"Sem vítima";"192,000";"BR-050/MG";"Crescente";"Engavetamento";3;0;0;0;0;0;0;0;0;0;6;0;0;0;0
"10/02/2024";"12:25:00";"201";"Com vítima";"191,000";"BR-050/MG";"Crescente";"Engavetamento";2;0;1;0;0;2;0;0;0;2;7;0;3;1;0
"10/02/2024";"13:16:00";"216";"Sem vítima";"107,600";"BR-050/MG";"Crescente";"Colisão traseira";1;0;0;0;0;1;0;0;0;0;3;0;0;0;0
"10/02/2024";"15:57:00";"257";"Com vítima";"177,300";"BR-050/MG";"Crescente";"Tombamento";0;0;0;0;0;1;0;0;0;0;0;0;1;0;0
"10/02/2024";"17:36:00";"284";"Sem vítima";"176,300";"BR-050/MG";"Crescente";"Colisão traseira";2;0;0;0;0;0;0;0;0;0;2;0;0;0;0
"10/02/2024";"18:51:00";"302";"Sem vítima";"186,200";"BR-050/MG";"Crescente";"Colisão traseira";0;0;0;0;0;2;0;0;0;0;3;0;0;0;0
"11/02/2024";"07:56:00";"56";"Com vítima";"150,170";"BR-050/MG";"Crescente";"Colisão frontal";1;0;0;0;0;0;0;0;0;1;0;1;1;3;0
"11/02/2024";"11:48:00";"122";"Sem vítima";"299,300";"BR-050/GO";"Crescente";"Choque";1;0;0;0;0;0;0;0;0;0;1;0;0;0;0
"11/02/2024";"13:42:00";"145";"Sem vítima";"191,000";"BR-050/MG";"Crescente";"Choque";1;0;0;0;0;0;0;0;0;0;6;0;0;0;0
"12/02/2024";"08:24:00";"116";"Sem vítima";"154,550";"BR-050/MG";"Crescente";"Choque";1;0;0;0;0;0;0;0;0;0;1;0;0;0;0
"12/02/2024";"13:18:00";"239";"Sem vítima";"51,272";"BR-050/MG";"Crescente";"Colisão traseira";0;0;0;0;0;0;0;0;0;2;3;0;0;0;0
"12/02/2024";"16:25:00";"301";"Sem vítima";"192,050";"BR-050/MG";"Crescente";"Choque";0;0;0;0;0;0;0;0;0;1;1;0;0;0;0
"12/02/2024";"23:30:00";"410";"Com vítima";"100,610";"BR-050/GO";"Crescente";"Atropelamento de animal";0;0;0;0;0;1;0;0;0;0;1;0;0;0;0
"13/02/2024";"00:01:00";"1";"Sem vítima";"260,000";"BR-050/GO";"Crescente";"Choque";0;0;0;0;0;0;0;0;0;1;1;0;0;0;0
"13/02/2024";"03:01:00";"31";"Sem vítima";"25,000";"BR-050/MG";"Crescente";"Choque";0;0;0;0;0;0;0;0;0;1;2;0;0;0;0
"13/02/2024";"06:21:00";"59";"Com vítima";"44,340";"BR-050/MG";"Decrescente";"Capotamento";1;0;0;0;0;0;0;0;0;0;0;1;0;0;0
"13/02/2024";"19:59:00";"370";"Com vítima";"179,350";"BR-050/MG";"Crescente";"Colisão traseira";2;0;0;0;0;0;0;0;0;0;0;5;0;0;0
"14/02/2024";"06:49:00";"77";"Sem vítima";"276,000";"BR-050/GO";"Decrescente";"Capotamento";1;0;0;0;0;0;0;0;0;0;1;0;0;0;0
"14/02/2024";"14:55:00";"279";"Sem vítima";"297,000";"BR-050/GO";"Decrescente";"Tombamento";0;0;0;0;0;1;0;0;0;0;1;0;0;0;0
"15/02/2024";"09:01:00";"137";"Sem vítima";"96,100";"BR-050/GO";"Decrescente";"Colisão transversal";0;0;0;0;0;0;0;0;0;2;2;0;0;0;0
"16/02/2024";"02:36:00";"15";"Sem vítima";"180,000";"BR-050/MG";"Crescente";"Choque";0;0;0;0;0;0;0;0;0;1;1;0;0;0;0
"16/02/2024";"12:37:00";"239";"Com vítima";"54,200";"BR-050/MG";"Crescente";"Tombamento";0;0;0;0;0;1;0;0;0;0;0;1;0;0;0
"16/02/2024";"15:29:00";"293";"Sem vítima";"13,800";"BR-050/MG";"Decrescente";"Colisão traseira";1;0;1;0;0;0;0;0;0;0;2;0;0;0;0
"16/02/2024";"19:32:00";"382";"Sem vítima";"171,000";"BR-050/MG";"Crescente";"Queda de moto";0;0;0;1;0;0;0;0;0;0;1;0;0;0;0
"17/02/2024";"06:28:00";"49";"Com vítima";"13,300";"Contorno ";"Crescente";"Atropelamento de animal";1;0;0;0;0;0;0;0;0;0;0;0;1;0;0
"17/02/2024";"07:12:00";"71";"Com vítima";"17,090";"BR-050/MG";"Decrescente";"Queda de moto";0;0;0;1;0;0;0;0;0;0;0;0;1;0;0
"17/02/2024";"14:27:00";"241";"Sem vítima";"260,020";"BR-050/GO";"Decrescente";"Choque";1;0;0;0;0;0;0;0;0;0;1;0;0;0;0
"17/02/2024";"22:21:00";"367";"Sem vítima";"77,300";"BR-050/MG";"Decrescente";"Colisão traseira";0;0;1;0;0;0;0;0;0;1;2;0;0;0;0
"18/02/2024";"21:16:00";"240";"Sem vítima";"35,900";"BR-050/MG";"Decrescente";"Choque";1;0;0;0;0;0;0;0;0;0;2;0;0;0;0
"18/02/2024";"21:23:00";"241";"Com vítima";"210,700";"BR-050/GO";"Decrescente";"Colisão lateral no mesmo sentido";1;0;0;0;0;1;0;0;0;0;1;0;1;0;0
"19/02/2024";"04:31:00";"19";"Sem vítima";"81,700";"BR-050/MG";"Decrescente";"Choque";1;0;0;0;0;0;0;0;0;0;2;0;0;0;0
"19/02/2024";"17:22:00";"265";"Sem vítima";"59,510";"BR-050/MG";"Decrescente";"Choque";1;0;0;0;0;0;0;0;0;0;5;0;0;0;0
"19/02/2024";"19:17:00";"291";"Sem vítima";"97,800";"BR-050/GO";"Crescente";"Colisão transversal";1;0;0;0;0;1;0;0;0;0;3;0;0;0;0
"20/02/2024";"07:36:00";"86";"Com vítima";"180,102";"BR-050/MG";"Crescente";"Colisão lateral no mesmo sentido";0;0;0;1;0;1;0;0;0;0;1;1;0;0;0
"20/02/2024";"08:24:00";"124";"Sem vítima";"174,000";"BR-050/MG";"Crescente";"Choque";1;0;0;0;0;0;0;0;0;0;1;0;0;0;0
"20/02/2024";"08:47:00";"138";"Sem vítima";"96,200";"BR-050/MG";"Crescente";"Tombamento";0;0;1;0;0;0;0;0;0;0;1;0;0;0;0
"20/02/2024";"11:47:00";"208";"Com vítima";"148,350";"BR-050/MG";"Crescente";"Choque";0;0;1;0;0;0;0;0;0;0;0;2;0;0;0
"20/02/2024";"14:59:00";"278";"Sem vítima";"44,420";"BR-050/MG";"Decrescente";"Choque";1;0;1;0;0;0;0;0;0;0;3;0;0;0;0
"20/02/2024";"16:20:00";"315";"Sem vítima";"53,700";"BR-050/MG";"Decrescente";"Colisão traseira";1;0;0;0;0;0;0;0;0;1;2;0;0;0;0
"20/02/2024";"18:49:00";"366";"Com vítima";"174,000";"BR-050/MG";"Decrescente";"Queda de moto";0;0;0;1;0;0;0;0;0;0;0;1;0;0;0
"21/02/2024";"15:49:00";"302";"Sem vítima";"19,006";"BR-050/MG";"Crescente";"Choque";1;0;0;0;0;0;0;0;0;0;1;0;0;0;0
"21/02/2024";"18:21:00";"356";"Sem vítima";"188,000";"BR-050/MG";"Crescente";"Colisão lateral no mesmo sentido";0;0;0;0;0;2;0;0;0;0;3;0;0;0;0
"21/02/2024";"20:01:00";"374";"Com vítima";"12,000";"Contorno ";"Decrescente";"Queda de moto";0;0;0;1;0;0;0;0;0;0;0;0;1;0;0
"22/02/2024";"01:37:00";"10";"Sem vítima";"205,500";"BR-050/MG";"Crescente";"Atropelamento de animal";0;0;1;0;0;0;0;0;0;0;1;0;0;0;0
"22/02/2024";"02:03:00";"14";"Sem vítima";"206,600";"BR-050/MG";"Crescente";"Atropelamento de animal";0;0;0;0;0;1;0;0;0;0;2;0;0;0;0
"22/02/2024";"09:07:00";"127";"Sem vítima";"105,000";"BR-050/MG";"Decrescente";"Colisão traseira";0;0;0;0;2;0;0;0;0;0;2;0;0;0;0
"22/02/2024";"12:20:00";"190";"Sem vítima";"192,800";"BR-050/MG";"Decrescente";"Choque";1;0;0;0;0;0;0;0;0;0;2;0;0;0;0
"22/02/2024";"14:32:00";"223";"Sem vítima";"190,000";"BR-050/MG";"Crescente";"Colisão traseira";0;0;1;0;0;1;0;0;0;0;2;0;0;0;0
"22/02/2024";"15:07:00";"232";"Sem vítima";"190,000";"BR-050/MG";"Crescente";"Choque";1;0;0;0;0;1;0;0;0;0;2;0;0;0;0
"22/02/2024";"19:53:00";"314";"Sem vítima";"279,800";"BR-050/GO";"Decrescente";"Colisão lateral no mesmo sentido";1;0;0;0;0;1;0;0;0;0;3;0;0;0;0
"22/02/2024";"20:45:00";"334";"Com vítima";"36,000";"BR-050/MG";"Crescente";"Queda de moto";0;0;0;1;0;0;0;0;0;0;0;0;1;0;0
"22/02/2024";"23:45:00";"356";"Sem vítima";"278,900";"BR-050/GO";"Decrescente";"Choque";1;0;0;0;0;0;0;0;0;0;2;0;0;0;0
"23/02/2024";"00:05:00";"1";"Com vítima";"188,100";"BR-050/MG";"Decrescente";"Colisão traseira";0;0;1;0;0;1;0;0;0;0;2;0;1;0;0
"23/02/2024";"05:49:00";"19";"Com vítima";"205,700";"BR-050/GO";"Decrescente";"Tombamento";0;0;1;0;0;0;0;0;0;0;0;1;0;0;0
"23/02/2024";"07:52:00";"96";"Sem vítima";"137,700";"BR-050/GO";"Crescente";"Queda de moto";0;0;0;1;0;0;0;0;0;0;2;0;0;0;0
"23/02/2024";"07:54:00";"98";"Sem vítima";"269,000";"BR-050/GO";"Decrescente";"Capotamento";0;0;0;0;0;0;0;0;0;1;2;0;0;0;0
"23/02/2024";"09:01:00";"138";"Com vítima";"147,500";"BR-050/GO";"Decrescente";"Colisão traseira";0;0;1;0;0;1;0;0;0;0;1;0;0;0;1
"23/02/2024";"10:35:00";"170";"Sem vítima";"115,000";"BR-050/GO";"Crescente";"Colisão traseira";0;0;1;0;0;0;0;0;0;1;4;0;0;0;0
"23/02/2024";"11:23:00";"187";"Com vítima";"250,500";"BR-050/GO";"Decrescente";"Colisão traseira";0;0;0;0;0;0;0;0;0;2;1;0;1;0;0
"23/02/2024";"12:54:00";"206";"Com vítima";"197,000";"BR-050/GO";"Crescente";"Capotamento";1;0;0;0;0;0;0;0;0;0;0;0;2;0;0
"23/02/2024";"22:18:00";"339";"Sem vítima";"188,200";"BR-050/MG";"Crescente";"Tombamento";0;0;1;0;0;0;0;0;0;0;3;0;0;0;0
"24/02/2024";"08:14:00";"115";"Sem vítima";"0,540";"BR-050/MG";"Decrescente";"Colisão lateral no mesmo sentido";0;0;0;2;0;0;0;0;0;0;2;0;0;0;0
"24/02/2024";"13:27:00";"237";"Com vítima";"50,800";"BR-050/MG";"Crescente";"Capotamento";1;0;0;0;0;0;0;0;0;0;0;0;1;0;0
"25/02/2024";"02:50:00";"18";"Sem vítima";"172,600";"BR-050/MG";"Decrescente";"Choque";1;0;0;0;0;0;0;0;0;0;1;0;0;0;0
"25/02/2024";"15:21:00";"229";"Sem vítima";"38,820";"BR-050/MG";"Crescente";"Choque";1;0;0;0;0;0;0;0;0;0;2;0;0;0;0
"25/02/2024";"17:15:00";"266";"Com vítima";"29,000";"BR-050/MG";"Crescente";"Capotamento";1;0;0;0;0;0;0;0;0;0;2;3;0;0;0
"26/02/2024";"04:41:00";"22";"Com vítima";"173,400";"BR-050/GO";"Crescente";"Tombamento";0;0;0;0;0;1;0;0;0;0;0;0;1;0;0
"26/02/2024";"08:37:00";"114";"Com vítima";"172,950";"BR-050/MG";"Crescente";"Queda de moto";0;0;0;1;0;0;0;0;0;0;0;1;0;0;0
"26/02/2024";"12:38:00";"207";"Com vítima";"204,600";"BR-050/MG";"Decrescente";"Choque";1;0;0;0;0;0;0;0;0;0;2;1;0;0;0
"26/02/2024";"15:45:00";"248";"Com vítima";"163,970";"BR-050/MG";"Decrescente";"Queda de bicicleta";0;1;1;0;0;0;0;0;0;0;1;0;0;0;0
"26/02/2024";"18:52:00";"305";"Com vítima";"193,500";"BR-050/MG";"Crescente";"Queda de moto";0;0;0;1;0;0;0;0;0;0;0;1;0;0;0
"26/02/2024";"22:55:00";"355";"Com vítima";"149,300";"BR-050/GO";"Decrescente";"Atropelamento de animal";1;0;0;0;0;0;0;0;0;0;0;1;0;0;0
"27/02/2024";"04:46:00";"15";"Com vítima";"180,050";"BR-050/GO";"Crescente";"Tombamento";0;0;0;0;0;1;0;0;0;0;0;0;1;0;0
"27/02/2024";"11:01:00";"190";"Sem vítima";"112,200";"BR-050/MG";"Crescente";"Choque";1;0;0;0;0;0;0;0;0;0;1;0;0;0;0
"27/02/2024";"21:25:00";"363";"Sem vítima";"219,700";"BR-050/GO";"Crescente";"Tombamento";0;0;0;0;0;0;0;0;0;1;1;0;0;0;0
"28/02/2024";"07:56:00";"116";"Com vítima";"175,310";"BR-050/MG";"Decrescente";"Colisão traseira";0;0;1;0;0;1;0;0;0;0;2;1;0;0;0
"28/02/2024";"08:42:00";"155";"Sem vítima";"103,300";"BR-050/GO";"Decrescente";"Choque";1;0;0;0;0;0;0;0;0;0;1;0;0;0;0
"28/02/2024";"10:10:00";"211";"Sem vítima";"31,959";"BR-050/MG";"Decrescente";"Choque";0;0;0;0;0;1;0;0;0;0;1;0;0;0;0
"28/02/2024";"12:19:00";"290";"Com vítima";"284,600";"BR-050/GO";"Decrescente";"Choque";0;0;1;0;0;0;0;0;0;0;0;1;0;0;0
"28/02/2024";"16:00:00";"364";"Com vítima";"206,400";"BR-050/MG";"Crescente";"Colisão traseira";1;0;0;0;0;1;0;0;0;0;3;1;0;0;0
"28/02/2024";"17:56:00";"400";"Com vítima";"46,500";"BR-050/MG";"Decrescente";"Colisão transversal";1;0;0;0;0;0;0;0;0;1;2;1;0;0;0
"28/02/2024";"20:28:00";"449";"Sem vítima";"17,700";"Contorno ";"Crescente";"Colisão traseira";1;0;0;0;0;0;0;0;0;1;2;0;0;0;0
"29/02/2024";"06:03:00";"47";"Com vítima";"131,800";"BR-050/MG";"Decrescente";"Colisão traseira";0;0;2;0;0;0;0;0;0;0;1;0;0;2;0
"29/02/2024";"13:07:00";"295";"Com vítima";"1,075";"BR-050/MG";"Crescente";"Capotamento";1;0;0;0;0;0;0;0;0;0;0;1;0;0;0
"29/02/2024";"19:34:00";"441";"Com vítima";"177,700";"BR-050/MG";"Decrescente";"Colisão traseira";1;0;0;1;0;0;0;0;0;0;3;0;1;0;0
"01/03/2024";"05:45:00";"36";"Sem vítima";"264,900";"BR-050/GO";"Decrescente";"Choque";0;0;0;0;0;0;0;0;0;1;2;0;0;0;0
"01/03/2024";"06:10:00";"41";"Sem vítima";"86,000";"BR-050/MG";"Crescente";"Colisão lateral no mesmo sentido";0;0;1;0;0;1;0;0;0;0;3;0;0;0;0
"01/03/2024";"07:08:00";"68";"Sem vítima";"0,340";"BR-050/MG";"Crescente";"Choque";1;0;0;0;0;0;0;0;0;0;1;0;0;0;0
"01/03/2024";"08:41:00";"132";"Sem vítima";"116,300";"BR-050/GO";"Crescente";"Colisão traseira";0;0;1;0;0;0;0;0;0;1;2;0;0;0;0
"01/03/2024";"14:56:00";"261";"Sem vítima";"178,950";"BR-050/MG";"Decrescente";"Tombamento";0;0;1;0;0;0;0;0;0;0;1;0;0;0;0
"01/03/2024";"16:11:00";"286";"Com vítima";"148,000";"BR-050/MG";"Crescente";"Choque";1;0;0;0;0;0;0;0;0;0;3;1;0;0;0
"01/03/2024";"17:16:00";"306";"Sem vítima";"180,000";"BR-050/MG";"Decrescente";"Engavetamento";0;0;0;0;0;1;0;0;0;0;3;0;0;0;0
"01/03/2024";"18:53:00";"338";"Sem vítima";"47,300";"BR-050/MG";"Crescente";"Queda de moto";0;0;0;1;0;0;0;0;0;0;1;0;0;0;0
"01/03/2024";"18:54:00";"339";"Sem vítima";"16,070";"BR-050/MG";"Decrescente";"Choque";1;0;0;0;0;0;0;0;0;0;3;0;0;0;0
"01/03/2024";"19:15:00";"350";"Com vítima";"195,000";"BR-050/MG";"Crescente";"Colisão lateral no mesmo sentido";1;0;1;0;0;1;0;0;0;0;1;1;1;0;0
"01/03/2024";"19:43:00";"363";"Sem vítima";"173,000";"BR-050/MG";"Crescente";"Choque";1;0;0;0;0;0;0;0;0;0;1;0;0;0;0
"02/03/2024";"00:45:00";"7";"Sem vítima";"96,000";"BR-050/MG";"Decrescente";"Colisão traseira";0;0;2;0;0;0;0;0;0;0;3;0;0;0;0
"02/03/2024";"01:24:00";"13";"Sem vítima";"210,200";"BR-050/GO";"Crescente";"Choque";1;0;0;0;0;1;0;0;0;0;2;0;0;0;0
"02/03/2024";"08:12:00";"90";"Com vítima";"194,950";"BR-050/MG";"Crescente";"Colisão traseira";2;0;0;0;0;0;0;0;0;0;2;2;0;0;0
"02/03/2024";"14:07:00";"199";"Com vítima";"197,000";"BR-050/GO";"Decrescente";"Capotamento";1;0;0;0;0;0;0;0;0;0;0;0;0;1;2
"03/03/2024";"12:39:00";"203";"Sem vítima";"2,440";"BR-050/MG";"Decrescente";"Choque";1;0;0;0;0;0;0;0;0;0;3;0;0;0;0
"04/03/2024";"02:49:00";"13";"Com vítima";"203,340";"BR-050/MG";"Decrescente";"Capotamento";0;0;0;0;0;0;0;0;0;1;0;1;0;0;0
"04/03/2024";"06:54:00";"67";"Sem vítima";"279,000";"BR-050/GO";"Decrescente";"Choque";0;0;0;0;0;0;0;0;0;1;1;0;0;0;0
"04/03/2024";"11:48:00";"229";"Com vítima";"98,000";"BR-050/GO";"Decrescente";"Colisão transversal";0;0;0;1;0;0;0;0;0;1;1;1;0;0;0
"04/03/2024";"19:03:00";"359";"Com vítima";"203,200";"BR-050/GO";"Decrescente";"Atropelamento de animal";1;0;0;0;0;0;0;0;0;0;3;1;0;0;0
"05/03/2024";"22:17:00";"335";"Com vítima";"59,400";"BR-050/MG";"Decrescente";"Atropelamento de animal";1;0;0;0;0;0;0;0;0;0;2;0;0;0;0
"06/03/2024";"09:00:00";"138";"Com vítima";"176,100";"BR-050/MG";"Decrescente";"Colisão traseira";0;0;0;1;0;0;0;0;0;1;2;1;0;0;0
"06/03/2024";"12:28:00";"223";"Com vítima";"194,600";"BR-050/MG";"Crescente";"Tombamento";0;0;1;0;0;0;0;0;0;0;0;1;0;0;0
"06/03/2024";"12:35:00";"224";"Sem vítima";"194,300";"BR-050/MG";"Crescente";"Colisão traseira";0;0;2;0;0;0;0;0;0;0;3;0;0;0;0
"06/03/2024";"18:41:00";"300";"Com vítima";"28,000";"BR-050/MG";"Crescente";"Tombamento";0;0;0;0;0;2;0;0;0;0;0;1;0;0;0
"06/03/2024";"18:56:00";"303";"Sem vítima";"175,500";"BR-050/MG";"Decrescente";"Colisão traseira";1;0;0;0;0;0;0;0;0;1;2;0;0;0;0
"06/03/2024";"22:20:00";"347";"Com vítima";"119,050";"BR-050/MG";"Decrescente";"Colisão transversal";1;0;0;0;0;1;0;0;0;0;1;1;0;0;0
"07/03/2024";"05:55:00";"31";"Sem vítima";"55,800";"BR-050/MG";"Crescente";"Choque";0;0;0;0;0;0;0;0;0;1;1;0;0;0;0
"07/03/2024";"14:08:00";"248";"Sem vítima";"165,000";"BR-050/MG";"Crescente";"Tombamento";0;0;0;0;0;0;0;0;0;1;1;0;0;0;0
"07/03/2024";"14:33:00";"257";"Sem vítima";"165,000";"BR-050/MG";"Crescente";"Colisão traseira";1;0;0;0;0;1;0;0;0;0;4;0;0;0;0
"07/03/2024";"15:44:00";"278";"Com vítima";"155,705";"BR-050/MG";"Crescente";"Choque";0;0;1;0;0;0;0;0;0;1;3;0;1;0;0
"07/03/2024";"16:35:00";"285";"Sem vítima";"187,950";"BR-050/MG";"Crescente";"Choque";0;0;0;0;0;0;0;0;0;1;1;0;0;0;0
"07/03/2024";"16:51:00";"289";"Sem vítima";"115,190";"BR-050/MG";"Decrescente";"Tombamento";0;0;1;0;0;0;0;0;0;0;2;0;0;0;0
"07/03/2024";"17:06:00";"293";"Sem vítima";"115,150";"BR-050/MG";"Decrescente";"Choque";0;0;0;0;0;1;0;0;0;0;1;0;0;0;0
"07/03/2024";"17:06:00";"294";"Sem vítima";"115,250";"BR-050/MG";"Decrescente";"Choque";0;0;1;0;0;0;0;0;0;0;5;0;0;0;0
"07/03/2024";"17:06:00";"297";"Sem vítima";"115,300";"BR-050/MG";"Decrescente";"Choque";0;0;1;0;0;0;0;0;0;0;1;0;0;0;0
"07/03/2024";"18:36:00";"317";"Com vítima";"134,100";"BR-050/MG";"Crescente";"Tombamento";0;0;1;0;0;0;0;0;0;0;0;3;0;0;0
"07/03/2024";"23:17:00";"378";"Sem vítima";"112,800";"BR-050/MG";"Crescente";"Tombamento";0;0;1;0;0;0;0;0;0;0;1;0;0;0;0
"08/03/2024";"01:44:00";"12";"Com vítima";"13,000";"Contorno ";"Decrescente";"Atropelamento de animal";0;0;0;1;0;0;0;0;0;0;0;0;1;0;0
"08/03/2024";"06:05:00";"37";"Sem vítima";"196,100";"BR-050/GO";"Crescente";"Choque";1;0;0;0;0;0;0;0;0;0;2;0;0;0;0