data;horario;n_da_ocorrencia;tipo_de_ocorrencia;km;trecho;sentido;tipo_de_acidente;automovel;bicicleta;caminhao;moto;onibus;outros;tracao_animal;transporte_de_cargas_especiais;trator_maquinas;utilitarios;ilesos;levemente_feridos;moderadamente_feridos;gravemente_feridos;mortos
"15/05/2024";"23:57:00";"417";"Sem vítima";"62,700";"BR-050/MG";"Crescente";"Tombamento";0;0;0;0;0;1;0;0;0;0;1;0;0;0;0
"16/05/2024";"02:34:00";"13";"Sem vítima";"103,000";"BR-050/GO";"Crescente";"Choque";0;0;0;0;0;0;0;0;0;1;2;0;0;0;0
"16/05/2024";"06:55:00";"55";"Sem vítima";"17,750";"BR-050/MG";"Decrescente";"Choque";0;0;0;0;0;0;0;0;0;1;1;0;0;0;0
"16/05/2024";"18:39:00";"357";"Com vítima";"186,300";"BR-050/MG";"Crescente";"Queda de moto";0;0;0;1;0;0;0;0;0;0;0;1;0;0;0
"16/05/2024";"21:09:00";"387";"Com vítima";"56,600";"BR-050/MG";"Crescente";"Colisão traseira";0;0;1;0;0;0;0;0;0;1;1;0;1;0;0
"16/05/2024";"22:01:00";"396";"Sem vítima";"56,600";"BR-050/MG";"Crescente";"Choque";1;0;0;0;0;0;0;0;0;0;5;0;0;0;0
"17/05/2024";"06:45:00";"40";"Com vítima";"118,500";"BR-050/MG";"Decrescente";"Tombamento";1;0;0;0;0;0;0;0;0;0;1;1;0;0;0
"17/05/2024";"10:46:00";"191";"Com vítima";"0,220";"BR-050/MG";"Crescente";"Tombamento";0;0;0;0;0;1;0;0;0;0;0;1;0;0;0
"17/05/2024";"18:24:00";"305";"Sem vítima";"27,960";"BR-050/MG";"Crescente";"Choque";0;0;0;0;0;1;0;0;0;0;1;0;0;0;0
"17/05/2024";"21:14:00";"347";"Com vítima";"2,300";"BR-050/MG";"Crescente";"Colisão traseira";0;0;0;0;0;1;0;0;0;1;1;1;0;0;0
"17/05/2024";"23:44:00";"372";"Com vítima";"22,300";"BR-050/MG";"Crescente";"Colisão traseira";0;0;0;1;0;1;0;0;0;0;1;0;0;0;1
"18/05/2024";"07:04:00";"50";"Sem vítima";"177,700";"BR-050/MG";"Decrescente";"Colisão lateral no mesmo sentido";1;0;0;0;0;2;0;0;0;0;2;0;0;0;0
"18/05/2024";"12:41:00";"173";"Sem vítima";"177,700";"BR-050/MG";"Crescente";"Queda de moto";0;0;0;1;0;0;0;0;0;0;1;0;0;0;0
"18/05/2024";"15:01:00";"211";"Com vítima";"113,280";"BR-050/MG";"Crescente";"Choque";1;0;0;0;0;0;0;0;0;0;1;1;0;0;0
"19/05/2024";"14:05:00";"185";"Sem vítima";"198,060";"BR-050/MG";"Decrescente";"Colisão traseira";0;0;1;0;0;0;0;0;0;1;4;0;0;0;0
"20/05/2024";"04:48:00";"17";"Sem vítima";"19,000";"Contorno ";"Crescente";"Atropelamento de animal";1;0;0;0;0;0;0;0;0;0;1;0;0;0;0
"20/05/2024";"04:58:00";"19";"Sem vítima";"19,000";"Contorno ";"Crescente";"Choque";1;0;0;0;0;0;0;0;0;0;2;0;0;0;0
"20/05/2024";"07:32:00";"73";"Sem vítima";"177,000";"BR-050/MG";"Crescente";"Engavetamento";3;0;0;0;0;0;0;0;0;0;6;0;0;0;0
"20/05/2024";"17:40:00";"281";"Sem vítima";"46,180";"BR-050/MG";"Decrescente";"Choque";1;0;0;0;0;0;0;0;0;0;4;0;0;0;0
"21/05/2024";"07:20:00";"83";"Com vítima";"139,000";"BR-050/MG";"Decrescente";"Capotamento";1;0;0;0;0;0;0;0;0;0;0;1;0;0;0
"21/05/2024";"07:37:00";"98";"Com vítima";"177,000";"BR-050/MG";"Decrescente";"Engavetamento";2;0;0;1;0;0;0;0;0;1;4;1;0;0;0
"21/05/2024";"15:16:00";"264";"Sem vítima";"198,000";"BR-050/MG";"Decrescente";"Colisão traseira";0;0;0;0;0;1;0;0;0;1;2;0;0;0;0
"22/05/2024";"07:18:00";"74";"Sem vítima";"280,500";"BR-050/GO";"Decrescente";"Colisão traseira";1;0;1;0;0;0;0;0;0;0;2;0;0;0;0
"22/05/2024";"20:55:00";"415";"Com vítima";"2,700";"BR-050/MG";"Crescente";"Colisão traseira";0;0;0;0;0;2;0;0;0;0;1;1;0;0;0
"22/05/2024";"22:38:00";"434";"Sem vítima";"84,000";"BR-050/MG";"Decrescente";"Capotamento";1;0;0;0;0;0;0;0;0;0;1;0;0;0;0
"23/05/2024";"03:01:00";"20";"Sem vítima";"203,700";"BR-050/MG";"Decrescente";"Colisão lateral no mesmo sentido";0;0;0;0;1;1;0;0;0;0;45;0;0;0;0
"23/05/2024";"15:56:00";"300";"Sem vítima";"38,700";"BR-050/MG";"Decrescente";"Tombamento";0;0;0;0;0;0;0;0;0;1;1;0;0;0;0
"23/05/2024";"23:02:00";"404";"Sem vítima";"279,900";"BR-050/GO";"Decrescente";"Choque";1;0;0;0;0;0;0;0;0;0;3;0;0;0;0
"24/05/2024";"06:57:00";"51";"Sem vítima";"97,500";"BR-050/GO";"Decrescente";"Choque";1;0;0;0;0;0;0;0;0;0;2;0;0;0;0
"24/05/2024";"15:40:00";"225";"Sem vítima";"197,840";"BR-050/MG";"Decrescente";"Colisão traseira";0;0;0;0;0;1;0;0;0;0;4;0;0;0;0
"24/05/2024";"18:12:00";"264";"Sem vítima";"285,000";"BR-050/GO";"Crescente";"Queda de moto";0;0;0;1;0;0;0;0;0;0;1;0;0;0;0
"25/05/2024";"02:22:00";"9";"Com vítima";"275,000";"BR-050/GO";"Decrescente";"Queda de moto";0;0;0;1;0;0;0;0;0;0;0;0;2;0;0
"25/05/2024";"13:43:00";"168";"Sem vítima";"193,000";"BR-050/MG";"Crescente";"Colisão traseira";1;0;0;0;0;0;0;0;0;1;3;0;0;0;0
"25/05/2024";"23:39:00";"300";"Com vítima";"31,000";"BR-050/MG";"Decrescente";"Tombamento";0;0;1;0;0;0;0;0;0;0;0;1;0;0;0
"26/05/2024";"01:34:00";"10";"Com vítima";"169,000";"BR-050/MG";"Crescente";"Colisão traseira";0;0;0;0;1;1;0;0;0;0;34;2;7;0;0
"26/05/2024";"16:57:00";"211";"Sem vítima";"197,250";"BR-050/MG";"Decrescente";"Choque";1;0;0;0;0;0;0;0;0;0;3;0;0;0;0
"26/05/2024";"17:14:00";"216";"Com vítima";"306,000";"BR-050/GO";"Crescente";"Tombamento";0;0;0;0;0;1;0;0;0;0;0;1;0;0;0
"26/05/2024";"17:37:00";"228";"Com vítima";"177,950";"BR-050/MG";"Crescente";"Colisão traseira";1;0;0;0;0;1;0;0;0;0;1;0;0;1;0
"26/05/2024";"19:04:00";"248";"Sem vítima";"270,000";"BR-050/GO";"Crescente";"Atropelamento de animal";0;0;0;0;0;0;0;0;0;1;1;0;0;0;0
"27/05/2024";"12:45:00";"221";"Com vítima";"116,250";"BR-050/GO";"Decrescente";"Capotamento";1;0;0;0;0;0;0;0;0;0;0;2;2;1;0
"27/05/2024";"17:39:00";"330";"Sem vítima";"49,650";"BR-050/MG";"Crescente";"Choque";0;0;0;0;0;0;0;0;0;1;1;0;0;0;0
"29/05/2024";"02:56:00";"15";"Com vítima";"55,300";"BR-050/MG";"Crescente";"Atropelamento de animal";1;0;0;0;0;0;0;0;0;0;1;0;0;0;0
"29/05/2024";"10:35:00";"184";"Sem vítima";"151,300";"BR-050/MG";"Decrescente";"Colisão lateral no mesmo sentido";0;0;1;0;0;0;0;0;0;1;3;0;0;0;0
"29/05/2024";"15:41:00";"267";"Sem vítima";"279,000";"BR-050/GO";"Decrescente";"Colisão transversal";1;0;0;0;0;0;0;0;0;1;6;0;0;0;0
"30/05/2024";"10:24:00";"196";"Sem vítima";"52,850";"BR-050/MG";"Decrescente";"Choque";0;0;0;0;0;0;0;0;0;1;1;0;0;0;0
"30/05/2024";"15:19:00";"337";"Com vítima";"21,900";"BR-050/MG";"Crescente";"Queda de moto";0;0;0;1;0;0;0;0;0;0;0;0;1;0;0
"31/05/2024";"00:06:00";"1";"Sem vítima";"54,300";"BR-050/MG";"Decrescente";"Choque";0;0;1;0;0;0;0;0;0;0;1;0;0;0;0
"31/05/2024";"06:35:00";"44";"Com vítima";"21,800";"BR-050/MG";"Crescente";"Capotamento";1;0;0;0;0;0;0;0;0;0;1;0;1;0;0
"31/05/2024";"15:57:00";"226";"Sem vítima";"143,985";"BR-050/GO";"Decrescente";"Choque";0;0;0;0;0;1;0;0;0;0;1;0;0;0;0
"01/06/2024";"03:07:00";"22";"Sem vítima";"273,000";"BR-050/GO";"Crescente";"Choque";1;0;0;0;0;0;0;0;0;0;2;0;0;0;0
"01/06/2024";"05:01:00";"39";"Sem vítima";"257,950";"BR-050/GO";"Crescente";"Capotamento";1;0;0;0;0;0;0;0;0;0;2;0;0;0;0
"01/06/2024";"06:32:00";"49";"Com vítima";"105,500";"BR-050/MG";"Decrescente";"Capotamento";0;0;0;0;0;0;0;0;0;1;0;0;1;2;0
"01/06/2024";"08:29:00";"93";"Sem vítima";"179,900";"BR-050/MG";"Crescente";"Choque";1;0;0;0;0;0;0;0;0;0;3;0;0;0;0
"01/06/2024";"16:16:00";"214";"Sem vítima";"197,800";"BR-050/MG";"Crescente";"Colisão traseira";0;0;1;0;0;0;0;0;0;1;3;0;0;0;0
"01/06/2024";"18:37:00";"238";"Sem vítima";"146,000";"BR-050/MG";"Crescente";"Choque";1;0;0;0;0;0;0;0;0;0;1;0;0;0;0
"01/06/2024";"19:36:00";"254";"Com vítima";"179,995";"BR-050/MG";"Crescente";"Choque";0;0;0;1;0;0;0;0;0;0;0;1;0;0;0
"02/06/2024";"05:22:00";"24";"Com vítima";"80,900";"BR-050/MG";"Decrescente";"Capotamento";1;0;0;0;0;0;0;0;0;0;1;2;0;0;0
"02/06/2024";"18:36:00";"206";"Sem vítima";"12,700";"Contorno ";"Decrescente";"Colisão traseira";1;0;0;0;0;0;0;0;0;1;7;0;0;0;0
"03/06/2024";"11:16:00";"200";"Sem vítima";"165,700";"BR-050/GO";"Crescente";"Choque";1;0;0;0;0;0;0;0;0;0;2;0;0;0;0
"03/06/2024";"16:36:00";"283";"Com vítima";"176,800";"BR-050/MG";"Crescente";"Queda de moto";0;0;0;1;0;0;0;0;0;0;0;1;0;0;0
"03/06/2024";"20:41:00";"337";"Com vítima";"150,300";"BR-050/GO";"Crescente";"Capotamento";1;0;0;0;0;0;0;0;0;0;0;1;0;0;0
"04/06/2024";"07:17:00";"73";"Com vítima";"77,700";"BR-050/MG";"Decrescente";"Colisão lateral no mesmo sentido";0;0;0;1;0;0;0;0;0;0;0;1;0;0;0
"04/06/2024";"15:37:00";"282";"Com vítima";"262,000";"BR-050/GO";"Crescente";"Queda de moto";0;0;0;1;0;0;0;0;0;0;0;1;0;0;0
"04/06/2024";"16:23:00";"292";"Com vítima";"32,600";"BR-050/MG";"Decrescente";"Queda de moto";0;0;0;1;0;0;0;0;0;0;0;0;1;0;0
"05/06/2024";"09:10:00";"112";"Sem vítima";"108,500";"BR-050/MG";"Decrescente";"Colisão lateral em sentido contrário";1;0;0;0;0;0;0;0;0;0;1;0;0;0;0
"05/06/2024";"09:57:00";"142";"Sem vítima";"32,200";"BR-050/MG";"Crescente";"Colisão traseira";0;0;0;0;0;1;0;0;0;1;2;0;0;0;0
"05/06/2024";"10:28:00";"154";"Sem vítima";"211,300";"BR-050/GO";"Crescente";"Colisão lateral no mesmo sentido";1;0;1;0;0;0;0;0;0;0;2;0;0;0;0
"05/06/2024";"14:04:00";"229";"Sem vítima";"198,000";"BR-050/MG";"Decrescente";"Colisão traseira";1;0;0;1;0;0;0;0;0;0;2;0;0;0;0
"06/06/2024";"04:39:00";"29";"Sem vítima";"163,000";"BR-050/GO";"Decrescente";"Colisão lateral no mesmo sentido";0;0;0;0;1;1;0;0;0;0;18;0;0;0;0
"06/06/2024";"14:08:00";"241";"Com vítima";"272,250";"BR-050/GO";"Crescente";"Atropelamento de animal";1;0;0;0;0;0;0;0;0;0;1;0;0;0;0
"06/06/2024";"16:36:00";"288";"Sem vítima";"199,000";"BR-050/MG";"Decrescente";"Colisão traseira";0;0;1;0;0;1;0;0;0;0;2;0;0;0;0
"06/06/2024";"17:41:00";"318";"Sem vítima";"139,000";"BR-050/MG";"Decrescente";"Colisão traseira";1;0;1;0;0;0;0;0;0;0;6;0;0;0;0
"06/06/2024";"18:46:00";"336";"Com vítima";"106,000";"BR-050/GO";"Decrescente";"Choque";1;0;0;0;0;0;0;0;0;0;1;0;1;0;0
"06/06/2024";"19:02:00";"344";"Sem vítima";"79,400";"BR-050/MG";"Crescente";"Colisão lateral no mesmo sentido";0;0;0;0;0;1;0;0;0;1;3;0;0;0;0
"07/06/2024";"08:44:00";"131";"Sem vítima";"21,900";"BR-050/MG";"Decrescente";"Choque";1;0;0;0;0;0;0;0;0;0;1;0;0;0;0
"07/06/2024";"10:52:00";"196";"Com vítima";"97,200";"BR-050/GO";"Crescente";"Queda de moto";0;0;0;1;0;0;0;0;0;0;0;1;0;0;0
"07/06/2024";"13:38:00";"259";"Sem vítima";"96,200";"BR-050/GO";"Decrescente";"Choque";1;0;0;0;0;0;0;0;0;1;4;0;0;0;0
"07/06/2024";"18:28:00";"377";"Com vítima";"239,200";"BR-050/GO";"Decrescente";"Colisão traseira";0;0;0;1;0;0;0;0;0;0;0;0;0;0;1
"08/06/2024";"15:08:00";"247";"Com vítima";"252,600";"BR-050/GO";"Decrescente";"Capotamento";1;0;0;0;0;0;0;0;0;0;0;1;0;0;0
"08/06/2024";"21:48:00";"335";"Sem vítima";"104,704";"BR-050/MG";"Crescente";"Choque";0;0;1;0;0;0;0;0;0;0;1;0;0;0;0
"08/06/2024";"23:28:00";"353";"Sem vítima";"165,500";"BR-050/MG";"Crescente";"Choque";0;0;0;0;0;0;0;0;0;1;1;0;0;0;0
"09/06/2024";"02:00:00";"14";"Sem vítima";"54,200";"BR-050/MG";"Decrescente";"Choque";1;0;0;0;0;0;0;0;0;0;1;0;0;0;0
"09/06/2024";"08:09:00";"64";"Com vítima";"55,000";"BR-050/MG";"Crescente";"Choque";1;0;0;0;0;0;0;0;0;0;1;2;2;0;0
"09/06/2024";"19:27:00";"260";"Sem vítima";"46,500";"BR-050/MG";"Crescente";"Choque";1;0;0;0;0;0;0;0;0;0;4;0;0;0;0
"10/06/2024";"07:35:00";"82";"Sem vítima";"48,200";"BR-050/MG";"Decrescente";"Colisão lateral em sentido contrário";1;0;0;0;0;0;0;0;0;1;5;0;0;0;0
"11/06/2024";"14:28:00";"283";"Sem vítima";"177,750";"BR-050/MG";"Decrescente";"Colisão traseira";2;0;0;0;0;0;0;0;0;0;3;0;0;0;0
"12/06/2024";"06:22:00";"29";"Com vítima";"16,200";"Contorno ";"Crescente";"Atropelamento de animal";0;0;0;1;0;0;0;0;0;0;0;0;1;0;0
"12/06/2024";"06:24:00";"30";"Com vítima";"16,540";"Contorno ";"Crescente";"Atropelamento de animal";0;0;1;0;0;0;0;0;0;0;2;0;0;0;0
"12/06/2024";"06:24:00";"31";"Sem vítima";"16,400";"Contorno ";"Crescente";"Atropelamento de animal";1;0;0;0;0;0;0;0;0;0;1;0;0;0;0
"12/06/2024";"06:52:00";"62";"Sem vítima";"16,550";"Contorno ";"Crescente";"Atropelamento de animal";1;0;0;0;0;0;0;0;0;0;1;0;0;0;0
"12/06/2024";"09:46:00";"170";"Sem vítima";"191,400";"BR-050/MG";"Decrescente";"Colisão lateral no mesmo sentido";1;0;0;0;0;0;0;0;0;0;2;0;0;0;0
"12/06/2024";"14:02:00";"277";"Sem vítima";"166,800";"BR-050/MG";"Decrescente";"Choque";0;0;1;0;0;0;0;0;0;0;1;0;0;0;0
"12/06/2024";"14:09:00";"278";"Com vítima";"60,390";"BR-050/MG";"Crescente";"Colisão traseira";1;0;1;0;0;0;0;0;0;0;1;1;0;0;0
"12/06/2024";"14:51:00";"289";"Sem vítima";"31,870";"BR-050/MG";"Decrescente";"Choque";1;0;0;0;0;0;0;0;0;0;1;0;0;0;0
"12/06/2024";"16:19:00";"312";"Sem vítima";"56,200";"BR-050/MG";"Crescente";"Engavetamento";1;0;0;0;0;0;0;0;0;2;5;0;0;0;0
"12/06/2024";"16:40:00";"318";"Com vítima";"200,000";"BR-050/MG";"Crescente";"Choque";1;0;0;0;0;0;0;0;0;0;0;1;0;0;0
"12/06/2024";"16:48:00";"323";"Sem vítima";"198,500";"BR-050/MG";"Decrescente";"Colisão traseira";1;0;0;0;0;0;0;0;0;1;4;0;0;0;0
"13/06/2024";"08:18:00";"121";"Sem vítima";"82,250";"BR-050/MG";"Crescente";"Colisão lateral no mesmo sentido";0;0;0;0;0;1;0;0;0;1;2;0;0;0;0
"13/06/2024";"09:04:00";"148";"Sem vítima";"142,000";"BR-050/MG";"Crescente";"Choque";0;0;0;0;0;0;0;0;0;1;2;0;0;0;0
"13/06/2024";"14:53:00";"254";"Com vítima";"186,000";"BR-050/MG";"Decrescente";"Engavetamento";2;0;0;0;0;1;0;0;0;1;7;0;1;0;0
"14/06/2024";"02:06:00";"9";"Com vítima";"139,400";"BR-050/MG";"Crescente";"Choque";0;0;1;0;0;0;0;0;0;0;0;0;1;0;0
"14/06/2024";"05:32:00";"33";"Com vítima";"134,700";"BR-050/MG";"Decrescente";"Engavetamento";1;0;1;0;0;0;0;0;0;0;2;0;2;1;1
"14/06/2024";"13:56:00";"253";"Sem vítima";"106,200";"BR-050/GO";"Decrescente";"Choque";1;0;0;0;0;0;0;0;0;0;1;0;0;0;0
"14/06/2024";"14:05:00";"257";"Sem vítima";"185,000";"BR-050/MG";"Decrescente";"Colisão traseira";2;0;0;0;0;0;0;0;0;0;3;0;0;0;0
"14/06/2024";"15:59:00";"292";"Sem vítima";"270,000";"BR-050/GO";"Crescente";"Colisão traseira";2;0;0;0;0;0;0;0;0;0;5;0;0;0;0
"14/06/2024";"22:07:00";"392";"Sem vítima";"176,000";"BR-050/MG";"Crescente";"Tombamento";0;0;1;0;0;0;0;0;0;0;1;0;0;0;0
"14/06/2024";"23:21:00";"412";"Com vítima";"206,950";"BR-050/MG";"Crescente";"Colisão traseira";0;0;1;0;0;1;0;0;0;0;0;1;0;0;1
"14/06/2024";"23:24:00";"414";"Sem vítima";"118,000";"BR-050/GO";"Crescente";"Choque";1;0;0;0;0;0;0;0;0;0;1;0;0;0;0
"14/06/2024";"23:43:00";"421";"Com vítima";"280,900";"BR-050/GO";"Decrescente";"Queda de moto";0;0;0;1;0;0;0;0;0;0;1;1;0;0;0
"15/06/2024";"02:42:00";"21";"Sem vítima";"176,500";"BR-050/MG";"Decrescente";"Choque";1;0;0;0;0;0;0;0;0;0;1;0;0;0;0
"15/06/2024";"06:24:00";"49";"Com vítima";"202,500";"BR-050/GO";"Decrescente";"Capotamento";1;0;0;0;0;0;0;0;0;0;0;1;0;0;0
"15/06/2024";"14:31:00";"223";"Sem vítima";"141,000";"BR-050/MG";"Crescente";"Acidentes de outra natureza";0;0;1;0;0;0;0;0;0;0;1;0;0;0;0
"15/06/2024";"15:27:00";"247";"Sem vítima";"193,300";"BR-050/MG";"Decrescente";"Tombamento";0;0;0;0;0;1;0;0;0;0;1;0;0;0;0
"15/06/2024";"22:37:00";"349";"Sem vítima";"175,000";"BR-050/MG";"Decrescente";"Choque";1;0;0;0;0;0;0;0;0;0;2;0;0;0;0
"15/06/2024";"23:19:00";"361";"Sem vítima";"116,000";"BR-050/GO";"Crescente";"Choque";1;0;0;0;0;0;0;0;0;0;2;0;0;0;0
"16/06/2024";"09:49:00";"93";"Com vítima";"0,500";"BR-050/MG";"Decrescente";"Queda de moto";0;0;0;1;0;0;0;0;0;0;0;1;0;0;0
"16/06/2024";"09:58:00";"97";"Sem vítima";"193,400";"BR-050/MG";"Crescente";"Colisão traseira";2;0;0;0;0;0;0;0;0;0;2;0;0;0;0
"16/06/2024";"13:35:00";"142";"Com vítima";"99,700";"BR-050/MG";"Decrescente";"Choque";0;0;0;0;0;0;0;0;0;1;1;1;0;0;0
"16/06/2024";"16:51:00";"195";"Sem vítima";"252,200";"BR-050/GO";"Decrescente";"Choque";1;0;0;0;0;0;0;0;0;0;1;0;0;0;0
"16/06/2024";"19:21:00";"232";"Com vítima";"173,900";"BR-050/MG";"Crescente";"Capotamento";1;0;0;0;0;0;0;0;0;0;0;1;0;0;0
"16/06/2024";"20:16:00";"242";"Sem vítima";"119,000";"BR-050/MG";"Decrescente";"Colisão lateral no mesmo sentido";0;0;0;0;0;1;0;0;0;1;3;0;0;0;0
"16/06/2024";"21:16:00";"262";"Sem vítima";"152,200";"BR-050/MG";"Decrescente";"Colisão traseira";1;0;0;0;0;0;0;0;0;0;4;0;0;0;0
"17/06/2024";"07:45:00";"80";"Com vítima";"180,100";"BR-050/MG";"Crescente";"Atropelamento de animal";0;0;0;1;0;0;0;0;0;0;0;1;0;0;0
"18/06/2024";"02:08:00";"3";"Com vítima";"90,500";"BR-050/MG";"Crescente";"Capotamento";0;0;0;0;0;0;0;0;0;1;0;1;0;0;0
"18/06/2024";"13:42:00";"236";"Com vítima";"236,000";"BR-050/GO";"Crescente";"Tombamento";0;0;0;0;0;1;0;0;0;0;0;0;2;0;0
"18/06/2024";"20:39:00";"348";"Com vítima";"146,000";"BR-050/GO";"Decrescente";"Tombamento";0;0;1;0;0;0;0;0;0;0;0;1;0;0;0
"19/06/2024";"03:00:00";"12";"Com vítima";"230,000";"BR-050/GO";"Decrescente";"Tombamento";0;0;0;0;0;1;0;0;0;0;0;1;0;0;0
"19/06/2024";"03:00:00";"13";"Sem vítima";"230,000";"BR-050/GO";"Decrescente";"Choque";0;0;0;0;0;0;0;0;0;1;1;0;0;0;0
"19/06/2024";"07:11:00";"79";"Com vítima";"34,800";"BR-050/MG";"Decrescente";"Engavetamento";0;0;3;0;0;0;0;0;0;1;2;6;0;0;0
"19/06/2024";"07:14:00";"86";"Sem vítima";"191,200";"BR-050/MG";"Decrescente";"Choque";0;0;0;0;0;1;0;0;0;0;1;0;0;0;0
"19/06/2024";"14:40:00";"286";"Sem vítima";"186,400";"BR-050/GO";"Decrescente";"Colisão traseira";1;0;0;0;0;1;0;0;0;0;2;0;0;0;0
"19/06/2024";"18:14:00";"351";"Com vítima";"174,200";"BR-050/MG";"Decrescente";"Colisão traseira";1;0;0;1;0;0;0;0;0;0;1;1;0;0;0
"19/06/2024";"18:34:00";"356";"Sem vítima";"174,255";"BR-050/MG";"Decrescente";"Colisão lateral no mesmo sentido";0;0;0;1;0;1;0;0;0;0;2;0;0;0;0
"19/06/2024";"20:33:00";"398";"Sem vítima";"281,292";"BR-050/GO";"Decrescente";"Choque";1;0;0;0;0;0;0;0;0;0;3;0;0;0;0
"19/06/2024";"22:37:00";"427";"Com vítima";"19,200";"BR-050/MG";"Crescente";"Colisão traseira";0;0;0;0;0;2;0;0;0;0;1;1;0;0;0
"20/06/2024";"01:33:00";"11";"Sem vítima";"311,000";"BR-050/GO";"Crescente";"Capotamento";1;0;0;0;0;0;0;0;0;0;1;0;0;0;0
"20/06/2024";"11:40:00";"225";"Sem vítima";"168,500";"BR-050/MG";"Decrescente";"Colisão traseira";0;0;0;0;0;2;0;0;0;0;2;0;0;0;0
"20/06/2024";"13:11:00";"251";"Sem vítima";"118,000";"BR-050/MG";"Decrescente";"Colisão lateral no mesmo sentido";1;0;0;0;0;1;0;0;0;0;3;0;0;0;0
"20/06/2024";"19:49:00";"388";"Com vítima";"283,000";"BR-050/GO";"Crescente";"Queda de moto";0;0;0;1;0;0;0;0;0;0;0;0;1;0;0
"21/06/2024";"08:13:00";"114";"Sem vítima";"99,700";"BR-050/GO";"Crescente";"Choque";0;0;0;0;0;1;0;0;0;0;1;0;0;0;0
"21/06/2024";"08:15:00";"115";"Com vítima";"128,000";"BR-050/MG";"Decrescente";"Choque";0;0;0;0;0;0;0;0;0;1;0;0;1;0;0
"21/06/2024";"09:36:00";"164";"Sem vítima";"39,500";"BR-050/MG";"Crescente";"Choque";1;0;0;0;0;0;0;0;0;0;4;0;0;0;0
"21/06/2024";"21:55:00";"409";"Com vítima";"272,550";"BR-050/GO";"Crescente";"Atropelamento de animal";0;0;0;0;0;0;0;0;0;1;0;1;0;0;0
"22/06/2024";"22:23:00";"342";"Sem vítima";"182,400";"BR-050/MG";"Crescente";"Atropelamento de animal";1;0;0;0;0;0;0;0;0;0;3;0;0;0;0
"23/06/2024";"11:39:00";"151";"Sem vítima";"46,400";"BR-050/MG";"Decrescente";"Choque";1;0;0;0;0;0;0;0;0;0;3;0;0;0;0
"23/06/2024";"11:41:00";"153";"Com vítima";"39,800";"BR-050/MG";"Crescente";"Colisão transversal";0;0;0;1;0;0;0;0;0;1;4;0;1;0;0
"23/06/2024";"11:58:00";"159";"Com vítima";"115,150";"BR-050/MG";"Decrescente";"Queda de moto";0;0;0;1;0;0;0;0;0;0;0;2;0;0;0
"23/06/2024";"17:32:00";"257";"Com vítima";"198,060";"BR-050/MG";"Decrescente";"Colisão traseira";0;0;0;0;1;1;0;0;0;0;17;1;0;0;0
"23/06/2024";"20:30:00";"299";"Sem vítima";"160,000";"BR-050/MG";"Decrescente";"Choque";1;0;0;0;0;0;0;0;0;0;3;0;0;0;0
"23/06/2024";"20:40:00";"303";"Sem vítima";"160,000";"BR-050/MG";"Decrescente";"Choque";0;0;0;0;0;0;0;0;0;1;3;0;0;0;0
"24/06/2024";"11:17:00";"191";"Com vítima";"28,140";"BR-050/MG";"Decrescente";"Tombamento";0;0;0;0;0;1;0;0;0;0;0;1;0;0;0
"24/06/2024";"11:21:00";"194";"Com vítima";"28,500";"BR-050/MG";"Decrescente";"Capotamento";0;0;1;0;0;0;0;0;0;0;0;0;1;0;0
"24/06/2024";"18:31:00";"313";"Sem vítima";"17,000";"Contorno ";"Crescente";"Colisão lateral no mesmo sentido";1;0;0;1;0;0;0;0;0;0;2;0;0;0;0
"24/06/2024";"18:48:00";"321";"Com vítima";"150,000";"BR-050/GO";"Crescente";"Colisão traseira";1;0;0;0;0;0;0;0;0;1;6;1;0;0;0
"25/06/2024";"10:00:00";"161";"Sem vítima";"15,800";"Contorno ";"Crescente";"Colisão traseira";1;0;0;0;0;0;0;0;0;1;3;0;0;0;0
"26/06/2024";"07:30:00";"87";"Com vítima";"2,400";"Contorno ";"Crescente";"Colisão traseira";0;0;0;1;0;0;0;0;0;0;0;0;0;1;0
"26/06/2024";"13:21:00";"254";"Sem vítima";"97,200";"BR-050/MG";"Decrescente";"Colisão traseira";1;0;0;0;0;0;0;0;0;0;1;0;0;0;0
"27/06/2024";"11:47:00";"253";"Com vítima";"244,350";"BR-050/GO";"Crescente";"Tombamento";0;0;0;0;0;1;0;0;0;0;0;1;0;0;0