data;horario;n_da_ocorrencia;tipo_de_ocorrencia;km;trecho;sentido;tipo_de_acidente;automovel;bicicleta;caminhao;moto;onibus;outros;tracao_animal;transporte_de_cargas_especiais;trator_maquinas;utilitarios;ilesos;levemente_feridos;moderadamente_feridos;gravemente_feridos;mortos
"20/12/2024";"19:56:00";"402";"Sem vítima";"100,500";"BR-050/MG";"Decrescente";"Carreta deu L";0;0;0;0;0;1;0;0;0;0;1;0;0;0;0
"20/12/2024";"21:13:00";"420";"Sem vítima";"149,000";"BR-050/GO";"Decrescente";"Engavetamento";0;0;2;0;0;1;0;0;0;0;4;0;0;0;0
"20/12/2024";"21:53:00";"428";"Sem vítima";"52,950";"BR-050/MG";"Decrescente";"Queda de moto";1;0;0;0;0;0;0;0;0;0;1;0;0;0;0
"21/12/2024";"03:08:00";"28";"Sem vítima";"170,250";"BR-050/GO";"Crescente";"Choque";1;0;0;0;0;0;0;0;0;0;2;0;0;0;0
"21/12/2024";"06:28:00";"57";"Sem vítima";"206,000";"BR-050/GO";"Decrescente";"Choque";1;0;0;0;0;0;0;0;0;0;1;0;0;0;0
"21/12/2024";"11:55:00";"212";"Sem vítima";"199,000";"BR-050/MG";"Crescente";"Choque";0;0;1;0;0;0;0;0;0;0;3;0;0;0;0
"21/12/2024";"13:58:00";"246";"Com vítima";"171,600";"BR-050/GO";"Decrescente";"Choque";0;0;0;0;0;0;0;0;0;1;3;1;0;0;0
"21/12/2024";"14:24:00";"258";"Sem vítima";"203,000";"BR-050/MG";"Crescente";"Choque";1;0;0;0;0;0;0;0;0;0;4;0;0;0;0
"21/12/2024";"15:47:00";"280";"Sem vítima";"55,500";"BR-050/MG";"Crescente";"Choque";1;0;0;0;0;0;0;0;0;0;2;0;0;0;0
"21/12/2024";"17:18:00";"323";"Sem vítima";"177,000";"BR-050/MG";"Crescente";"Colisão traseira";2;0;0;0;0;0;0;0;0;0;5;0;0;0;0
"21/12/2024";"17:30:00";"330";"Com vítima";"233,760";"BR-050/GO";"Crescente";"Capotamento";1;0;0;0;0;0;0;0;0;0;3;0;1;0;0
"21/12/2024";"23:17:00";"411";"Com vítima";"281,000";"BR-050/GO";"Decrescente";"Choque";1;0;0;0;0;0;0;0;0;0;1;0;1;0;0
"22/12/2024";"00:49:00";"9";"Sem vítima";"17,200";"Contorno ";"Crescente";"Colisão traseira";2;0;0;0;0;0;0;0;0;0;5;0;0;0;0
"22/12/2024";"04:01:00";"26";"Sem vítima";"144,000";"BR-050/MG";"Crescente";"Choque";0;0;0;0;1;0;0;0;0;0;1;0;0;0;0
"22/12/2024";"05:14:00";"36";"Sem vítima";"280,000";"BR-050/GO";"Crescente";"Choque";1;0;0;0;0;0;0;0;0;0;1;0;0;0;0
"22/12/2024";"07:24:00";"70";"Sem vítima";"175,000";"BR-050/MG";"Decrescente";"Capotamento";1;0;0;0;0;0;0;0;0;0;2;0;0;0;0
"22/12/2024";"08:31:00";"91";"Sem vítima";"90,100";"BR-050/MG";"Decrescente";"Choque";1;0;0;0;0;0;0;0;0;0;1;0;0;0;0
"22/12/2024";"10:28:00";"131";"Com vítima";"15,000";"Contorno ";"Crescente";"Tombamento";0;0;0;0;0;1;0;0;0;0;0;1;0;0;0
"22/12/2024";"11:09:00";"154";"Sem vítima";"177,000";"BR-050/MG";"Crescente";"Choque";1;0;0;0;0;0;0;0;0;0;1;0;0;0;0
"22/12/2024";"12:57:00";"191";"Com vítima";"239,700";"BR-050/GO";"Crescente";"Engavetamento";1;0;0;0;0;1;0;0;0;1;4;1;1;0;0
"22/12/2024";"14:51:00";"226";"Com vítima";"146,500";"BR-050/MG";"Crescente";"Capotamento";1;0;0;0;0;0;0;0;0;0;0;1;3;0;0
"22/12/2024";"15:50:00";"250";"Com vítima";"6,600";"Contorno ";"Crescente";"Capotamento";0;0;0;0;0;0;0;0;0;1;0;4;2;0;0
"22/12/2024";"16:04:00";"256";"Sem vítima";"11,100";"Contorno ";"Decrescente";"Choque";1;0;0;0;0;0;0;0;0;0;2;0;0;0;0
"22/12/2024";"16:12:00";"259";"Sem vítima";"148,700";"BR-050/GO";"Crescente";"Choque";1;0;0;0;0;0;0;0;0;0;1;0;0;0;0
"22/12/2024";"21:53:00";"344";"Com vítima";"176,000";"BR-050/MG";"Decrescente";"Queda de moto";0;0;0;1;0;0;0;0;0;0;0;1;0;0;0
"22/12/2024";"22:01:00";"346";"Sem vítima";"176,000";"BR-050/MG";"Decrescente";"Queda de moto";0;0;0;1;0;0;0;0;0;0;1;0;0;0;0
"23/12/2024";"07:33:00";"91";"Sem vítima";"145,000";"BR-050/MG";"Decrescente";"Choque";1;0;0;0;0;0;0;0;0;0;2;0;0;0;0
"24/12/2024";"05:59:00";"29";"Sem vítima";"203,600";"BR-050/GO";"Decrescente";"Choque";1;0;0;0;0;0;0;0;0;0;1;0;0;0;0
"24/12/2024";"14:38:00";"275";"Com vítima";"238,700";"BR-050/GO";"Decrescente";"Atropelamento de animal";0;0;0;1;0;0;0;0;0;0;0;1;0;0;0
"24/12/2024";"16:05:00";"314";"Sem vítima";"42,290";"BR-050/MG";"Decrescente";"Queda de moto";0;0;0;1;0;0;0;0;0;0;1;0;0;0;0
"24/12/2024";"17:30:00";"339";"Com vítima";"58,000";"BR-050/MG";"Decrescente";"Capotamento";1;0;0;0;0;0;0;0;0;0;0;2;0;0;0
"24/12/2024";"20:40:00";"409";"Sem vítima";"77,450";"BR-050/MG";"Decrescente";"Colisão transversal";1;0;0;0;0;0;0;0;0;1;4;0;0;0;0
"25/12/2024";"07:06:00";"44";"Com vítima";"140,000";"BR-050/MG";"Decrescente";"Choque";1;0;0;0;0;0;0;0;0;0;0;1;0;0;0
"25/12/2024";"07:56:00";"52";"Com vítima";"25,700";"BR-050/MG";"Decrescente";"Choque";1;0;0;0;0;0;0;0;0;0;0;1;0;0;0
"25/12/2024";"13:25:00";"115";"Sem vítima";"59,900";"BR-050/MG";"Decrescente";"Choque";1;0;0;0;0;0;0;0;0;0;2;0;0;0;0
"25/12/2024";"18:34:00";"193";"Sem vítima";"47,000";"BR-050/MG";"Decrescente";"Choque";1;0;0;0;0;0;0;0;0;0;2;0;0;0;0
"25/12/2024";"19:01:00";"207";"Sem vítima";"127,500";"BR-050/MG";"Crescente";"Choque";0;0;0;0;0;0;0;0;0;1;1;0;0;0;0
"25/12/2024";"19:06:00";"209";"Sem vítima";"268,700";"BR-050/GO";"Crescente";"Choque";1;0;0;0;0;0;0;0;0;0;1;0;0;0;0
"25/12/2024";"20:00:00";"220";"Sem vítima";"11,700";"Contorno ";"Crescente";"Choque";1;0;0;0;0;0;0;0;0;0;1;0;0;0;0
"26/12/2024";"00:03:00";"1";"Sem vítima";"279,600";"BR-050/GO";"Crescente";"Choque";1;0;0;0;0;0;0;0;0;0;3;0;0;0;0
"26/12/2024";"00:44:00";"4";"Sem vítima";"278,900";"BR-050/GO";"Decrescente";"Choque";1;0;0;0;0;0;0;0;0;0;2;0;0;0;0
"26/12/2024";"07:50:00";"78";"Com vítima";"161,450";"BR-050/GO";"Crescente";"Capotamento";1;0;0;0;0;0;0;0;0;0;0;1;0;0;0
"26/12/2024";"08:49:00";"102";"Sem vítima";"154,000";"BR-050/GO";"Crescente";"Choque";0;0;0;0;0;1;0;0;0;0;1;0;0;0;0
"26/12/2024";"12:48:00";"190";"Sem vítima";"152,000";"BR-050/MG";"Crescente";"Colisão traseira";0;0;0;0;0;1;0;0;0;1;2;0;0;0;0
"26/12/2024";"13:52:00";"215";"Sem vítima";"17,130";"BR-050/MG";"Crescente";"Choque";1;0;0;0;0;0;0;0;0;0;2;0;0;0;0
"26/12/2024";"13:59:00";"219";"Sem vítima";"17,130";"BR-050/MG";"Crescente";"Engavetamento";2;0;0;0;0;0;0;0;0;1;7;0;0;0;0
"26/12/2024";"15:21:00";"240";"Sem vítima";"175,000";"BR-050/MG";"Decrescente";"Choque";1;0;0;0;0;0;0;0;0;0;2;0;0;0;0
"26/12/2024";"16:36:00";"263";"Sem vítima";"0,300";"BR-050/MG";"Decrescente";"Choque";0;0;0;0;0;1;0;0;0;0;1;0;0;0;0
"26/12/2024";"16:47:00";"267";"Com vítima";"129,500";"BR-050/MG";"Decrescente";"Choque";1;0;0;0;0;0;0;0;0;0;1;1;0;0;0
"26/12/2024";"16:55:00";"271";"Sem vítima";"299,000";"BR-050/GO";"Crescente";"Choque";1;0;0;0;0;0;0;0;0;0;1;0;0;0;0
"26/12/2024";"17:06:00";"273";"Sem vítima";"8,500";"BR-050/MG";"Crescente";"Choque";0;0;0;0;0;0;0;0;0;1;2;0;0;0;0
"26/12/2024";"19:30:00";"306";"Sem vítima";"280,000";"BR-050/GO";"Crescente";"Colisão lateral no mesmo sentido";0;0;0;0;1;0;0;0;0;1;27;0;0;0;0
"26/12/2024";"21:35:00";"329";"Sem vítima";"197,900";"BR-050/MG";"Crescente";"Colisão traseira";0;0;1;0;0;1;0;0;0;1;5;0;0;0;0
"26/12/2024";"22:03:00";"333";"Sem vítima";"46,700";"BR-050/MG";"Crescente";"Choque";1;0;0;0;0;0;0;0;0;0;3;0;0;0;0
"27/12/2024";"06:27:00";"29";"Sem vítima";"216,000";"BR-050/GO";"Crescente";"Choque";0;0;0;0;0;0;0;0;0;1;3;0;0;0;0
"27/12/2024";"11:14:00";"163";"Sem vítima";"29,700";"BR-050/MG";"Crescente";"Choque";1;0;0;0;0;0;0;0;0;0;3;0;0;0;0
"27/12/2024";"12:00:00";"179";"Sem vítima";"202,000";"BR-050/MG";"Crescente";"Colisão traseira";0;0;1;0;0;0;0;0;0;1;5;0;0;0;0
"27/12/2024";"12:15:00";"185";"Sem vítima";"201,900";"BR-050/MG";"Crescente";"Choque";0;0;0;0;0;1;0;0;0;0;1;0;0;0;0
"27/12/2024";"14:45:00";"214";"Com vítima";"258,600";"BR-050/GO";"Crescente";"Colisão traseira";1;0;0;0;0;1;0;0;0;0;1;0;3;1;0
"27/12/2024";"15:14:00";"218";"Com vítima";"258,600";"BR-050/GO";"Decrescente";"Choque";1;0;0;0;0;0;0;0;0;0;1;2;1;0;0
"27/12/2024";"16:40:00";"237";"Com vítima";"123,000";"BR-050/MG";"Crescente";"Capotamento";0;0;0;0;0;0;0;0;0;1;1;1;0;0;0
"27/12/2024";"21:46:00";"310";"Sem vítima";"132,600";"BR-050/MG";"Decrescente";"Choque";1;0;0;0;0;0;0;0;0;0;1;0;0;0;0
"27/12/2024";"22:56:00";"320";"Sem vítima";"175,000";"BR-050/MG";"Crescente";"Choque";1;0;0;0;0;0;0;0;0;0;2;0;0;0;0
"28/12/2024";"05:14:00";"16";"Sem vítima";"144,800";"BR-050/MG";"Crescente";"Choque";1;0;0;0;0;0;0;0;0;0;2;0;0;0;0
"28/12/2024";"07:14:00";"39";"Sem vítima";"195,800";"BR-050/MG";"Crescente";"Choque";1;0;0;0;0;0;0;0;0;0;1;0;0;0;0
"28/12/2024";"10:04:00";"130";"Sem vítima";"44,787";"BR-050/MG";"Crescente";"Engavetamento";0;0;0;0;0;1;0;0;0;1;3;0;0;0;0
"28/12/2024";"13:43:00";"200";"Com vítima";"54,435";"BR-050/MG";"Crescente";"Tombamento";0;0;0;0;0;1;0;0;0;0;0;0;2;0;0
"28/12/2024";"15:07:00";"224";"Sem vítima";"24,200";"BR-050/MG";"Crescente";"Choque";1;0;0;0;0;0;0;0;0;0;2;0;0;0;0
"28/12/2024";"15:29:00";"231";"Com vítima";"258,800";"BR-050/GO";"Decrescente";"Capotamento";1;0;0;0;0;0;0;0;0;0;1;1;0;0;0
"28/12/2024";"16:00:00";"241";"Com vítima";"276,200";"BR-050/GO";"Crescente";"Colisão traseira";1;0;0;1;0;1;0;0;0;0;4;1;0;0;0
"28/12/2024";"18:08:00";"283";"Sem vítima";"152,700";"BR-050/MG";"Decrescente";"Choque";1;0;0;0;0;0;0;0;0;0;4;0;0;0;0
"28/12/2024";"19:16:00";"297";"Sem vítima";"268,500";"BR-050/GO";"Decrescente";"Capotamento";1;0;0;0;0;0;0;0;0;0;2;0;0;0;0
"29/12/2024";"01:09:00";"10";"Com vítima";"275,500";"BR-050/GO";"Crescente";"Acidentes de outra natureza";0;0;0;0;0;0;0;0;0;1;2;1;0;0;0
"29/12/2024";"05:30:00";"35";"Com vítima";"289,900";"BR-050/GO";"Decrescente";"Atropelamento de animal";0;0;0;0;1;0;0;0;0;0;47;0;0;0;0
"29/12/2024";"08:11:00";"77";"Sem vítima";"138,600";"BR-050/GO";"Crescente";"Choque";1;0;0;0;0;0;0;0;0;0;1;0;0;0;0
"29/12/2024";"17:39:00";"240";"Com vítima";"2,900";"Contorno ";"Decrescente";"Queda de moto";0;0;0;1;0;0;0;0;0;0;0;2;0;0;0
"29/12/2024";"18:29:00";"254";"Sem vítima";"113,800";"BR-050/GO";"Crescente";"Choque";1;0;0;0;0;0;0;0;0;0;1;0;0;0;0
"30/12/2024";"08:28:00";"122";"Com vítima";"154,600";"BR-050/MG";"Crescente";"Capotamento";0;0;0;0;0;0;0;0;0;1;0;0;1;1;0
"30/12/2024";"09:13:00";"134";"Sem vítima";"154,000";"BR-050/MG";"Crescente";"Colisão lateral no mesmo sentido";1;0;0;0;0;1;0;0;0;0;2;0;0;0;0
"30/12/2024";"10:23:00";"153";"Sem vítima";"144,000";"BR-050/MG";"Crescente";"Engavetamento";0;0;0;0;0;1;0;0;0;2;7;0;0;0;0
"30/12/2024";"13:05:00";"213";"Sem vítima";"215,700";"BR-050/GO";"Decrescente";"Choque";0;0;0;0;0;0;0;0;0;1;2;0;0;0;0
"30/12/2024";"19:05:00";"314";"Com vítima";"147,000";"BR-050/MG";"Crescente";"Choque";1;0;0;0;0;0;0;0;0;0;0;1;0;0;0
"31/12/2024";"04:19:00";"19";"Com vítima";"143,900";"BR-050/MG";"Decrescente";"Tombamento";0;0;0;0;0;1;0;0;0;0;0;1;0;0;0
"31/12/2024";"04:41:00";"22";"Sem vítima";"143,800";"BR-050/MG";"Decrescente";"Choque";0;0;0;0;0;1;0;0;0;0;1;0;0;0;0
"31/12/2024";"08:12:00";"109";"Com vítima";"111,800";"BR-050/MG";"Crescente";"Choque";1;0;0;0;0;0;0;0;0;0;0;4;0;0;0
"31/12/2024";"08:13:00";"112";"Com vítima";"47,000";"BR-050/MG";"Crescente";"Queda de moto";0;0;0;1;0;0;0;0;0;0;0;0;1;0;0
"31/12/2024";"09:40:00";"134";"Com vítima";"8,000";"Contorno ";"Crescente";"Colisão lateral no mesmo sentido";0;0;0;1;1;0;0;0;0;0;1;1;0;0;0
"31/12/2024";"14:46:00";"215";"Sem vítima";"83,700";"BR-050/MG";"Crescente";"Colisão lateral em sentido contrário";1;0;0;0;0;1;0;0;0;0;4;0;0;0;0
"31/12/2024";"21:03:00";"302";"Sem vítima";"144,500";"BR-050/MG";"Decrescente";"Choque";0;0;0;0;0;0;0;0;0;1;1;0;0;0;0
"01/01/2025";"05:58:00";"22";"Com vítima";"180,000";"BR-050/MG";"Decrescente";"Capotamento";1;0;0;0;0;0;0;0;0;0;0;2;0;0;0
"01/01/2025";"06:24:00";"24";"Com vítima";"177,000";"BR-050/MG";"Crescente";"Colisão traseira";2;0;0;0;0;0;0;0;0;0;3;1;0;0;0
"01/01/2025";"07:33:00";"40";"Sem vítima";"180,000";"BR-050/MG";"Decrescente";"Choque";1;0;0;0;0;0;0;0;0;0;1;0;0;0;0
"01/01/2025";"08:35:00";"51";"Sem vítima";"243,120";"BR-050/GO";"Decrescente";"Choque";1;0;0;0;0;0;0;0;0;0;1;0;0;0;0
"01/01/2025";"15:20:00";"174";"Sem vítima";"118,400";"BR-050/MG";"Decrescente";"Choque";1;0;0;0;0;0;0;0;0;0;4;0;0;0;0
"01/01/2025";"15:37:00";"179";"Com vítima";"216,200";"BR-050/GO";"Crescente";"Capotamento";1;0;0;0;0;0;0;0;0;0;2;2;0;0;0
"01/01/2025";"15:44:00";"182";"Sem vítima";"220,280";"BR-050/GO";"Crescente";"Choque";0;0;0;0;0;0;0;0;0;1;3;0;0;0;0
"01/01/2025";"17:05:00";"203";"Sem vítima";"265,000";"BR-050/GO";"Decrescente";"Choque";1;0;0;0;0;0;0;0;0;0;1;0;0;0;0
"01/01/2025";"20:34:00";"245";"Sem vítima";"279,000";"BR-050/GO";"Decrescente";"Choque";0;0;0;0;0;0;0;0;0;1;2;0;0;0;0
"02/01/2025";"07:07:00";"78";"Com vítima";"52,600";"BR-050/MG";"Decrescente";"Choque";0;0;0;0;0;0;0;0;0;1;0;1;0;0;0
"02/01/2025";"08:28:00";"114";"Sem vítima";"192,850";"BR-050/MG";"Crescente";"Colisão traseira";1;0;0;0;0;1;0;0;0;0;4;0;0;0;0
"02/01/2025";"12:09:00";"205";"Sem vítima";"14,100";"BR-050/MG";"Decrescente";"Choque";0;0;0;0;0;0;0;0;0;2;2;0;0;0;0
"02/01/2025";"13:32:00";"230";"Sem vítima";"291,300";"BR-050/GO";"Decrescente";"Choque";1;0;0;0;0;0;0;0;0;0;2;0;0;0;0
"03/01/2025";"18:08:00";"271";"Com vítima";"8,000";"Contorno ";"Crescente";"Colisão lateral no mesmo sentido";0;0;0;1;0;0;0;0;0;1;1;1;0;0;0
"03/01/2025";"18:24:00";"274";"Sem vítima";"202,001";"BR-050/MG";"Crescente";"Choque";1;0;0;0;0;0;0;0;0;0;3;0;0;0;0
"03/01/2025";"23:40:00";"319";"Sem vítima";"113,600";"BR-050/GO";"Decrescente";"Choque";1;0;0;0;0;0;0;0;0;0;2;0;0;0;0
"04/01/2025";"00:43:00";"6";"Sem vítima";"97,000";"BR-050/GO";"Crescente";"Choque";1;0;0;0;0;0;0;0;0;0;1;0;0;0;0
"04/01/2025";"01:14:00";"11";"Sem vítima";"106,000";"BR-050/GO";"Crescente";"Atropelamento de animal";1;0;0;0;0;0;0;0;0;0;5;0;0;0;0
"04/01/2025";"01:58:00";"12";"Com vítima";"188,000";"BR-050/MG";"Decrescente";"Choque";1;0;0;0;0;0;0;0;0;0;2;1;0;0;0
"04/01/2025";"02:09:00";"14";"Sem vítima";"2,000";"Contorno ";"Crescente";"Atropelamento de animal";1;0;0;0;0;0;0;0;0;0;4;0;0;0;0
"04/01/2025";"17:11:00";"243";"Com vítima";"304,400";"BR-050/GO";"Crescente";"Choque";0;0;0;0;0;0;0;0;0;1;0;1;0;0;0
"04/01/2025";"18:31:00";"267";"Sem vítima";"48,680";"BR-050/MG";"Decrescente";"Choque";1;0;0;0;0;0;0;0;0;0;1;0;0;0;0
"04/01/2025";"19:57:00";"282";"Sem vítima";"52,000";"BR-050/MG";"Decrescente";"Choque";1;0;0;0;0;0;0;0;0;0;2;0;0;0;0
"04/01/2025";"21:04:00";"292";"Sem vítima";"47,700";"BR-050/MG";"Decrescente";"Choque";1;0;0;0;0;0;0;0;0;0;2;0;0;0;0
"04/01/2025";"23:53:00";"323";"Sem vítima";"42,200";"BR-050/MG";"Crescente";"Colisão traseira";1;0;0;0;1;0;0;0;0;0;61;0;0;0;0
"05/01/2025";"00:49:00";"4";"Com vítima";"188,450";"BR-050/MG";"Decrescente";"Colisão traseira";0;0;0;0;0;1;0;0;0;1;2;1;0;0;0
"05/01/2025";"03:22:00";"15";"Com vítima";"257,100";"BR-050/GO";"Decrescente";"Choque";1;0;0;0;0;0;0;0;0;0;0;0;2;0;0
"05/01/2025";"06:13:00";"24";"Sem vítima";"239,550";"BR-050/GO";"Crescente";"Choque";1;0;0;0;0;0;0;0;0;0;4;0;0;0;0
"05/01/2025";"08:04:00";"73";"Sem vítima";"198,500";"BR-050/MG";"Decrescente";"Colisão traseira";2;0;0;0;0;0;0;0;0;0;9;0;0;0;0
"05/01/2025";"12:40:00";"169";"Sem vítima";"31,300";"BR-050/MG";"Decrescente";"Choque";0;0;0;0;0;0;0;0;0;1;5;0;0;0;0
"05/01/2025";"12:54:00";"175";"Sem vítima";"93,700";"BR-050/MG";"Crescente";"Choque";1;0;0;0;0;0;0;0;0;0;1;0;0;0;0
"05/01/2025";"14:35:00";"205";"Sem vítima";"3,850";"BR-050/MG";"Decrescente";"Colisão traseira";1;0;1;0;0;0;0;0;0;0;3;0;0;0;0
"05/01/2025";"14:47:00";"208";"Sem vítima";"5,950";"BR-050/MG";"Decrescente";"Choque";1;0;0;0;0;0;0;0;0;0;4;0;0;0;0
"05/01/2025";"17:37:00";"256";"Sem vítima";"175,000";"BR-050/MG";"Decrescente";"Choque";0;0;0;0;0;1;0;0;0;0;1;0;0;0;0
"05/01/2025";"23:07:00";"319";"Sem vítima";"175,950";"BR-050/MG";"Decrescente";"Choque";1;0;0;0;0;0;0;0;0;0;1;0;0;0;0
"06/01/2025";"06:41:00";"41";"Sem vítima";"21,000";"Contorno ";"Crescente";"Colisão lateral no mesmo sentido";1;0;0;0;0;0;0;0;0;1;5;0;0;0;0
"06/01/2025";"11:44:00";"214";"Com vítima";"203,000";"BR-050/MG";"Decrescente";"Colisão traseira";0;0;0;0;0;1;0;0;0;1;2;2;1;0;0
"06/01/2025";"13:35:00";"236";"Sem vítima";"229,080";"BR-050/GO";"Crescente";"Choque";1;0;0;0;0;0;0;0;0;0;4;0;0;0;0
"07/01/2025";"10:23:00";"195";"Com vítima";"122,900";"BR-050/MG";"Crescente";"Colisão lateral no mesmo sentido";1;0;0;0;0;1;0;0;0;0;1;3;0;0;0
"07/01/2025";"10:37:00";"202";"Sem vítima";"5,000";"Contorno ";"Decrescente";"Engavetamento";0;0;0;0;0;2;0;0;0;2;5;0;0;0;0
"07/01/2025";"18:45:00";"309";"Com vítima";"54,900";"BR-050/MG";"Crescente";"Tombamento";0;0;0;0;0;1;0;0;0;0;0;0;1;0;0
"07/01/2025";"20:23:00";"330";"Sem vítima";"186,000";"BR-050/MG";"Crescente";"Choque";1;0;0;0;0;0;0;0;0;0;2;0;0;0;0
"08/01/2025";"07:08:00";"50";"Sem vítima";"229,150";"BR-050/GO";"Crescente";"Choque";1;0;0;0;0;0;0;0;0;0;3;0;0;0;0
"08/01/2025";"09:35:00";"135";"Com vítima";"258,850";"BR-050/GO";"Crescente";"Capotamento";1;0;0;0;0;0;0;0;0;0;1;1;0;0;0
"08/01/2025";"09:39:00";"139";"Sem vítima";"196,600";"BR-050/GO";"Crescente";"Choque";1;0;0;0;0;0;0;0;0;0;3;0;0;0;0
"08/01/2025";"09:41:00";"140";"Sem vítima";"229,000";"BR-050/GO";"Crescente";"Choque";0;0;0;0;0;0;0;0;0;1;3;0;0;0;0
"08/01/2025";"11:17:00";"176";"Sem vítima";"229,500";"BR-050/GO";"Decrescente";"Capotamento";0;0;0;0;0;0;0;0;0;1;4;0;0;0;0
"08/01/2025";"20:09:00";"323";"Sem vítima";"119,100";"BR-050/MG";"Crescente";"Choque";1;0;0;0;0;0;0;0;0;0;1;0;0;0;0
"09/01/2025";"08:43:00";"122";"Sem vítima";"27,800";"BR-050/MG";"Crescente";"Choque";0;0;0;0;0;1;0;0;0;0;1;0;0;0;0
"09/01/2025";"12:05:00";"217";"Com vítima";"53,800";"BR-050/MG";"Crescente";"Colisão lateral no mesmo sentido";0;0;0;1;0;0;0;0;0;1;2;1;0;0;0
"09/01/2025";"20:37:00";"380";"Sem vítima";"27,700";"BR-050/MG";"Crescente";"Choque";1;0;0;0;0;0;0;0;0;0;4;0;0;0;0
"10/01/2025";"04:55:00";"23";"Sem vítima";"143,600";"BR-050/GO";"Decrescente";"Choque";1;0;0;0;0;0;0;0;0;0;1;0;0;0;0
"10/01/2025";"06:58:00";"74";"Com vítima";"174,700";"BR-050/MG";"Crescente";"Atropelamento de animal";0;0;0;1;0;0;0;0;0;0;0;0;0;2;0
"10/01/2025";"15:27:00";"307";"Sem vítima";"309,900";"BR-050/GO";"Decrescente";"Choque";0;0;0;0;0;0;0;0;0;1;4;0;0;0;0
"10/01/2025";"16:47:00";"339";"Sem vítima";"50,840";"BR-050/MG";"Decrescente";"Choque";1;0;0;0;0;0;0;0;0;0;2;0;0;0;0
"10/01/2025";"16:56:00";"342";"Sem vítima";"278,650";"BR-050/GO";"Crescente";"Colisão lateral no mesmo sentido";2;0;0;0;0;0;0;0;0;0;3;0;0;0;0
"11/01/2025";"03:23:00";"38";"Sem vítima";"129,500";"BR-050/MG";"Crescente";"Choque";1;0;0;0;0;0;0;0;0;0;4;0;0;0;0
"11/01/2025";"09:48:00";"155";"Sem vítima";"79,900";"BR-050/MG";"Crescente";"Colisão traseira";1;0;0;0;0;1;0;0;0;0;3;0;0;0;0
"11/01/2025";"10:58:00";"189";"Com vítima";"22,000";"BR-050/MG";"Decrescente";"Queda de moto";0;0;0;1;0;0;0;0;0;0;0;1;0;0;0
"11/01/2025";"18:26:00";"283";"Com vítima";"180,000";"BR-050/MG";"Decrescente";"Queda de moto";0;0;0;1;0;0;0;0;0;0;0;2;0;0;0
"12/01/2025";"02:11:00";"16";"Sem vítima";"78,600";"BR-050/MG";"Crescente";"Colisão lateral no mesmo sentido";2;0;0;0;0;0;0;0;0;0;2;0;0;0;0
"13/01/2025";"06:00:00";"31";"Sem vítima";"132,000";"BR-050/MG";"Decrescente";"Colisão traseira";1;0;0;0;0;1;0;0;0;0;3;0;0;0;0
"13/01/2025";"07:17:00";"95";"Sem vítima";"60,900";"BR-050/MG";"Crescente";"Choque";1;0;0;0;0;0;0;0;0;0;3;0;0;0;0
"13/01/2025";"08:36:00";"146";"Sem vítima";"154,450";"BR-050/MG";"Crescente";"Choque";1;0;0;0;0;0;0;0;0;0;1;0;0;0;0
"13/01/2025";"10:32:00";"206";"Sem vítima";"177,000";"BR-050/MG";"Crescente";"Colisão frontal";0;0;1;0;0;0;0;0;0;0;1;0;0;0;0
"13/01/2025";"11:42:00";"233";"Sem vítima";"176,000";"BR-050/MG";"Decrescente";"Choque";0;0;1;0;0;0;0;0;0;0;1;0;0;0;0
"13/01/2025";"11:51:00";"235";"Com vítima";"106,950";"BR-050/MG";"Decrescente";"Atropelamento de pedestre";0;0;0;0;0;1;0;0;0;0;1;0;0;0;1
"13/01/2025";"12:50:00";"250";"Com vítima";"134,400";"BR-050/MG";"Crescente";"Choque";0;0;0;0;0;0;0;0;0;1;0;1;0;0;0
"13/01/2025";"12:58:00";"252";"Com vítima";"144,500";"BR-050/GO";"Decrescente";"Choque";0;0;1;0;0;0;0;0;0;0;1;1;0;0;0
"13/01/2025";"14:26:00";"276";"Sem vítima";"173,300";"BR-050/GO";"Crescente";"Capotamento";1;0;0;0;0;0;0;0;0;0;5;0;0;0;0
"13/01/2025";"15:06:00";"291";"Sem vítima";"6,500";"Contorno ";"Crescente";"Choque";1;0;0;0;0;0;0;0;0;0;2;0;0;0;0
"13/01/2025";"16:24:00";"312";"Com vítima";"1,600";"BR-050/MG";"Decrescente";"Capotamento";0;0;0;0;0;0;0;0;0;1;0;2;1;0;0
"13/01/2025";"21:36:00";"386";"Sem vítima";"274,900";"BR-050/GO";"Crescente";"Atropelamento de animal";0;0;0;0;0;1;0;0;0;0;1;0;0;0;0
"14/01/2025";"06:26:00";"36";"Com vítima";"140,600";"BR-050/GO";"Decrescente";"Tombamento";0;0;0;0;0;1;0;0;0;0;0;1;0;0;0