data;horario;n_da_ocorrencia;tipo_de_ocorrencia;km;trecho;sentido;tipo_de_acidente;automovel;bicicleta;caminhao;moto;onibus;outros;tracao_animal;transporte_de_cargas_especiais;trator_maquinas;utilitarios;ilesos;levemente_feridos;moderadamente_feridos;gravemente_feridos;mortos
"07/06/2025";"19:01:00";"303";"Sem vítima";"119,000";"BR-050/MG";"Decrescente";"Colisão lateral no mesmo sentido";0;0;1;0;0;1;0;0;0;0;2;0;0;0;0
"08/06/2025";"11:23:00";"81";"Com vítima";"278,000";"BR-050/GO";"Crescente";"Atropelamento de pedestre";0;0;0;0;0;1;0;0;0;0;3;0;0;1;0
"08/06/2025";"19:25:00";"181";"Com vítima";"279,540";"BR-050/GO";"Crescente";"Colisão frontal";1;0;1;0;0;1;0;0;0;0;1;1;0;1;0
"08/06/2025";"19:37:00";"185";"Com vítima";"27,800";"BR-050/MG";"Crescente";"Colisão lateral no mesmo sentido";2;0;0;0;0;0;0;0;0;0;5;2;0;0;0
"09/06/2025";"07:25:00";"72";"Sem vítima";"78,400";"BR-050/MG";"Crescente";"Colisão lateral no mesmo sentido";1;0;1;0;0;1;0;0;0;0;4;0;0;0;0
"09/06/2025";"15:52:00";"259";"Com vítima";"115,100";"BR-050/MG";"Decrescente";"Tombamento";1;0;0;0;0;0;0;0;0;0;0;1;0;0;0
"09/06/2025";"17:28:00";"280";"Sem vítima";"147,500";"BR-050/MG";"Crescente";"Choque";0;0;1;0;0;0;0;0;0;0;1;0;0;0;0
"09/06/2025";"17:57:00";"290";"Sem vítima";"147,500";"BR-050/MG";"Crescente";"Colisão traseira";1;0;0;0;0;1;0;0;0;0;2;0;0;0;0
"09/06/2025";"18:11:00";"294";"Sem vítima";"153,000";"BR-050/MG";"Decrescente";"Colisão traseira";1;0;0;0;0;1;0;0;0;0;2;0;0;0;0
"09/06/2025";"18:17:00";"295";"Sem vítima";"118,000";"BR-050/MG";"Decrescente";"Colisão traseira";1;0;0;0;0;0;0;0;0;1;4;0;0;0;0
"09/06/2025";"22:01:00";"340";"Sem vítima";"56,400";"BR-050/MG";"Crescente";"Capotamento";1;0;0;0;0;0;0;0;0;0;1;0;0;0;0
"10/06/2025";"00:48:00";"6";"Sem vítima";"234,700";"BR-050/GO";"Decrescente";"Choque";0;0;0;0;0;1;0;0;0;0;1;0;0;0;0
"10/06/2025";"08:07:00";"105";"Com vítima";"140,600";"BR-050/MG";"Decrescente";"Choque";0;0;1;0;0;0;0;0;0;0;0;1;0;0;0
"10/06/2025";"12:36:00";"213";"Sem vítima";"254,400";"BR-050/GO";"Decrescente";"Choque";0;0;0;0;0;0;0;0;0;1;1;0;0;0;0
"10/06/2025";"12:52:00";"217";"Com vítima";"52,100";"BR-050/MG";"Crescente";"Capotamento";0;0;0;0;0;1;0;0;0;0;0;1;0;0;0
"10/06/2025";"18:29:00";"305";"Com vítima";"46,700";"BR-050/MG";"Crescente";"Tombamento";1;0;0;0;0;0;0;0;0;0;0;1;0;0;0
"11/06/2025";"00:48:00";"5";"Com vítima";"178,900";"BR-050/MG";"Crescente";"Queda de moto";0;0;0;1;0;0;0;0;0;0;0;1;0;0;0
"11/06/2025";"05:25:00";"38";"Sem vítima";"51,909";"BR-050/MG";"Decrescente";"Choque";1;0;0;0;0;0;0;0;0;0;1;0;0;0;0
"11/06/2025";"18:21:00";"290";"Com vítima";"14,100";"BR-050/MG";"Decrescente";"Queda de moto";0;0;0;1;0;0;0;0;0;0;0;1;0;0;0
"11/06/2025";"18:37:00";"294";"Sem vítima";"16,500";"Contorno ";"Decrescente";"Atropelamento de animal";1;0;0;0;0;0;0;0;0;0;2;0;0;0;0
"11/06/2025";"20:39:00";"314";"Sem vítima";"21,000";"BR-050/MG";"Decrescente";"Colisão traseira";0;0;0;0;0;2;0;0;0;0;2;0;0;0;0
"12/06/2025";"00:15:00";"2";"Com vítima";"56,800";"BR-050/MG";"Decrescente";"Queda de moto";0;0;0;1;0;0;0;0;0;0;0;2;0;0;0
"12/06/2025";"05:14:00";"42";"Sem vítima";"295,800";"BR-050/GO";"Crescente";"Choque";1;0;0;0;0;0;0;0;0;0;3;0;0;0;0
"12/06/2025";"11:03:00";"195";"Com vítima";"79,400";"BR-050/MG";"Crescente";"Capotamento";1;0;0;0;0;1;0;0;0;0;2;3;1;0;0
"12/06/2025";"17:29:00";"300";"Sem vítima";"59,680";"BR-050/MG";"Decrescente";"Capotamento";0;0;0;0;0;0;0;0;0;1;1;0;0;0;0
"12/06/2025";"18:25:00";"317";"Sem vítima";"261,000";"BR-050/GO";"Decrescente";"Choque";1;0;0;0;0;0;0;0;0;0;1;0;0;0;0
"12/06/2025";"18:55:00";"327";"Sem vítima";"206,000";"BR-050/MG";"Crescente";"Choque";1;0;0;0;0;1;0;0;0;0;2;0;0;0;0
"13/06/2025";"03:01:00";"9";"Com vítima";"166,600";"BR-050/MG";"Crescente";"Colisão traseira";0;0;0;0;0;2;0;0;0;0;1;0;0;1;0
"13/06/2025";"07:15:00";"56";"Com vítima";"235,700";"BR-050/GO";"Crescente";"Colisão traseira";1;0;0;0;0;1;0;0;0;0;1;1;1;1;1
"13/06/2025";"17:29:00";"277";"Sem vítima";"280,500";"BR-050/GO";"Crescente";"Colisão lateral no mesmo sentido";1;0;0;0;0;1;0;0;0;0;2;0;0;0;0
"13/06/2025";"18:30:00";"293";"Com vítima";"278,800";"BR-050/GO";"Decrescente";"Colisão lateral no mesmo sentido";0;0;0;1;0;1;0;0;0;0;1;1;0;0;0
"13/06/2025";"20:03:00";"328";"Sem vítima";"268,300";"BR-050/GO";"Decrescente";"Atropelamento de animal";1;0;0;0;0;0;0;0;0;0;5;0;0;0;0
"13/06/2025";"20:20:00";"335";"Sem vítima";"21,000";"BR-050/MG";"Crescente";"Colisão traseira";0;0;0;0;0;2;0;0;0;0;2;0;0;0;0
"14/06/2025";"08:43:00";"81";"Sem vítima";"133,500";"BR-050/GO";"Crescente";"Tombamento";0;0;1;0;0;0;0;0;0;0;1;0;0;0;0
"14/06/2025";"13:54:00";"176";"Com vítima";"78,000";"BR-050/MG";"Decrescente";"Capotamento";1;0;0;0;0;0;0;0;0;0;1;1;0;0;0
"14/06/2025";"14:28:00";"192";"Sem vítima";"17,800";"BR-050/MG";"Decrescente";"Capotamento";1;0;0;0;0;0;0;0;0;0;1;0;0;0;0
"14/06/2025";"15:04:00";"200";"Sem vítima";"280,700";"BR-050/GO";"Decrescente";"Tombamento";0;0;0;0;0;1;0;0;0;0;1;0;0;0;0
"14/06/2025";"21:43:00";"296";"Com vítima";"102,200";"BR-050/GO";"Crescente";"Choque";0;0;0;1;0;0;0;0;0;0;0;1;0;0;0
"14/06/2025";"23:34:00";"318";"Com vítima";"186,000";"BR-050/MG";"Crescente";"Tombamento";0;0;0;0;0;1;0;0;0;0;0;0;1;0;0
"15/06/2025";"01:17:00";"11";"Sem vítima";"54,000";"BR-050/MG";"Decrescente";"Choque";0;0;0;0;0;0;0;0;0;1;1;0;0;0;0
"15/06/2025";"02:10:00";"17";"Sem vítima";"54,500";"BR-050/MG";"Crescente";"Tombamento";0;0;0;0;0;1;0;0;0;0;2;0;0;0;0
"15/06/2025";"20:49:00";"219";"Sem vítima";"119,000";"BR-050/GO";"Crescente";"Choque";1;0;0;0;0;0;0;0;0;0;1;0;0;0;0
"15/06/2025";"22:06:00";"232";"Sem vítima";"158,700";"BR-050/MG";"Crescente";"Capotamento";1;0;0;0;0;0;0;0;0;0;1;0;0;0;0
"16/06/2025";"20:14:00";"316";"Com vítima";"78,300";"BR-050/MG";"Decrescente";"Colisão traseira";1;0;1;0;0;0;0;0;0;0;2;0;1;0;0
"16/06/2025";"21:01:00";"325";"Sem vítima";"41,000";"BR-050/MG";"Crescente";"Colisão lateral no mesmo sentido";0;0;0;0;0;2;0;0;0;0;2;0;0;0;0
"17/06/2025";"02:59:00";"9";"Com vítima";"195,500";"BR-050/MG";"Crescente";"Colisão lateral no mesmo sentido";0;0;0;0;0;2;0;0;0;1;1;1;0;0;0
"17/06/2025";"12:16:00";"191";"Com vítima";"297,400";"BR-050/GO";"Decrescente";"Choque";0;0;0;0;0;0;0;0;0;1;0;2;1;0;0
"17/06/2025";"14:42:00";"219";"Com vítima";"172,000";"BR-050/MG";"Crescente";"Queda de moto";0;0;0;1;0;0;0;0;0;0;0;1;0;0;0
"17/06/2025";"16:10:00";"237";"Sem vítima";"174,000";"BR-050/MG";"Crescente";"Choque";0;0;1;0;0;0;0;0;0;0;1;0;0;0;0
"17/06/2025";"16:49:00";"246";"Sem vítima";"180,500";"BR-050/MG";"Decrescente";"Colisão lateral no mesmo sentido";1;0;1;0;0;0;0;0;0;0;3;0;0;0;0
"18/06/2025";"08:47:00";"102";"Com vítima";"131,900";"BR-050/GO";"Decrescente";"Choque";0;0;0;0;0;0;0;0;0;1;0;1;0;0;0
"18/06/2025";"08:59:00";"110";"Sem vítima";"77,300";"BR-050/MG";"Decrescente";"Colisão lateral no mesmo sentido";1;0;0;0;0;1;0;0;0;0;2;0;0;0;0
"18/06/2025";"10:06:00";"142";"Com vítima";"24,400";"BR-050/MG";"Crescente";"Capotamento";0;0;0;0;0;0;0;0;0;1;0;1;0;0;0
"18/06/2025";"10:58:00";"172";"Com vítima";"140,200";"BR-050/GO";"Decrescente";"Tombamento";0;0;0;0;0;1;0;0;0;0;0;0;1;0;0
"18/06/2025";"12:57:00";"212";"Com vítima";"177,500";"BR-050/GO";"Crescente";"Colisão traseira";0;0;0;0;0;1;0;0;0;1;1;0;2;0;0
"18/06/2025";"20:19:00";"323";"Sem vítima";"5,000";"BR-050/MG";"Decrescente";"Choque";1;0;0;0;0;0;0;0;0;0;4;0;0;0;0
"18/06/2025";"20:25:00";"326";"Sem vítima";"5,000";"BR-050/MG";"Decrescente";"Choque";1;0;0;0;0;0;0;0;0;0;2;0;0;0;0
"19/06/2025";"07:46:00";"76";"Com vítima";"19,000";"Contorno ";"Decrescente";"Colisão traseira";0;0;0;1;0;0;0;0;0;1;1;1;0;0;0
"19/06/2025";"15:09:00";"233";"Sem vítima";"22,000";"BR-050/MG";"Decrescente";"Queda de moto";0;0;0;1;0;0;0;0;0;0;1;0;0;0;0
"19/06/2025";"15:21:00";"242";"Sem vítima";"205,900";"BR-050/MG";"Crescente";"Tombamento";0;0;0;0;0;2;0;0;0;0;2;0;0;0;0
"20/06/2025";"00:36:00";"4";"Com vítima";"98,000";"BR-050/GO";"Decrescente";"Choque";0;0;0;0;0;0;0;0;0;1;0;1;0;0;0
"20/06/2025";"04:34:00";"26";"Sem vítima";"6,600";"Contorno ";"Crescente";"Tombamento";0;0;0;0;0;0;0;0;0;1;1;0;0;0;0
"20/06/2025";"06:20:00";"53";"Sem vítima";"198,800";"BR-050/GO";"Crescente";"Choque";1;0;0;0;0;1;0;0;0;0;2;0;0;0;0
"20/06/2025";"18:30:00";"259";"Com vítima";"12,600";"Contorno ";"Decrescente";"Queda de moto";0;0;0;1;0;0;0;0;0;0;0;1;0;0;0
"20/06/2025";"22:31:00";"307";"Com vítima";"167,200";"BR-050/MG";"Crescente";"Choque";0;0;0;1;0;0;0;0;0;0;0;1;0;0;0
"20/06/2025";"23:48:00";"317";"Com vítima";"43,150";"BR-050/MG";"Decrescente";"Colisão transversal";0;0;0;0;0;1;0;0;0;1;0;2;0;1;0
"21/06/2025";"11:30:00";"108";"Com vítima";"178,800";"BR-050/MG";"Decrescente";"Colisão traseira";1;0;0;0;0;1;0;0;0;0;1;0;1;0;0
"21/06/2025";"11:34:00";"111";"Sem vítima";"11,000";"Contorno ";"Decrescente";"Queda de moto";0;0;0;1;0;0;0;0;0;0;1;0;0;0;0
"21/06/2025";"13:23:00";"132";"Sem vítima";"0,300";"BR-050/MG";"Crescente";"Choque";0;0;0;0;0;1;0;0;0;0;1;0;0;0;0
"21/06/2025";"21:19:00";"243";"Sem vítima";"167,400";"BR-050/MG";"Crescente";"Atropelamento de animal";1;0;0;0;0;0;0;0;0;0;3;0;0;0;0
"21/06/2025";"22:17:00";"252";"Com vítima";"97,000";"BR-050/GO";"Crescente";"Colisão traseira";1;0;0;0;0;1;0;0;0;0;1;1;0;0;0
"22/06/2025";"05:32:00";"26";"Com vítima";"265,250";"BR-050/GO";"Crescente";"Tombamento";0;0;0;0;0;1;0;0;0;0;0;0;0;1;0
"22/06/2025";"10:02:00";"84";"Com vítima";"168,800";"BR-050/MG";"Crescente";"Queda de bicicleta";0;1;0;0;0;0;0;0;0;0;0;0;0;0;0
"22/06/2025";"10:39:00";"98";"Sem vítima";"174,200";"BR-050/MG";"Crescente";"Choque";0;0;0;0;0;0;0;0;0;1;1;0;0;0;0
"22/06/2025";"11:58:00";"125";"Sem vítima";"59,300";"BR-050/MG";"Crescente";"Choque";0;0;0;0;0;0;0;0;0;1;5;0;0;0;0
"22/06/2025";"13:14:00";"141";"Sem vítima";"58,900";"BR-050/MG";"Decrescente";"Colisão lateral no mesmo sentido";0;0;0;0;0;1;0;0;0;1;2;0;0;0;0
"22/06/2025";"16:58:00";"208";"Sem vítima";"99,500";"BR-050/GO";"Decrescente";"Colisão traseira";0;0;0;0;0;0;0;0;0;2;2;0;0;0;0
"23/06/2025";"12:43:00";"217";"Sem vítima";"78,800";"BR-050/MG";"Crescente";"Choque";1;0;0;0;0;0;0;0;0;0;1;0;0;0;0
"23/06/2025";"15:48:00";"284";"Sem vítima";"95,700";"BR-050/MG";"Crescente";"Colisão lateral no mesmo sentido";1;0;0;0;0;1;0;0;0;0;4;0;0;0;0
"23/06/2025";"21:01:00";"370";"Com vítima";"185,000";"BR-050/MG";"Decrescente";"Colisão traseira";0;0;1;0;0;1;0;0;0;0;1;0;1;0;0
"23/06/2025";"23:09:00";"391";"Com vítima";"96,100";"BR-050/MG";"Decrescente";"Colisão traseira";1;0;1;0;0;0;0;0;0;0;1;0;2;0;0
"23/06/2025";"23:38:00";"397";"Sem vítima";"115,000";"BR-050/MG";"Decrescente";"Choque";0;0;0;0;0;0;0;0;0;1;1;0;0;0;0
"24/06/2025";"03:36:00";"22";"Sem vítima";"29,000";"BR-050/MG";"Decrescente";"Choque";1;0;0;0;0;0;0;0;0;0;2;0;0;0;0
"24/06/2025";"09:13:00";"123";"Sem vítima";"290,700";"BR-050/GO";"Decrescente";"Choque";1;0;0;0;0;0;0;0;0;0;1;0;0;0;0
"24/06/2025";"09:45:00";"132";"Com vítima";"47,000";"BR-050/MG";"Decrescente";"Capotamento";0;0;0;0;0;0;0;0;0;1;0;1;0;0;0
"24/06/2025";"09:57:00";"134";"Com vítima";"28,900";"BR-050/MG";"Decrescente";"Capotamento";1;0;0;0;0;0;0;0;0;0;0;4;0;0;0
"24/06/2025";"10:17:00";"139";"Sem vítima";"55,800";"BR-050/MG";"Crescente";"Capotamento";1;0;0;0;0;0;0;0;0;0;1;0;0;0;0
"24/06/2025";"19:48:00";"281";"Sem vítima";"282,800";"BR-050/GO";"Decrescente";"Choque";0;0;0;0;0;0;0;0;0;1;1;0;0;0;0
"25/06/2025";"12:08:00";"177";"Sem vítima";"244,300";"BR-050/GO";"Crescente";"Tombamento";0;0;0;0;0;1;0;0;0;0;1;0;0;0;0
"26/06/2025";"11:56:00";"186";"Com vítima";"32,800";"BR-050/MG";"Crescente";"Colisão traseira";0;0;0;0;0;2;0;0;0;0;1;0;0;1;0
"26/06/2025";"17:08:00";"282";"Sem vítima";"172,400";"BR-050/MG";"Decrescente";"Choque";0;0;0;0;0;0;0;0;0;1;2;0;0;0;0
"26/06/2025";"19:20:00";"307";"Com vítima";"279,900";"BR-050/GO";"Crescente";"Colisão frontal";1;0;0;1;0;0;0;0;0;0;4;1;1;0;0
"26/06/2025";"20:23:00";"327";"Sem vítima";"121,200";"BR-050/GO";"Crescente";"Choque";0;0;0;0;0;1;0;0;0;0;1;0;0;0;0
"27/06/2025";"10:39:00";"182";"Com vítima";"124,100";"BR-050/MG";"Decrescente";"Tombamento";0;0;0;0;0;0;0;0;0;1;0;1;0;0;0
"27/06/2025";"18:52:00";"325";"Com vítima";"199,500";"BR-050/MG";"Crescente";"Queda de moto";0;0;0;1;0;0;0;0;0;0;0;2;0;0;0
"27/06/2025";"19:06:00";"330";"Com vítima";"192,200";"BR-050/MG";"Crescente";"Engavetamento";2;0;0;0;0;1;0;0;0;0;4;0;1;0;0
"27/06/2025";"21:12:00";"356";"Sem vítima";"201,000";"BR-050/GO";"Crescente";"Colisão lateral no mesmo sentido";2;0;0;0;0;0;0;0;0;0;6;0;0;0;0
"28/06/2025";"20:13:00";"220";"Sem vítima";"150,300";"BR-050/MG";"Crescente";"Choque";1;0;0;0;0;0;0;0;0;0;4;0;0;0;0
"29/06/2025";"02:48:00";"12";"Com vítima";"95,700";"BR-050/GO";"Decrescente";"Colisão transversal";1;0;0;0;0;1;0;0;0;0;1;1;1;0;0
"29/06/2025";"07:43:00";"38";"Com vítima";"92,460";"BR-050/MG";"Decrescente";"Capotamento";1;0;0;0;0;0;0;0;0;0;0;0;0;1;0
"29/06/2025";"09:52:00";"77";"Com vítima";"27,800";"BR-050/MG";"Crescente";"Queda de moto";0;0;0;1;0;0;0;0;0;0;0;0;1;0;0
"29/06/2025";"10:59:00";"89";"Sem vítima";"192,500";"BR-050/MG";"Crescente";"Colisão lateral no mesmo sentido";0;0;0;0;0;1;0;0;0;1;2;0;0;0;0
"29/06/2025";"17:37:00";"187";"Com vítima";"54,000";"BR-050/MG";"Crescente";"Colisão traseira";1;0;0;1;0;0;0;0;0;0;3;0;1;0;0
"29/06/2025";"22:07:00";"239";"Sem vítima";"177,700";"BR-050/MG";"Decrescente";"Choque";1;0;0;0;0;0;0;0;0;0;1;0;0;0;0
"30/06/2025";"10:35:00";"167";"Com vítima";"183,600";"BR-050/MG";"Crescente";"Colisão traseira";0;0;0;1;0;0;0;0;0;1;1;2;0;0;0
"30/06/2025";"12:07:00";"195";"Sem vítima";"122,200";"BR-050/GO";"Decrescente";"Tombamento";0;0;0;0;0;1;0;0;0;0;1;0;0;0;0
"30/06/2025";"14:54:00";"249";"Sem vítima";"106,500";"BR-050/GO";"Decrescente";"Choque";1;0;0;0;0;0;0;0;0;0;3;0;0;0;0
"30/06/2025";"16:16:00";"271";"Sem vítima";"195,950";"BR-050/MG";"Crescente";"Choque";0;0;0;0;0;0;0;0;0;1;1;0;0;0;0
"01/07/2025";"22:13:00";"311";"Sem vítima";"182,700";"BR-050/MG";"Decrescente";"Colisão traseira";0;0;1;0;0;1;0;0;0;0;2;0;0;0;0
"02/07/2025";"06:36:00";"38";"Sem vítima";"79,500";"BR-050/MG";"Decrescente";"Engavetamento";0;0;3;0;0;0;0;0;0;0;4;0;0;0;0
"02/07/2025";"09:14:00";"129";"Com vítima";"42,300";"BR-050/MG";"Crescente";"Choque";0;0;0;0;0;1;0;0;0;0;0;1;0;0;0
"02/07/2025";"14:04:00";"227";"Sem vítima";"225,000";"BR-050/GO";"Crescente";"Colisão traseira";1;0;0;0;0;0;0;0;0;1;3;0;0;0;0
"02/07/2025";"16:08:00";"267";"Sem vítima";"303,400";"BR-050/GO";"Crescente";"Colisão traseira";0;0;1;0;0;1;0;0;0;0;2;0;0;0;0
"02/07/2025";"20:38:00";"316";"Com vítima";"79,600";"BR-050/MG";"Decrescente";"Colisão traseira";1;0;1;1;0;0;0;0;0;0;3;0;1;0;0
"03/07/2025";"09:40:00";"140";"Sem vítima";"115,000";"BR-050/MG";"Crescente";"Tombamento";0;0;0;0;0;1;0;0;0;0;1;0;0;0;0
"03/07/2025";"16:26:00";"272";"Sem vítima";"190,400";"BR-050/MG";"Crescente";"Colisão traseira";1;0;0;0;0;0;0;0;0;1;4;0;0;0;0
"03/07/2025";"18:28:00";"296";"Sem vítima";"178,000";"BR-050/MG";"Decrescente";"Colisão traseira";2;0;0;0;0;0;0;0;0;0;2;0;0;0;0
"04/07/2025";"16:04:00";"278";"Sem vítima";"80,450";"BR-050/MG";"Crescente";"Colisão traseira";2;0;0;0;0;0;0;0;0;0;4;0;0;0;0
"04/07/2025";"20:22:00";"337";"Sem vítima";"18,500";"Contorno ";"Crescente";"Choque";1;0;0;0;0;0;0;0;0;0;1;0;0;0;0
"05/07/2025";"04:24:00";"24";"Sem vítima";"161,800";"BR-050/MG";"Decrescente";"Capotamento";1;0;0;0;0;0;0;0;0;0;1;0;0;0;0
"05/07/2025";"07:06:00";"56";"Sem vítima";"112,800";"BR-050/MG";"Crescente";"Tombamento";0;0;0;0;0;1;0;0;0;0;1;0;0;0;0
"05/07/2025";"10:52:00";"148";"Com vítima";"154,400";"BR-050/MG";"Crescente";"Choque";1;0;0;0;0;0;0;0;0;0;2;1;0;0;0
"05/07/2025";"11:51:00";"169";"Sem vítima";"297,500";"BR-050/GO";"Decrescente";"Colisão traseira";0;0;0;0;0;1;0;0;0;1;3;0;0;0;0
"05/07/2025";"16:58:00";"261";"Com vítima";"28,000";"BR-050/MG";"Decrescente";"Capotamento";1;0;0;0;0;0;0;0;0;0;2;0;1;0;0
"05/07/2025";"22:51:00";"333";"Sem vítima";"125,000";"BR-050/MG";"Decrescente";"Choque";0;0;0;0;0;0;0;0;0;1;3;0;0;0;0
"06/07/2025";"00:42:00";"7";"Com vítima";"260,100";"BR-050/GO";"Decrescente";"Colisão transversal";1;0;0;0;0;1;0;0;0;0;1;0;0;2;1
"06/07/2025";"05:43:00";"22";"Sem vítima";"267,500";"BR-050/GO";"Crescente";"Choque";1;0;0;0;0;0;0;0;0;0;2;0;0;0;0
"06/07/2025";"08:43:00";"53";"Sem vítima";"29,900";"BR-050/MG";"Decrescente";"Queda de moto";0;0;0;1;0;0;0;0;0;0;1;0;0;0;0
"06/07/2025";"13:12:00";"115";"Sem vítima";"36,700";"BR-050/MG";"Decrescente";"Capotamento";1;0;0;0;0;0;0;0;0;0;1;0;0;0;0
"06/07/2025";"19:32:00";"228";"Sem vítima";"237,450";"BR-050/GO";"Decrescente";"Tombamento";1;0;0;0;0;1;0;0;0;0;1;0;0;0;0
"07/07/2025";"01:48:00";"14";"Sem vítima";"147,400";"BR-050/MG";"Decrescente";"Choque";0;0;1;0;0;0;0;0;0;0;1;0;0;0;0
"07/07/2025";"14:05:00";"233";"Com vítima";"8,000";"Contorno ";"Crescente";"Choque";1;0;0;0;0;0;0;0;0;0;0;1;0;0;0
"07/07/2025";"16:28:00";"280";"Com vítima";"174,000";"BR-050/MG";"Decrescente";"Choque";1;0;0;0;0;0;0;0;0;0;1;1;0;0;0
"08/07/2025";"05:37:00";"21";"Com vítima";"259,250";"BR-050/GO";"Crescente";"Engavetamento";0;0;0;0;0;2;0;0;0;1;0;1;2;0;2
"08/07/2025";"08:19:00";"110";"Sem vítima";"179,850";"BR-050/MG";"Crescente";"Colisão lateral no mesmo sentido";1;0;0;0;0;1;0;0;0;0;3;0;0;0;0
"08/07/2025";"10:23:00";"171";"Sem vítima";"96,000";"BR-050/GO";"Decrescente";"Choque";0;0;0;0;0;0;0;0;0;1;1;0;0;0;0
"08/07/2025";"15:32:00";"280";"Com vítima";"197,800";"BR-050/MG";"Decrescente";"Tombamento";0;0;1;0;0;0;0;0;0;0;0;1;0;0;0
"08/07/2025";"17:29:00";"316";"Sem vítima";"51,475";"BR-050/MG";"Crescente";"Colisão traseira";0;0;0;0;0;0;0;0;0;2;2;0;0;0;0
"08/07/2025";"22:27:00";"388";"Sem vítima";"139,900";"BR-050/MG";"Decrescente";"Choque";1;0;0;0;0;0;0;0;0;0;4;0;0;0;0
"08/07/2025";"23:00:00";"396";"Sem vítima";"139,900";"BR-050/MG";"Decrescente";"Choque";1;0;0;0;0;0;0;0;0;0;3;0;0;0;0
"09/07/2025";"04:43:00";"35";"Sem vítima";"130,700";"BR-050/MG";"Decrescente";"Choque";0;0;1;0;0;0;0;0;0;0;1;0;0;0;0
"09/07/2025";"04:58:00";"39";"Sem vítima";"43,000";"BR-050/MG";"Crescente";"Choque";0;0;1;0;0;0;0;0;0;0;2;0;0;0;0
"09/07/2025";"09:33:00";"147";"Sem vítima";"179,500";"BR-050/MG";"Decrescente";"Colisão traseira";2;0;0;0;0;0;0;0;0;0;2;0;0;0;0
"09/07/2025";"13:13:00";"237";"Com vítima";"174,050";"BR-050/MG";"Decrescente";"Choque";0;0;0;0;0;0;0;0;0;1;0;1;0;0;0
"10/07/2025";"05:14:00";"38";"Sem vítima";"182,500";"BR-050/MG";"Crescente";"Atropelamento de animal";0;0;0;0;0;0;0;0;0;1;1;0;0;0;0
"10/07/2025";"17:42:00";"280";"Com vítima";"20,500";"Contorno ";"Crescente";"Engavetamento";1;0;0;1;0;0;0;0;0;1;2;0;1;0;0
"11/07/2025";"06:18:00";"64";"Sem vítima";"149,000";"BR-050/MG";"Crescente";"Choque";0;0;0;0;0;0;0;0;0;1;2;0;0;0;0
"11/07/2025";"09:12:00";"120";"Com vítima";"304,100";"BR-050/GO";"Crescente";"Colisão traseira";0;0;1;0;0;0;0;0;0;1;2;1;2;0;0
"11/07/2025";"09:43:00";"131";"Sem vítima";"313,400";"BR-050/GO";"Decrescente";"Tombamento";0;0;1;0;0;0;0;0;0;0;1;0;0;0;0
"11/07/2025";"11:47:00";"164";"Sem vítima";"184,800";"BR-050/MG";"Crescente";"Tombamento";1;0;0;0;0;0;0;0;0;0;1;0;0;0;0
"11/07/2025";"13:53:00";"194";"Com vítima";"79,700";"BR-050/MG";"Crescente";"Atropelamento de pedestre";0;0;1;0;0;0;0;0;0;0;1;1;0;0;0
"11/07/2025";"15:15:00";"215";"Sem vítima";"79,699";"BR-050/MG";"Crescente";"Colisão traseira";0;0;1;0;0;1;0;0;0;0;2;0;0;0;0
"11/07/2025";"16:11:00";"232";"Com vítima";"188,300";"BR-050/MG";"Crescente";"Colisão traseira";0;0;0;0;0;0;0;0;0;2;1;0;1;0;0
"11/07/2025";"23:44:00";"335";"Com vítima";"180,000";"BR-050/MG";"Crescente";"Queda de moto";0;0;0;1;0;0;0;0;0;0;0;0;1;0;0
"12/07/2025";"00:03:00";"2";"Sem vítima";"21,000";"Contorno ";"Decrescente";"Acidentes de outra natureza";1;0;0;0;0;0;0;0;0;0;1;0;0;0;0
"12/07/2025";"09:09:00";"107";"Com vítima";"163,100";"BR-050/MG";"Crescente";"Capotamento";0;0;0;0;0;0;0;0;0;1;0;1;0;0;0
"12/07/2025";"19:56:00";"280";"Sem vítima";"176,800";"BR-050/MG";"Crescente";"Choque";1;0;0;0;0;0;0;0;0;0;1;0;0;0;0
"13/07/2025";"05:12:00";"39";"Sem vítima";"144,400";"BR-050/MG";"Crescente";"Capotamento";1;0;0;0;0;0;0;0;0;0;2;0;0;0;0
"13/07/2025";"20:56:00";"255";"Com vítima";"42,700";"BR-050/MG";"Crescente";"Choque";1;0;0;0;0;0;0;0;0;0;0;0;1;0;0