data;horario;n_da_ocorrencia;tipo_de_ocorrencia;km;trecho;sentido;tipo_de_acidente;automovel;bicicleta;caminhao;moto;onibus;outros;tracao_animal;transporte_de_cargas_especiais;trator_maquinas;utilitarios;ilesos;levemente_feridos;moderadamente_feridos;gravemente_feridos;mortos
"27/09/2025";"18:46:00";"276";"Sem vítima";"60,900";"BR-050/MG";"Decrescente";"Tombamento";0;0;0;0;0;1;0;0;0;0;1;0;0;0;0
"27/09/2025";"20:51:00";"297";"Com vítima";"65,200";"BR-050/MG";"Crescente";"Tombamento";0;0;0;0;0;1;0;0;0;0;0;1;0;0;0
"27/09/2025";"22:04:00";"307";"Com vítima";"174,000";"BR-050/MG";"Crescente";"Colisão lateral no mesmo sentido";0;0;0;1;0;1;0;0;0;0;1;1;0;0;0
"28/09/2025";"07:25:00";"48";"Sem vítima";"162,000";"BR-050/MG";"Decrescente";"Choque";1;0;0;0;0;0;0;0;0;0;1;0;0;0;0
"28/09/2025";"11:07:00";"116";"Com vítima";"82,000";"BR-050/MG";"Decrescente";"Colisão traseira";1;0;0;1;0;0;0;0;0;0;1;1;0;0;0
"28/09/2025";"12:39:00";"135";"Sem vítima";"14,000";"BR-050/MG";"Decrescente";"Colisão traseira";1;0;0;0;0;1;0;0;0;0;3;0;0;0;0
"28/09/2025";"17:23:00";"214";"Sem vítima";"0,000";"Contorno ";"Decrescente";"Choque";1;0;0;0;0;0;0;0;0;0;1;0;0;0;0
"28/09/2025";"20:27:00";"260";"Sem vítima";"144,700";"BR-050/GO";"Crescente";"Choque";0;0;0;0;0;0;0;0;0;1;1;0;0;0;0
"28/09/2025";"21:19:00";"266";"Com vítima";"14,800";"Contorno ";"Crescente";"Choque";0;0;0;0;0;0;0;0;0;1;0;1;0;0;0
"29/09/2025";"05:27:00";"22";"Com vítima";"59,000";"BR-050/MG";"Crescente";"Colisão traseira";1;0;0;0;0;1;0;0;0;0;1;1;0;0;0
"29/09/2025";"09:54:00";"137";"Com vítima";"42,200";"BR-050/MG";"Decrescente";"Colisão traseira";0;0;1;0;0;1;0;0;0;0;2;1;0;0;0
"30/09/2025";"15:52:00";"271";"Com vítima";"28,650";"BR-050/MG";"Decrescente";"Capotamento";1;0;0;0;0;0;0;0;0;0;0;0;1;0;0
"30/09/2025";"18:53:00";"340";"Sem vítima";"271,690";"BR-050/GO";"Decrescente";"Capotamento";1;0;0;0;0;1;0;0;0;0;3;0;0;0;0
"01/10/2025";"07:58:00";"105";"Sem vítima";"185,500";"BR-050/MG";"Decrescente";"Colisão lateral no mesmo sentido";1;0;0;0;0;1;0;0;0;0;2;0;0;0;0
"01/10/2025";"08:50:00";"127";"Sem vítima";"29,950";"BR-050/MG";"Decrescente";"Colisão traseira";1;0;1;0;0;1;0;0;0;0;4;0;0;0;0
"01/10/2025";"18:17:00";"313";"Sem vítima";"36,050";"BR-050/MG";"Crescente";"Colisão traseira";0;0;0;0;0;1;0;0;0;1;2;0;0;0;0
"02/10/2025";"06:04:00";"48";"Sem vítima";"44,500";"BR-050/MG";"Crescente";"Colisão lateral no mesmo sentido";1;0;0;0;0;1;0;0;0;0;4;0;0;0;0
"02/10/2025";"09:33:00";"148";"Sem vítima";"16,600";"Contorno ";"Crescente";"Colisão traseira";0;0;0;0;0;2;0;0;0;0;2;0;0;0;0
"02/10/2025";"12:25:00";"205";"Com vítima";"182,800";"BR-050/MG";"Crescente";"Colisão traseira";1;0;1;0;0;0;0;0;0;0;2;1;0;0;0
"02/10/2025";"13:01:00";"217";"Sem vítima";"26,600";"BR-050/MG";"Crescente";"Colisão lateral no mesmo sentido";0;0;0;0;0;1;0;0;0;1;2;0;0;0;0
"02/10/2025";"18:22:00";"307";"Sem vítima";"42,000";"BR-050/MG";"Decrescente";"Choque";1;0;0;0;0;0;0;0;0;0;2;0;0;0;0
"03/10/2025";"03:34:00";"15";"Sem vítima";"182,400";"BR-050/MG";"Crescente";"Atropelamento de animal";0;0;0;0;0;1;0;0;0;0;1;0;0;0;0
"03/10/2025";"05:30:00";"34";"Sem vítima";"98,900";"BR-050/GO";"Decrescente";"Choque";0;0;1;0;0;0;0;0;0;0;1;0;0;0;0
"03/10/2025";"10:18:00";"150";"Sem vítima";"139,300";"BR-050/MG";"Crescente";"Choque";0;0;0;0;0;1;0;0;0;0;1;0;0;0;0
"03/10/2025";"10:55:00";"164";"Sem vítima";"145,900";"BR-050/MG";"Crescente";"Colisão traseira";1;0;0;0;0;0;0;0;0;1;4;0;0;0;0
"03/10/2025";"15:01:00";"250";"Sem vítima";"29,600";"BR-050/MG";"Decrescente";"Choque";0;0;0;0;0;0;0;0;0;1;1;0;0;0;0
"03/10/2025";"20:22:00";"348";"Sem vítima";"146,000";"BR-050/GO";"Crescente";"Choque";1;0;0;0;0;0;0;0;0;0;1;0;0;0;0
"04/10/2025";"01:40:00";"19";"Sem vítima";"108,000";"BR-050/GO";"Decrescente";"Choque";0;0;0;0;0;1;0;0;0;0;1;0;0;0;0
"04/10/2025";"15:36:00";"255";"Sem vítima";"4,300";"BR-050/MG";"Decrescente";"Choque";0;0;0;0;0;1;0;0;0;0;1;0;0;0;0
"04/10/2025";"15:58:00";"267";"Sem vítima";"177,500";"BR-050/MG";"Crescente";"Choque";1;0;0;0;0;0;0;0;0;0;2;0;0;0;0
"04/10/2025";"21:11:00";"334";"Sem vítima";"107,000";"BR-050/MG";"Decrescente";"Choque";1;0;0;0;0;0;0;0;0;0;1;0;0;0;0
"05/10/2025";"00:41:00";"11";"Com vítima";"170,000";"BR-050/MG";"Crescente";"Capotamento";1;0;0;0;0;1;0;0;0;0;1;2;0;0;0
"05/10/2025";"03:40:00";"23";"Com vítima";"158,000";"BR-050/MG";"Decrescente";"Choque";1;0;0;0;0;0;0;0;0;0;0;1;0;0;0
"05/10/2025";"09:32:00";"95";"Com vítima";"11,300";"BR-050/MG";"Crescente";"Choque";0;0;0;1;0;0;0;0;0;0;0;1;0;0;0
"05/10/2025";"19:40:00";"277";"Sem vítima";"12,000";"Contorno ";"Decrescente";"Choque";1;0;0;0;0;0;0;0;0;0;3;0;0;0;0
"05/10/2025";"22:27:00";"316";"Sem vítima";"128,200";"BR-050/MG";"Crescente";"Atropelamento de animal";1;0;0;0;0;0;0;0;0;0;1;0;0;0;0
"06/10/2025";"06:09:00";"59";"Sem vítima";"52,000";"BR-050/MG";"Decrescente";"Choque";0;0;1;0;0;0;0;0;0;0;1;0;0;0;0
"06/10/2025";"07:07:00";"84";"Sem vítima";"109,400";"BR-050/GO";"Crescente";"Choque";1;0;0;0;0;0;0;0;0;0;1;0;0;0;0
"06/10/2025";"07:30:00";"105";"Com vítima";"22,600";"BR-050/MG";"Crescente";"Capotamento";0;0;0;0;0;0;0;0;0;1;0;0;1;0;1
"06/10/2025";"07:35:00";"108";"Com vítima";"120,400";"BR-050/MG";"Decrescente";"Capotamento";1;0;0;0;0;0;0;0;0;0;0;0;1;0;0
"06/10/2025";"15:36:00";"299";"Sem vítima";"174,900";"BR-050/MG";"Crescente";"Colisão lateral no mesmo sentido";1;0;0;0;0;1;0;0;0;0;2;0;0;0;0
"06/10/2025";"16:03:00";"308";"Sem vítima";"27,000";"BR-050/MG";"Crescente";"Choque";1;0;0;0;0;0;0;0;0;0;2;0;0;0;0
"07/10/2025";"07:14:00";"88";"Sem vítima";"21,500";"BR-050/MG";"Decrescente";"Colisão lateral no mesmo sentido";0;0;0;0;0;2;0;0;0;0;2;0;0;0;0
"07/10/2025";"17:41:00";"344";"Sem vítima";"42,000";"BR-050/MG";"Decrescente";"Colisão traseira";2;0;0;0;0;0;0;0;0;0;2;0;0;0;0
"07/10/2025";"18:13:00";"353";"Com vítima";"20,000";"Contorno ";"Crescente";"Colisão traseira";1;0;0;1;0;0;0;0;0;0;2;0;1;0;0
"08/10/2025";"06:41:00";"76";"Com vítima";"20,000";"Contorno ";"Crescente";"Colisão traseira";2;0;0;0;0;0;0;0;0;0;1;1;0;0;0
"08/10/2025";"14:19:00";"273";"Sem vítima";"98,000";"BR-050/GO";"Crescente";"Tombamento";0;0;1;0;0;0;0;0;0;0;1;0;0;0;0
"08/10/2025";"17:21:00";"357";"Sem vítima";"168,350";"BR-050/MG";"Crescente";"Choque";1;0;0;0;0;0;0;0;0;0;1;0;0;0;0
"09/10/2025";"05:28:00";"52";"Com vítima";"18,900";"BR-050/MG";"Crescente";"Colisão traseira";0;0;1;0;0;0;0;0;0;1;2;1;0;0;0
"09/10/2025";"12:36:00";"239";"Sem vítima";"6,500";"BR-050/MG";"Crescente";"Tombamento";0;0;0;0;0;1;0;0;0;0;1;0;0;0;0
"09/10/2025";"15:31:00";"288";"Sem vítima";"197,600";"BR-050/MG";"Decrescente";"Tombamento";0;0;0;0;0;1;0;0;0;0;1;0;0;0;0
"09/10/2025";"23:49:00";"380";"Sem vítima";"115,900";"BR-050/MG";"Decrescente";"Choque";1;0;0;0;0;0;0;0;0;0;1;0;0;0;0
"10/10/2025";"02:24:00";"16";"Sem vítima";"47,000";"BR-050/MG";"Crescente";"Choque";1;0;0;0;0;0;0;0;0;0;5;0;0;0;0
"10/10/2025";"04:23:00";"34";"Com vítima";"212,000";"BR-050/GO";"Decrescente";"Choque";0;0;1;0;0;0;0;0;0;0;0;1;0;0;0
"10/10/2025";"06:45:00";"70";"Com vítima";"58,000";"BR-050/MG";"Decrescente";"Capotamento";0;0;0;0;0;0;0;0;0;1;0;1;0;0;0
"10/10/2025";"08:31:00";"125";"Com vítima";"132,500";"BR-050/MG";"Decrescente";"Choque";1;0;0;0;0;0;0;0;0;0;0;2;0;0;0
"10/10/2025";"08:44:00";"131";"Sem vítima";"78,500";"BR-050/MG";"Decrescente";"Colisão traseira";2;0;0;0;0;0;0;0;0;0;3;0;0;0;0
"11/10/2025";"08:52:00";"88";"Sem vítima";"56,300";"BR-050/MG";"Decrescente";"Choque";0;0;0;0;0;1;0;0;0;0;1;0;0;0;0
"11/10/2025";"10:03:00";"117";"Com vítima";"147,800";"BR-050/MG";"Crescente";"Carreta deu L";0;0;0;0;0;1;0;0;0;0;0;1;0;0;0
"11/10/2025";"10:11:00";"118";"Sem vítima";"147,600";"BR-050/MG";"Crescente";"Choque";0;0;0;0;0;1;0;0;0;0;1;0;0;0;0
"11/10/2025";"10:31:00";"122";"Sem vítima";"54,500";"BR-050/MG";"Crescente";"Choque";1;0;0;0;0;0;0;0;0;0;3;0;0;0;0
"11/10/2025";"10:40:00";"126";"Sem vítima";"47,000";"BR-050/MG";"Decrescente";"Choque";1;0;0;0;0;0;0;0;0;0;3;0;0;0;0
"11/10/2025";"10:43:00";"128";"Sem vítima";"146,560";"BR-050/MG";"Crescente";"Colisão traseira";1;0;0;0;0;0;0;0;0;1;5;0;0;0;0
"11/10/2025";"12:36:00";"155";"Com vítima";"0,200";"BR-050/MG";"Decrescente";"Choque";1;0;0;0;0;0;0;0;0;0;0;1;0;0;0
"11/10/2025";"12:53:00";"160";"Sem vítima";"29,900";"BR-050/MG";"Crescente";"Choque";1;0;0;0;0;0;0;0;0;0;4;0;0;0;0
"11/10/2025";"13:09:00";"165";"Sem vítima";"2,000";"Contorno ";"Crescente";"Capotamento";0;0;0;0;0;0;0;0;0;1;1;0;0;0;0
"11/10/2025";"20:28:00";"279";"Com vítima";"42,000";"BR-050/MG";"Decrescente";"Colisão traseira";1;0;0;0;0;0;0;0;0;1;2;1;0;0;0
"12/10/2025";"00:43:00";"6";"Sem vítima";"100,000";"BR-050/GO";"Crescente";"Capotamento";1;0;0;0;0;0;0;0;0;0;1;0;0;0;0
"12/10/2025";"01:54:00";"11";"Sem vítima";"140,600";"BR-050/MG";"Decrescente";"Choque";1;0;0;0;0;0;0;0;0;0;1;0;0;0;0
"12/10/2025";"07:55:00";"62";"Com vítima";"175,900";"BR-050/MG";"Decrescente";"Colisão traseira";2;0;0;0;0;0;0;0;0;0;6;1;0;0;0
"12/10/2025";"10:34:00";"126";"Sem vítima";"0,300";"BR-050/MG";"Crescente";"Queda de moto";0;0;0;1;0;0;0;0;0;0;1;0;0;0;0
"12/10/2025";"17:49:00";"258";"Sem vítima";"180,150";"BR-050/MG";"Decrescente";"Colisão traseira";0;0;0;1;0;1;0;0;0;0;2;0;0;0;0
"13/10/2025";"06:41:00";"61";"Com vítima";"48,200";"BR-050/MG";"Crescente";"Capotamento";1;0;0;0;0;0;0;0;0;0;0;1;0;0;0
"13/10/2025";"21:29:00";"345";"Sem vítima";"29,900";"BR-050/MG";"Decrescente";"Choque";0;0;0;0;0;1;0;0;0;0;1;0;0;0;0
"14/10/2025";"00:01:00";"1";"Sem vítima";"6,200";"BR-050/MG";"Crescente";"Tombamento";0;0;1;0;0;0;0;0;0;0;1;0;0;0;0
"14/10/2025";"11:49:00";"174";"Com vítima";"125,830";"BR-050/MG";"Decrescente";"Tombamento";0;0;0;0;0;0;0;0;0;1;0;1;0;0;0
"14/10/2025";"12:45:00";"187";"Sem vítima";"133,800";"BR-050/GO";"Decrescente";"Choque";0;0;1;0;0;0;0;0;0;0;1;0;0;0;0
"14/10/2025";"22:50:00";"364";"Sem vítima";"135,400";"BR-050/MG";"Crescente";"Atropelamento de animal";1;0;0;0;0;0;0;0;0;0;2;0;0;0;0
"14/10/2025";"23:42:00";"372";"Sem vítima";"92,300";"BR-050/MG";"Decrescente";"Choque";1;0;0;0;0;0;0;0;0;0;2;0;0;0;0
"15/10/2025";"05:59:00";"33";"Sem vítima";"171,000";"BR-050/GO";"Decrescente";"Tombamento";0;0;1;0;0;0;0;0;0;0;2;0;0;0;0
"15/10/2025";"08:58:00";"131";"Sem vítima";"4,000";"Contorno ";"Crescente";"Colisão lateral no mesmo sentido";0;0;0;0;0;1;0;0;0;0;2;0;0;0;0
"15/10/2025";"15:35:00";"285";"Sem vítima";"305,250";"BR-050/GO";"Decrescente";"Choque";0;0;1;0;0;0;0;0;0;0;1;0;0;0;0
"15/10/2025";"17:42:00";"317";"Sem vítima";"21,400";"Contorno ";"Crescente";"Colisão traseira";1;0;0;0;0;0;0;0;0;0;3;0;0;0;0
"15/10/2025";"22:39:00";"389";"Com vítima";"148,400";"BR-050/GO";"Crescente";"Tombamento";0;0;0;0;0;1;0;0;0;0;1;0;1;0;0
"16/10/2025";"07:10:00";"81";"Com vítima";"174,100";"BR-050/MG";"Decrescente";"Colisão traseira";1;0;0;1;0;0;0;0;0;0;1;1;0;0;0
"16/10/2025";"08:23:00";"118";"Sem vítima";"198,060";"BR-050/MG";"Crescente";"Choque";0;0;0;0;0;1;0;0;0;0;1;0;0;0;0
"16/10/2025";"13:33:00";"248";"Com vítima";"198,060";"BR-050/MG";"Crescente";"Choque";1;0;0;0;0;0;0;0;0;0;2;1;0;0;0
"16/10/2025";"19:32:00";"377";"Com vítima";"199,500";"BR-050/GO";"Crescente";"Capotamento";0;0;0;0;0;0;0;0;0;1;0;0;1;0;0
"16/10/2025";"23:50:00";"415";"Sem vítima";"205,800";"BR-050/GO";"Decrescente";"Atropelamento de animal";1;0;0;0;0;0;0;0;0;0;1;0;0;0;0
"17/10/2025";"09:38:00";"166";"Sem vítima";"184,500";"BR-050/MG";"Decrescente";"Capotamento";1;0;0;0;0;0;0;0;0;0;1;0;0;0;0
"17/10/2025";"12:30:00";"245";"Sem vítima";"287,300";"BR-050/GO";"Decrescente";"Choque";1;0;0;0;0;0;0;0;0;0;1;0;0;0;0
"17/10/2025";"14:03:00";"284";"Sem vítima";"125,600";"BR-050/MG";"Decrescente";"Colisão lateral no mesmo sentido";0;0;1;0;0;0;0;0;0;1;3;0;0;0;0
"17/10/2025";"15:59:00";"318";"Sem vítima";"170,080";"BR-050/MG";"Decrescente";"Choque";0;0;1;0;0;0;0;0;0;0;1;0;0;0;0
"17/10/2025";"18:45:00";"370";"Sem vítima";"190,200";"BR-050/MG";"Crescente";"Engavetamento";3;0;0;0;0;0;0;0;0;1;13;0;0;0;0
"17/10/2025";"19:32:00";"388";"Sem vítima";"190,800";"BR-050/MG";"Crescente";"Colisão lateral no mesmo sentido";1;0;1;0;1;0;0;0;0;0;15;0;0;0;0
"17/10/2025";"22:40:00";"423";"Com vítima";"42,000";"BR-050/MG";"Crescente";"Colisão traseira";0;0;1;0;0;1;0;0;0;0;1;0;0;0;1
"18/10/2025";"00:48:00";"9";"Sem vítima";"203,600";"BR-050/MG";"Decrescente";"Colisão lateral em sentido contrário";1;0;0;0;0;1;0;0;0;0;2;0;0;0;0
"18/10/2025";"17:40:00";"258";"Com vítima";"47,300";"BR-050/MG";"Crescente";"Choque";1;0;0;0;0;0;0;0;0;0;1;1;0;0;0
"18/10/2025";"18:26:00";"271";"Sem vítima";"19,060";"BR-050/MG";"Decrescente";"Choque";0;0;1;0;0;0;0;0;0;0;1;0;0;0;0
"18/10/2025";"19:06:00";"281";"Sem vítima";"19,060";"BR-050/MG";"Decrescente";"Choque";1;0;0;0;0;0;0;0;0;0;2;0;0;0;0
"19/10/2025";"00:37:00";"4";"Sem vítima";"111,000";"BR-050/MG";"Decrescente";"Choque";1;0;0;0;0;0;0;0;0;0;3;0;0;0;0
"19/10/2025";"10:38:00";"94";"Com vítima";"79,300";"BR-050/MG";"Decrescente";"Colisão lateral no mesmo sentido";0;0;0;1;0;1;0;0;0;0;1;0;1;0;0
"19/10/2025";"21:44:00";"259";"Com vítima";"220,000";"BR-050/GO";"Crescente";"Choque";1;0;0;0;0;0;0;0;0;0;0;0;2;0;0
"20/10/2025";"06:12:00";"60";"Com vítima";"147,000";"BR-050/GO";"Decrescente";"Queda de moto";0;0;0;1;0;0;0;0;0;0;0;1;0;0;0
"20/10/2025";"14:28:00";"286";"Sem vítima";"129,000";"BR-050/GO";"Crescente";"Colisão lateral no mesmo sentido";1;0;0;0;0;0;0;0;0;1;3;0;0;0;0
"20/10/2025";"15:08:00";"296";"Com vítima";"179,800";"BR-050/MG";"Crescente";"Capotamento";1;0;0;0;0;0;0;0;0;0;0;1;0;1;0
"22/10/2025";"06:31:00";"44";"Sem vítima";"52,700";"BR-050/MG";"Decrescente";"Choque";0;0;0;0;0;1;0;0;0;0;1;0;0;0;0
"22/10/2025";"11:01:00";"173";"Sem vítima";"96,300";"BR-050/GO";"Crescente";"Colisão lateral no mesmo sentido";0;0;0;0;0;1;0;0;0;1;2;0;0;0;0
"22/10/2025";"16:05:00";"264";"Sem vítima";"78,600";"BR-050/MG";"Decrescente";"Choque";0;0;0;0;0;1;0;0;0;0;1;0;0;0;0
"22/10/2025";"16:46:00";"280";"Sem vítima";"180,000";"BR-050/MG";"Crescente";"Colisão lateral no mesmo sentido";1;0;1;0;0;0;0;0;0;0;3;0;0;0;0
"23/10/2025";"02:38:00";"11";"Sem vítima";"133,567";"BR-050/MG";"Decrescente";"Choque";0;0;0;0;0;0;0;0;0;1;2;0;0;0;0
"23/10/2025";"06:59:00";"73";"Com vítima";"79,500";"BR-050/MG";"Decrescente";"Engavetamento";2;0;0;0;0;1;0;0;0;0;3;0;0;2;0
"23/10/2025";"11:13:00";"202";"Sem vítima";"173,200";"BR-050/MG";"Decrescente";"Colisão traseira";0;0;1;0;0;0;0;0;0;1;2;0;0;0;0
"23/10/2025";"13:43:00";"229";"Sem vítima";"179,800";"BR-050/MG";"Decrescente";"Colisão lateral no mesmo sentido";0;0;1;0;0;1;0;0;0;0;3;0;0;0;0
"23/10/2025";"14:56:00";"255";"Sem vítima";"79,400";"BR-050/MG";"Crescente";"Tombamento";0;0;0;0;0;1;0;0;0;0;1;0;0;0;0
"24/10/2025";"01:52:00";"18";"Sem vítima";"288,000";"BR-050/GO";"Decrescente";"Atropelamento de animal";0;0;0;0;1;0;0;0;0;0;1;0;0;0;0
"24/10/2025";"15:16:00";"296";"Sem vítima";"95,700";"BR-050/GO";"Decrescente";"Choque";0;0;0;0;0;0;0;0;0;1;5;0;0;0;0
"24/10/2025";"17:09:00";"338";"Com vítima";"186,100";"BR-050/MG";"Crescente";"Colisão traseira";1;0;0;0;0;0;0;0;0;1;3;0;1;0;0
"24/10/2025";"19:28:00";"369";"Sem vítima";"22,900";"BR-050/MG";"Decrescente";"Choque";1;0;0;0;0;0;0;0;0;0;1;0;0;0;0
"25/10/2025";"01:21:00";"10";"Com vítima";"12,500";"BR-050/MG";"Crescente";"Capotamento";1;0;0;0;0;0;0;0;0;0;3;2;0;0;0
"25/10/2025";"06:14:00";"32";"Com vítima";"169,700";"BR-050/MG";"Decrescente";"Queda de moto";0;0;0;1;0;0;0;0;0;0;0;1;0;0;0
"25/10/2025";"08:28:00";"89";"Com vítima";"78,900";"BR-050/MG";"Crescente";"Colisão frontal";1;0;0;0;0;1;0;0;0;1;1;1;2;0;0
"25/10/2025";"14:17:00";"225";"Com vítima";"40,000";"BR-050/MG";"Crescente";"Colisão lateral no mesmo sentido";0;0;1;1;0;0;0;0;0;0;1;1;0;0;0
"26/10/2025";"06:30:00";"41";"Sem vítima";"95,700";"BR-050/GO";"Crescente";"Colisão frontal";0;0;0;1;0;0;0;0;0;1;4;0;0;0;0
"26/10/2025";"10:01:00";"95";"Com vítima";"0,300";"BR-050/MG";"Decrescente";"Queda de moto";0;0;0;1;0;0;0;0;0;0;0;1;0;0;0
"26/10/2025";"19:25:00";"270";"Sem vítima";"150,600";"BR-050/GO";"Crescente";"Atropelamento de animal";1;0;0;0;0;0;0;0;0;0;2;0;0;0;0
"26/10/2025";"19:57:00";"278";"Com vítima";"189,900";"BR-050/GO";"Crescente";"Tombamento";0;0;0;0;0;1;0;0;0;0;0;0;1;0;0
"27/10/2025";"07:33:00";"91";"Sem vítima";"18,200";"Contorno ";"Crescente";"Choque";0;0;0;0;0;0;0;0;0;2;3;0;0;0;0
"27/10/2025";"07:35:00";"95";"Com vítima";"169,150";"BR-050/MG";"Decrescente";"Queda de moto";0;0;0;1;0;0;0;0;0;0;0;0;1;0;0
"27/10/2025";"13:06:00";"222";"Sem vítima";"51,475";"BR-050/MG";"Crescente";"Atropelamento de pedestre";0;0;0;0;0;1;0;0;0;0;2;0;0;0;0
"27/10/2025";"18:07:00";"287";"Com vítima";"177,500";"BR-050/MG";"Decrescente";"Choque";1;0;0;0;0;0;0;0;0;0;0;1;0;0;0
"27/10/2025";"19:29:00";"302";"Sem vítima";"282,000";"BR-050/GO";"Crescente";"Colisão lateral em sentido contrário";0;0;1;0;0;0;0;0;0;1;5;0;0;0;0
"27/10/2025";"20:26:00";"316";"Sem vítima";"179,400";"BR-050/GO";"Crescente";"Atropelamento de animal";0;0;0;0;0;0;0;0;0;1;4;0;0;0;0
"28/10/2025";"03:25:00";"10";"Sem vítima";"140,450";"BR-050/MG";"Crescente";"Choque";0;0;0;0;0;1;0;0;0;0;1;0;0;0;0
"28/10/2025";"06:23:00";"54";"Com vítima";"47,900";"BR-050/MG";"Crescente";"Capotamento";1;0;0;0;0;0;0;0;0;0;0;3;0;0;0
"28/10/2025";"06:53:00";"76";"Sem vítima";"47,900";"BR-050/MG";"Crescente";"Choque";1;0;0;0;0;0;0;0;0;0;1;0;0;0;0
"28/10/2025";"20:37:00";"386";"Com vítima";"55,950";"BR-050/MG";"Decrescente";"Colisão traseira";1;0;0;0;0;1;0;0;0;0;1;4;0;0;0
"28/10/2025";"23:42:00";"416";"Sem vítima";"95,700";"BR-050/GO";"Decrescente";"Choque";0;0;0;0;0;0;0;0;0;1;2;0;0;0;0
"29/10/2025";"03:06:00";"25";"Com vítima";"124,150";"BR-050/MG";"Crescente";"Atropelamento de pedestre";0;0;0;0;0;1;0;0;0;0;1;0;0;1;0
"29/10/2025";"06:13:00";"71";"Com vítima";"62,000";"BR-050/MG";"Decrescente";"Capotamento";0;0;1;0;0;0;0;0;0;0;0;0;0;1;0
"29/10/2025";"06:46:00";"81";"Sem vítima";"130,800";"BR-050/MG";"Crescente";"Choque";1;0;0;0;0;0;0;0;0;0;1;0;0;0;0
"29/10/2025";"09:25:00";"164";"Com vítima";"139,800";"BR-050/MG";"Crescente";"Colisão traseira";0;0;0;0;0;1;0;0;0;1;1;1;0;1;0
"29/10/2025";"12:16:00";"231";"Sem vítima";"62,000";"BR-050/MG";"Crescente";"Colisão traseira";1;0;0;0;0;0;0;0;0;1;2;0;0;0;0
"29/10/2025";"17:11:00";"344";"Com vítima";"274,000";"BR-050/GO";"Decrescente";"Colisão lateral no mesmo sentido";0;0;1;1;0;0;0;0;0;0;1;0;1;0;0
"30/10/2025";"02:50:00";"28";"Com vítima";"21,000";"Contorno ";"Crescente";"Atropelamento de animal";0;0;0;1;0;0;0;0;0;0;0;1;0;0;0
"30/10/2025";"07:53:00";"129";"Com vítima";"111,300";"BR-050/MG";"Crescente";"Colisão traseira";0;0;1;0;0;1;0;0;0;0;1;2;0;0;0
"30/10/2025";"10:46:00";"188";"Com vítima";"127,000";"BR-050/MG";"Decrescente";"Tombamento";0;0;0;0;0;1;0;0;0;0;0;1;0;0;0
"30/10/2025";"13:32:00";"230";"Sem vítima";"91,700";"BR-050/MG";"Decrescente";"Choque";1;0;0;0;0;0;0;0;0;0;1;0;0;0;0
"30/10/2025";"16:52:00";"287";"Com vítima";"55,000";"BR-050/MG";"Crescente";"Choque";0;0;0;0;0;0;0;0;0;1;0;1;0;0;0
"30/10/2025";"23:31:00";"351";"Com vítima";"6,900";"BR-050/MG";"Crescente";"Tombamento";0;0;1;0;0;0;0;0;0;0;0;1;0;0;0
"31/10/2025";"15:41:00";"286";"Sem vítima";"282,800";"BR-050/GO";"Crescente";"Acidentes de outra natureza";0;0;0;0;0;1;0;0;0;0;1;0;0;0;0
"31/10/2025";"18:02:00";"344";"Sem vítima";"169,000";"BR-050/MG";"Crescente";"Choque";0;0;1;0;0;0;0;0;0;0;1;0;0;0;0
"01/11/2025";"00:01:00";"3";"Sem vítima";"58,500";"BR-050/MG";"Decrescente";"Atropelamento de animal";1;0;0;0;0;0;0;0;0;0;2;0;0;0;0
"01/11/2025";"00:30:00";"12";"Sem vítima";"58,500";"BR-050/MG";"Decrescente";"Atropelamento de animal";1;0;0;0;0;0;0;0;0;0;3;0;0;0;0
"01/11/2025";"16:59:00";"297";"Sem vítima";"78,800";"BR-050/MG";"Decrescente";"Choque";1;0;0;0;0;0;0;0;0;0;3;0;0;0;0
"01/11/2025";"18:01:00";"315";"Com vítima";"79,800";"BR-050/MG";"Crescente";"Queda de moto";0;0;0;1;0;0;0;0;0;0;0;1;0;0;0
"01/11/2025";"19:36:00";"339";"Sem vítima";"244,900";"BR-050/GO";"Decrescente";"Choque";1;0;0;0;0;0;0;0;0;0;1;0;0;0;0
"02/11/2025";"07:08:00";"60";"Com vítima";"48,500";"BR-050/MG";"Crescente";"Capotamento";0;0;0;0;0;0;0;0;0;1;0;1;0;0;0
"02/11/2025";"13:11:00";"176";"Com vítima";"15,000";"Contorno ";"Decrescente";"Choque";1;0;0;0;0;0;0;0;0;0;1;1;0;0;0