data;horario;n_da_ocorrencia;tipo_de_ocorrencia;km;trecho;sentido;tipo_de_acidente;automovel;bicicleta;caminhao;moto;onibus;outros;tracao_animal;transporte_de_cargas_especiais;trator_maquinas;utilitarios;ilesos;levemente_feridos;moderadamente_feridos;gravemente_feridos;mortos
"02/11/2025";"16:29:00";"239";"Sem vítima";"132,000";"BR-050/MG";"Crescente";"Choque";1;0;0;0;0;0;0;0;0;0;3;0;0;0;0
"02/11/2025";"16:37:00";"244";"Com vítima";"133,600";"BR-050/MG";"Crescente";"Choque";1;0;0;0;0;0;0;0;0;0;1;1;0;0;0
"02/11/2025";"17:50:00";"277";"Sem vítima";"267,000";"BR-050/GO";"Decrescente";"Choque";1;0;0;0;0;0;0;0;0;0;2;0;0;0;0
"02/11/2025";"17:56:00";"281";"Sem vítima";"29,700";"BR-050/MG";"Crescente";"Choque";1;0;0;0;0;0;0;0;0;0;2;0;0;0;0
"02/11/2025";"18:09:00";"283";"Sem vítima";"1,700";"Contorno ";"Decrescente";"Choque";0;0;0;0;0;0;0;0;0;1;2;0;0;0;0
"02/11/2025";"18:27:00";"286";"Com vítima";"278,000";"BR-050/GO";"Crescente";"Colisão transversal";2;0;0;0;0;0;0;0;0;0;1;1;0;0;0
"02/11/2025";"19:54:00";"307";"Com vítima";"20,060";"BR-050/MG";"Crescente";"Tombamento";0;0;0;0;0;1;0;0;0;1;3;1;0;0;0
"02/11/2025";"20:15:00";"312";"Sem vítima";"278,000";"BR-050/GO";"Decrescente";"Choque";1;0;0;0;0;0;0;0;0;0;1;0;0;0;0
"02/11/2025";"20:35:00";"320";"Sem vítima";"278,000";"BR-050/GO";"Decrescente";"Choque";1;0;0;0;0;0;0;0;0;0;2;0;0;0;0
"02/11/2025";"20:54:00";"326";"Sem vítima";"278,000";"BR-050/GO";"Decrescente";"Choque";1;0;0;0;0;0;0;0;0;0;2;0;0;0;0
"02/11/2025";"21:00:00";"328";"Sem vítima";"61,500";"BR-050/MG";"Crescente";"Choque";0;0;0;0;0;0;0;0;0;1;3;0;0;0;0
"02/11/2025";"21:00:00";"329";"Sem vítima";"248,800";"BR-050/GO";"Crescente";"Choque";0;0;0;0;0;0;0;0;0;1;1;0;0;0;0
"02/11/2025";"22:46:00";"347";"Sem vítima";"174,000";"BR-050/MG";"Decrescente";"Colisão traseira";2;0;0;0;0;0;0;0;0;0;3;0;0;0;0
"03/11/2025";"00:32:00";"3";"Sem vítima";"117,500";"BR-050/MG";"Decrescente";"Colisão traseira";0;0;1;0;0;1;0;0;0;0;2;0;0;0;0
"03/11/2025";"06:12:00";"56";"Sem vítima";"282,346";"BR-050/GO";"Crescente";"Choque";1;0;0;0;0;0;0;0;0;0;1;0;0;0;0
"03/11/2025";"06:57:00";"71";"Sem vítima";"0,500";"BR-050/MG";"Decrescente";"Choque";1;0;0;0;0;0;0;0;0;0;1;0;0;0;0
"03/11/2025";"07:09:00";"76";"Sem vítima";"115,500";"BR-050/MG";"Decrescente";"Choque";1;0;0;0;0;0;0;0;0;0;1;0;0;0;0
"03/11/2025";"07:14:00";"79";"Com vítima";"54,000";"BR-050/MG";"Crescente";"Capotamento";1;0;0;0;0;0;0;0;0;0;0;1;0;0;0
"03/11/2025";"07:46:00";"96";"Com vítima";"127,000";"BR-050/MG";"Crescente";"Choque";1;0;0;0;0;0;0;0;0;0;0;1;0;0;0
"03/11/2025";"07:56:00";"100";"Com vítima";"48,200";"BR-050/MG";"Crescente";"Choque";1;0;0;0;0;0;0;0;0;0;0;1;0;0;0
"03/11/2025";"09:11:00";"141";"Sem vítima";"100,000";"BR-050/GO";"Decrescente";"Choque";0;0;1;0;0;0;0;0;0;0;1;0;0;0;0
"03/11/2025";"12:51:00";"210";"Com vítima";"229,800";"BR-050/GO";"Crescente";"Capotamento";1;0;0;0;0;1;0;0;0;0;1;1;0;0;0
"03/11/2025";"13:47:00";"230";"Com vítima";"217,000";"BR-050/GO";"Decrescente";"Capotamento";1;0;0;0;0;0;0;0;0;0;0;4;1;0;0
"03/11/2025";"14:23:00";"238";"Sem vítima";"105,500";"BR-050/GO";"Decrescente";"Choque";0;0;1;0;0;0;0;0;0;0;1;0;0;0;0
"03/11/2025";"18:58:00";"320";"Sem vítima";"177,000";"BR-050/MG";"Crescente";"Colisão traseira";0;0;0;1;0;0;0;0;0;1;2;0;0;0;0
"03/11/2025";"23:43:00";"388";"Sem vítima";"78,600";"BR-050/MG";"Decrescente";"Colisão traseira";0;0;0;0;0;2;0;0;0;0;2;0;0;0;0
"04/11/2025";"05:53:00";"46";"Com vítima";"279,500";"BR-050/GO";"Decrescente";"Choque";0;0;0;0;1;0;0;0;0;0;1;1;0;0;0
"04/11/2025";"07:54:00";"121";"Sem vítima";"43,850";"BR-050/MG";"Crescente";"Colisão lateral no mesmo sentido";1;0;0;0;0;1;0;0;0;0;2;0;0;0;0
"04/11/2025";"10:45:00";"178";"Sem vítima";"79,000";"BR-050/MG";"Decrescente";"Colisão traseira";0;0;0;0;0;1;0;0;0;1;2;0;0;0;0
"04/11/2025";"17:19:00";"309";"Com vítima";"244,300";"BR-050/GO";"Crescente";"Tombamento";0;0;0;0;0;1;0;0;0;0;0;0;1;0;0
"05/11/2025";"10:21:00";"211";"Sem vítima";"55,500";"BR-050/MG";"Decrescente";"Tombamento";0;0;0;0;0;1;0;0;0;0;1;0;0;0;0
"05/11/2025";"18:52:00";"417";"Sem vítima";"27,900";"BR-050/MG";"Crescente";"Choque";1;0;0;0;0;0;0;0;0;0;1;0;0;0;0
"05/11/2025";"19:07:00";"424";"Sem vítima";"9,900";"BR-050/MG";"Decrescente";"Choque";0;0;0;0;0;0;0;0;0;1;1;0;0;0;0
"06/11/2025";"05:40:00";"53";"Sem vítima";"12,000";"BR-050/MG";"Crescente";"Choque";0;0;1;0;0;0;0;0;0;0;1;0;0;0;0
"06/11/2025";"08:05:00";"130";"Sem vítima";"186,100";"BR-050/MG";"Decrescente";"Choque";0;0;0;0;0;1;0;0;0;0;1;0;0;0;0
"06/11/2025";"12:11:00";"255";"Com vítima";"239,400";"BR-050/GO";"Decrescente";"Capotamento";0;0;0;0;0;1;0;0;0;0;0;0;1;0;0
"06/11/2025";"15:12:00";"322";"Sem vítima";"190,200";"BR-050/MG";"Crescente";"Choque";0;0;0;0;0;1;0;0;0;0;1;0;0;0;0
"06/11/2025";"15:19:00";"323";"Sem vítima";"190,000";"BR-050/MG";"Crescente";"Choque";0;0;0;0;0;1;0;0;0;0;1;0;0;0;0
"06/11/2025";"15:19:00";"324";"Sem vítima";"190,700";"BR-050/MG";"Crescente";"Choque";1;0;0;0;0;0;0;0;0;0;1;0;0;0;0
"06/11/2025";"21:57:00";"432";"Sem vítima";"97,280";"BR-050/GO";"Decrescente";"Choque";1;0;0;0;0;0;0;0;0;0;2;0;0;0;0
"07/11/2025";"09:32:00";"154";"Com vítima";"188,200";"BR-050/MG";"Crescente";"Colisão traseira";1;0;0;0;0;0;0;0;0;1;5;1;0;0;0
"07/11/2025";"09:35:00";"158";"Sem vítima";"187,500";"BR-050/MG";"Crescente";"Engavetamento";2;0;0;0;0;1;0;0;0;1;5;0;0;0;0
"07/11/2025";"11:08:00";"207";"Com vítima";"199,600";"BR-050/MG";"Decrescente";"Choque";1;0;0;0;0;0;0;0;0;0;2;0;1;0;0
"07/11/2025";"12:05:00";"224";"Sem vítima";"57,000";"BR-050/MG";"Crescente";"Colisão traseira";0;0;0;0;0;0;0;0;0;2;4;0;0;0;0
"07/11/2025";"16:15:00";"297";"Sem vítima";"25,800";"BR-050/MG";"Crescente";"Queda de moto";0;0;0;1;0;0;0;0;0;0;1;0;0;0;0
"08/11/2025";"14:19:00";"200";"Sem vítima";"47,420";"BR-050/MG";"Crescente";"Choque";1;0;0;0;0;0;0;0;0;0;1;0;0;0;0
"08/11/2025";"14:38:00";"205";"Sem vítima";"62,450";"BR-050/MG";"Decrescente";"Choque";1;0;0;0;0;0;0;0;0;0;2;0;0;0;0
"08/11/2025";"15:30:00";"222";"Sem vítima";"11,900";"BR-050/MG";"Decrescente";"Choque";1;0;0;0;0;0;0;0;0;0;2;0;0;0;0
"08/11/2025";"16:25:00";"236";"Sem vítima";"54,300";"BR-050/MG";"Crescente";"Acidentes de outra natureza";0;0;0;0;0;0;0;0;0;1;1;0;0;0;0
"08/11/2025";"19:37:00";"275";"Sem vítima";"281,000";"BR-050/GO";"Crescente";"Choque";0;0;0;0;0;0;0;0;0;1;1;0;0;0;0
"08/11/2025";"23:33:00";"319";"Com vítima";"263,500";"BR-050/GO";"Crescente";"Choque";0;0;0;0;0;0;0;0;0;1;0;1;0;0;0
"09/11/2025";"00:37:00";"6";"Sem vítima";"81,050";"BR-050/MG";"Decrescente";"Choque";1;0;0;0;0;0;0;0;0;0;1;0;0;0;0
"09/11/2025";"02:41:00";"13";"Sem vítima";"28,950";"BR-050/MG";"Decrescente";"Choque";1;0;0;0;0;0;0;0;0;0;1;0;0;0;0
"09/11/2025";"03:30:00";"15";"Sem vítima";"28,950";"BR-050/MG";"Crescente";"Choque";0;0;0;0;0;1;0;0;0;0;1;0;0;0;0
"09/11/2025";"03:38:00";"17";"Com vítima";"276,850";"BR-050/GO";"Crescente";"Choque";1;0;0;0;0;0;0;0;0;0;0;1;0;0;0
"09/11/2025";"05:15:00";"23";"Com vítima";"176,000";"BR-050/MG";"Decrescente";"Queda de moto";0;0;0;1;0;0;0;0;0;0;0;1;0;0;0
"09/11/2025";"05:15:00";"24";"Sem vítima";"176,000";"BR-050/MG";"Decrescente";"Colisão lateral no mesmo sentido";1;0;0;0;0;1;0;0;0;0;2;0;0;0;0
"09/11/2025";"10:49:00";"158";"Com vítima";"232,600";"BR-050/GO";"Decrescente";"Tombamento";0;0;0;0;0;1;0;0;0;0;0;1;0;0;0
"10/11/2025";"08:33:00";"152";"Com vítima";"154,000";"BR-050/MG";"Crescente";"Choque";1;0;0;0;0;0;0;0;0;0;0;1;0;0;0
"10/11/2025";"17:07:00";"340";"Sem vítima";"53,200";"BR-050/MG";"Decrescente";"Colisão traseira";1;0;0;0;0;1;0;0;0;0;2;0;0;0;0
"10/11/2025";"23:21:00";"450";"Com vítima";"82,500";"BR-050/MG";"Decrescente";"Atropelamento de animal";0;0;0;0;0;0;0;0;0;1;0;1;0;0;0
"11/11/2025";"06:53:00";"79";"Sem vítima";"52,957";"BR-050/MG";"Decrescente";"Colisão traseira";1;0;0;0;0;1;0;0;0;0;4;0;0;0;0
"11/11/2025";"13:59:00";"218";"Com vítima";"48,000";"BR-050/MG";"Crescente";"Choque";1;0;0;0;0;0;0;0;0;0;0;2;0;0;0
"11/11/2025";"19:39:00";"321";"Sem vítima";"84,300";"BR-050/MG";"Crescente";"Colisão lateral no mesmo sentido";1;0;0;0;0;1;0;0;0;0;2;0;0;0;0
"12/11/2025";"20:56:00";"371";"Com vítima";"183,000";"BR-050/MG";"Decrescente";"Atropelamento de pedestre";1;0;0;0;0;0;0;0;0;0;2;0;1;0;0
"12/11/2025";"21:24:00";"377";"Sem vítima";"110,000";"BR-050/MG";"Decrescente";"Colisão traseira";0;0;1;0;0;1;0;0;0;0;2;0;0;0;0
"13/11/2025";"07:25:00";"125";"Com vítima";"180,000";"BR-050/MG";"Decrescente";"Colisão traseira";0;0;0;1;0;1;0;0;0;0;1;0;1;0;0
"14/11/2025";"08:15:00";"145";"Com vítima";"42,079";"BR-050/MG";"Crescente";"Colisão traseira";0;0;0;1;0;0;0;0;0;1;1;1;0;0;0
"14/11/2025";"11:19:00";"240";"Sem vítima";"9,500";"Contorno ";"Decrescente";"Colisão lateral no mesmo sentido";0;0;0;0;0;2;0;0;0;0;2;0;0;0;0
"14/11/2025";"11:27:00";"245";"Sem vítima";"112,400";"BR-050/GO";"Decrescente";"Colisão lateral no mesmo sentido";0;0;1;0;0;1;0;0;0;0;3;0;0;0;0
"14/11/2025";"14:59:00";"301";"Com vítima";"112,200";"BR-050/GO";"Decrescente";"Tombamento";0;0;0;0;0;1;0;0;0;0;0;0;1;0;0
"14/11/2025";"17:36:00";"361";"Sem vítima";"47,600";"BR-050/MG";"Decrescente";"Choque";1;0;0;0;0;0;0;0;0;0;1;0;0;0;0
"15/11/2025";"01:54:00";"16";"Sem vítima";"191,000";"BR-050/MG";"Decrescente";"Atropelamento de animal";0;0;0;1;0;0;0;0;0;0;1;0;0;0;0
"15/11/2025";"10:43:00";"139";"Com vítima";"17,500";"BR-050/MG";"Decrescente";"Queda de moto";0;0;0;1;0;0;0;0;0;0;0;0;1;0;0
"15/11/2025";"12:53:00";"176";"Sem vítima";"20,100";"Contorno ";"Crescente";"Choque";1;0;0;0;0;0;0;0;0;0;1;0;0;0;0
"15/11/2025";"13:47:00";"189";"Com vítima";"102,150";"BR-050/MG";"Crescente";"Queda de moto";0;0;0;1;0;0;0;0;0;0;0;0;1;0;0
"15/11/2025";"15:56:00";"217";"Sem vítima";"51,500";"BR-050/MG";"Crescente";"Colisão traseira";0;0;1;0;0;0;0;0;0;1;3;0;0;0;0
"15/11/2025";"19:47:00";"276";"Sem vítima";"97,500";"BR-050/MG";"Decrescente";"Atropelamento de animal";1;0;0;0;0;0;0;0;0;0;4;0;0;0;0
"16/11/2025";"11:26:00";"116";"Sem vítima";"174,000";"BR-050/MG";"Crescente";"Choque";0;0;0;0;0;0;0;0;0;1;2;0;0;0;0
"17/11/2025";"05:48:00";"37";"Sem vítima";"48,330";"BR-050/MG";"Crescente";"Capotamento";1;0;0;0;0;0;0;0;0;0;1;0;0;0;0
"17/11/2025";"06:43:00";"64";"Sem vítima";"135,800";"BR-050/MG";"Crescente";"Choque";0;0;0;0;0;1;0;0;0;0;1;0;0;0;0
"17/11/2025";"11:05:00";"217";"Sem vítima";"19,950";"Contorno ";"Decrescente";"Choque";1;0;0;0;0;0;0;0;0;0;1;0;0;0;0
"17/11/2025";"18:10:00";"345";"Sem vítima";"156,100";"BR-050/MG";"Decrescente";"Choque";0;0;1;0;0;0;0;0;0;0;1;0;0;0;0
"17/11/2025";"20:49:00";"383";"Sem vítima";"175,600";"BR-050/MG";"Decrescente";"Choque";0;0;0;0;0;0;0;0;0;1;1;0;0;0;0
"18/11/2025";"00:28:00";"5";"Sem vítima";"154,000";"BR-050/MG";"Crescente";"Colisão lateral no mesmo sentido";0;0;1;0;0;1;0;0;0;0;2;0;0;0;0
"18/11/2025";"03:18:00";"17";"Sem vítima";"279,800";"BR-050/GO";"Decrescente";"Choque";0;0;0;0;0;1;0;0;0;0;1;0;0;0;0
"18/11/2025";"06:41:00";"65";"Com vítima";"18,000";"Contorno ";"Decrescente";"Queda de moto";0;0;0;1;0;0;0;0;0;0;0;1;0;0;0
"18/11/2025";"09:50:00";"178";"Sem vítima";"157,000";"BR-050/MG";"Decrescente";"Colisão traseira";0;0;0;0;0;0;0;0;0;2;4;0;0;0;0
"18/11/2025";"14:30:00";"277";"Sem vítima";"190,000";"BR-050/MG";"Decrescente";"Colisão lateral no mesmo sentido";0;0;0;0;0;1;0;0;0;1;2;0;0;0;0
"18/11/2025";"16:12:00";"303";"Com vítima";"261,000";"BR-050/GO";"Crescente";"Colisão lateral no mesmo sentido";0;0;0;1;0;0;0;0;0;1;2;1;0;0;0
"18/11/2025";"23:30:00";"400";"Sem vítima";"138,130";"BR-050/MG";"Decrescente";"Colisão lateral no mesmo sentido";0;0;0;0;0;1;0;0;0;1;2;0;0;0;0
"19/11/2025";"08:41:00";"101";"Sem vítima";"180,000";"BR-050/MG";"Crescente";"Colisão transversal";1;0;0;0;0;1;0;0;0;0;2;0;0;0;0
"19/11/2025";"17:24:00";"279";"Sem vítima";"20,000";"Contorno ";"Crescente";"Colisão traseira";2;0;0;0;0;0;0;0;0;0;4;0;0;0;0
"19/11/2025";"17:56:00";"288";"Sem vítima";"98,300";"BR-050/MG";"Crescente";"Choque";0;0;0;0;0;0;0;0;0;1;3;0;0;0;0
"20/11/2025";"09:15:00";"127";"Sem vítima";"190,500";"BR-050/MG";"Crescente";"Capotamento";1;0;0;0;0;0;0;0;0;0;5;0;0;0;0
"20/11/2025";"10:54:00";"180";"Com vítima";"166,600";"BR-050/MG";"Decrescente";"Engavetamento";0;0;1;0;0;2;0;0;0;1;3;0;1;0;0
"20/11/2025";"11:32:00";"202";"Sem vítima";"280,200";"BR-050/GO";"Crescente";"Tombamento";0;0;1;0;0;0;0;0;0;0;1;0;0;0;0
"20/11/2025";"12:08:00";"217";"Sem vítima";"121,400";"BR-050/GO";"Decrescente";"Choque";1;0;0;0;0;0;0;0;0;0;4;0;0;0;0
"20/11/2025";"13:54:00";"239";"Com vítima";"179,000";"BR-050/MG";"Crescente";"Queda de moto";0;0;0;1;0;0;0;0;0;0;0;2;0;0;0
"20/11/2025";"19:24:00";"335";"Com vítima";"96,250";"BR-050/MG";"Decrescente";"Colisão traseira";0;0;0;0;0;1;0;0;0;1;1;0;0;0;1
"21/11/2025";"01:42:00";"12";"Sem vítima";"7,800";"BR-050/MG";"Decrescente";"Choque";0;0;0;0;0;0;0;0;0;1;2;0;0;0;0
"21/11/2025";"04:39:00";"23";"Sem vítima";"280,100";"BR-050/GO";"Crescente";"Choque";0;0;0;0;0;0;0;0;0;1;1;0;0;0;0
"21/11/2025";"20:09:00";"369";"Com vítima";"62,500";"BR-050/MG";"Decrescente";"Capotamento";1;0;0;0;0;0;0;0;0;0;0;2;2;0;0
"22/11/2025";"01:52:00";"15";"Sem vítima";"273,000";"BR-050/GO";"Crescente";"Choque";1;0;0;0;0;0;0;0;0;0;2;0;0;0;0
"22/11/2025";"04:46:00";"23";"Sem vítima";"307,800";"BR-050/GO";"Decrescente";"Tombamento";0;0;0;0;0;1;0;0;0;0;1;0;0;0;0
"22/11/2025";"06:37:00";"51";"Sem vítima";"138,800";"BR-050/MG";"Crescente";"Colisão traseira";0;0;1;0;1;0;0;0;0;0;42;0;0;0;0
"22/11/2025";"07:55:00";"89";"Sem vítima";"158,450";"BR-050/MG";"Crescente";"Choque";0;0;0;0;0;0;0;0;0;1;1;0;0;0;0
"22/11/2025";"09:28:00";"137";"Com vítima";"157,850";"BR-050/MG";"Crescente";"Capotamento";0;0;0;0;0;0;0;0;0;1;2;0;1;0;0
"22/11/2025";"09:48:00";"144";"Com vítima";"278,500";"BR-050/GO";"Decrescente";"Colisão lateral em sentido contrário";0;0;1;0;0;1;0;0;0;0;1;1;0;0;0
"22/11/2025";"09:55:00";"146";"Sem vítima";"204,400";"BR-050/MG";"Crescente";"Colisão lateral no mesmo sentido";1;0;1;0;0;0;0;0;0;0;2;0;0;0;0
"22/11/2025";"16:22:00";"265";"Com vítima";"279,800";"BR-050/GO";"Decrescente";"Choque";1;0;0;0;0;0;0;0;0;0;1;1;0;0;0
"22/11/2025";"17:14:00";"282";"Sem vítima";"209,400";"BR-050/GO";"Decrescente";"Queda de moto";0;0;0;1;0;0;0;0;0;0;2;0;0;0;0
"22/11/2025";"20:08:00";"321";"Sem vítima";"279,000";"BR-050/GO";"Crescente";"Colisão traseira";2;0;0;0;0;0;0;0;0;0;3;0;0;0;0
"22/11/2025";"22:43:00";"350";"Sem vítima";"273,000";"BR-050/GO";"Crescente";"Choque";1;0;0;0;0;0;0;0;0;0;1;0;0;0;0
"22/11/2025";"23:21:00";"358";"Com vítima";"279,000";"BR-050/GO";"Decrescente";"Queda de moto";0;0;0;1;0;0;0;0;0;0;0;1;0;0;0
"23/11/2025";"06:19:00";"31";"Com vítima";"153,700";"BR-050/GO";"Decrescente";"Tombamento";0;0;0;0;0;1;0;0;0;0;1;1;0;0;0
"23/11/2025";"07:29:00";"50";"Com vítima";"62,400";"BR-050/MG";"Decrescente";"Capotamento";1;0;0;0;0;0;0;0;0;0;0;2;0;0;0
"23/11/2025";"09:52:00";"95";"Sem vítima";"88,000";"BR-050/MG";"Decrescente";"Choque";0;0;0;0;0;0;0;0;0;1;3;0;0;0;0
"23/11/2025";"12:51:00";"154";"Sem vítima";"105,400";"BR-050/GO";"Decrescente";"Colisão lateral no mesmo sentido";1;0;0;0;0;1;0;0;0;0;3;0;0;0;0
"23/11/2025";"22:24:00";"294";"Sem vítima";"174,200";"BR-050/MG";"Decrescente";"Choque";1;0;0;0;0;0;0;0;0;0;1;0;0;0;0
"23/11/2025";"23:50:00";"306";"Sem vítima";"119,100";"BR-050/MG";"Decrescente";"Acidentes de outra natureza";1;0;0;0;0;0;0;0;0;0;4;0;0;0;0
"24/11/2025";"06:27:00";"51";"Com vítima";"49,000";"BR-050/MG";"Crescente";"Queda de moto";0;0;0;1;0;0;0;0;0;0;0;1;0;0;0
"24/11/2025";"14:20:00";"210";"Sem vítima";"22,800";"BR-050/MG";"Decrescente";"Choque";0;0;0;0;0;0;0;0;0;1;1;0;0;0;0
"24/11/2025";"22:29:00";"322";"Com vítima";"147,040";"BR-050/MG";"Decrescente";"Colisão traseira";0;0;0;0;0;1;0;0;0;1;1;0;0;0;1
"25/11/2025";"16:27:00";"342";"Sem vítima";"31,500";"BR-050/MG";"Crescente";"Colisão traseira";0;0;0;0;0;2;0;0;0;0;2;0;0;0;0
"25/11/2025";"17:10:00";"358";"Sem vítima";"200,090";"BR-050/MG";"Crescente";"Capotamento";1;0;0;0;0;0;0;0;0;0;1;0;0;0;0
"25/11/2025";"23:18:00";"435";"Sem vítima";"109,000";"BR-050/MG";"Decrescente";"Choque";0;0;0;0;0;0;0;0;0;1;1;0;0;0;0
"26/11/2025";"05:40:00";"68";"Sem vítima";"80,500";"BR-050/MG";"Crescente";"Choque";1;0;0;0;0;0;0;0;0;0;1;0;0;0;0
"26/11/2025";"08:04:00";"146";"Com vítima";"295,000";"BR-050/GO";"Decrescente";"Capotamento";1;0;0;0;0;0;0;0;0;0;0;0;0;0;1
"26/11/2025";"10:45:00";"213";"Com vítima";"93,800";"BR-050/MG";"Decrescente";"Colisão traseira";0;0;2;0;0;0;0;0;0;0;1;0;0;1;0
"27/11/2025";"02:14:00";"13";"Sem vítima";"178,500";"BR-050/GO";"Decrescente";"Colisão traseira";0;0;2;0;0;0;0;0;0;0;2;0;0;0;0
"27/11/2025";"06:10:00";"70";"Com vítima";"55,000";"BR-050/MG";"Crescente";"Colisão traseira";0;0;0;0;1;1;0;0;0;0;37;3;0;0;0
"27/11/2025";"09:07:00";"149";"Sem vítima";"279,000";"BR-050/GO";"Decrescente";"Colisão transversal";1;0;0;1;0;0;0;0;0;0;3;0;0;0;0
"27/11/2025";"10:17:00";"172";"Sem vítima";"79,000";"BR-050/MG";"Decrescente";"Acidentes de outra natureza";0;0;0;0;0;0;0;0;0;1;1;0;0;0;0
"27/11/2025";"13:50:00";"246";"Com vítima";"181,300";"BR-050/GO";"Decrescente";"Capotamento";0;0;0;0;0;0;0;0;0;1;0;1;0;0;0
"27/11/2025";"18:08:00";"340";"Com vítima";"280,500";"BR-050/GO";"Decrescente";"Colisão transversal";0;0;0;2;0;0;0;0;0;0;0;1;2;0;0
"27/11/2025";"20:58:00";"387";"Com vítima";"21,000";"BR-050/MG";"Decrescente";"Colisão traseira";0;0;0;0;0;2;0;0;0;0;1;1;0;0;0
"28/11/2025";"02:38:00";"11";"Sem vítima";"105,500";"BR-050/GO";"Decrescente";"Tombamento";0;0;1;0;0;0;0;0;0;0;1;0;0;0;0
"28/11/2025";"13:22:00";"245";"Sem vítima";"280,000";"BR-050/GO";"Crescente";"Colisão traseira";0;0;0;0;0;2;0;0;0;0;3;0;0;0;0
"28/11/2025";"16:47:00";"317";"Sem vítima";"47,300";"BR-050/MG";"Crescente";"Colisão lateral no mesmo sentido";1;0;0;0;0;1;0;0;0;0;3;0;0;0;0
"29/11/2025";"04:03:00";"18";"Sem vítima";"47,900";"BR-050/MG";"Crescente";"Choque";1;0;0;0;0;0;0;0;0;0;1;0;0;0;0
"29/11/2025";"11:28:00";"211";"Sem vítima";"305,800";"BR-050/GO";"Crescente";"Colisão traseira";0;0;0;0;0;1;0;0;0;1;2;0;0;0;0
"29/11/2025";"12:23:00";"231";"Com vítima";"98,000";"BR-050/GO";"Decrescente";"Colisão transversal";0;0;0;1;0;0;0;0;0;1;1;0;0;1;0
"29/11/2025";"21:06:00";"419";"Sem vítima";"99,200";"BR-050/GO";"Decrescente";"Queda de moto";0;0;0;1;0;0;0;0;0;0;1;0;0;0;0
"30/11/2025";"03:24:00";"21";"Com vítima";"281,000";"BR-050/GO";"Decrescente";"Acidentes de outra natureza";1;0;0;0;0;0;0;0;0;0;0;2;0;0;0
"30/11/2025";"04:43:00";"25";"Sem vítima";"97,000";"BR-050/GO";"Decrescente";"Choque";1;0;0;0;0;0;0;0;0;0;2;0;0;0;0
"30/11/2025";"08:06:00";"76";"Com vítima";"8,000";"BR-050/MG";"Crescente";"Capotamento";1;0;0;0;0;0;0;0;0;0;3;1;0;0;0
"30/11/2025";"11:01:00";"161";"Sem vítima";"55,000";"BR-050/MG";"Decrescente";"Colisão lateral no mesmo sentido";1;0;0;0;0;1;0;0;0;0;3;0;0;0;0
"30/11/2025";"11:02:00";"162";"Sem vítima";"264,030";"BR-050/GO";"Decrescente";"Colisão traseira";0;0;0;0;0;1;0;0;0;1;2;0;0;0;0
"30/11/2025";"14:40:00";"235";"Sem vítima";"198,060";"BR-050/MG";"Decrescente";"Colisão traseira";0;0;0;0;0;2;0;0;0;0;2;0;0;0;0
"30/11/2025";"16:32:00";"284";"Com vítima";"203,100";"BR-050/MG";"Decrescente";"Colisão lateral no mesmo sentido";1;0;0;0;0;1;0;0;0;0;2;1;0;0;0
"30/11/2025";"22:35:00";"381";"Com vítima";"233,750";"BR-050/GO";"Decrescente";"Colisão traseira";0;0;0;0;0;2;0;0;0;0;1;1;0;0;0
"01/12/2025";"02:39:00";"13";"Sem vítima";"30,700";"BR-050/MG";"Decrescente";"Tombamento";0;0;0;0;0;1;0;0;0;0;1;0;0;0;0
"01/12/2025";"17:34:00";"313";"Com vítima";"9,000";"BR-050/MG";"Crescente";"Colisão traseira";0;0;1;0;0;1;0;0;0;0;1;0;0;1;0
"01/12/2025";"19:57:00";"341";"Com vítima";"277,500";"BR-050/GO";"Crescente";"Colisão lateral no mesmo sentido";0;0;0;1;0;1;0;0;0;0;1;0;0;1;0
"01/12/2025";"20:44:00";"350";"Sem vítima";"0,500";"BR-050/MG";"Crescente";"Colisão lateral no mesmo sentido";0;0;0;0;0;2;0;0;0;0;2;0;0;0;0
"02/12/2025";"03:42:00";"12";"Com vítima";"96,200";"BR-050/GO";"Decrescente";"Colisão frontal";1;0;0;0;0;1;0;0;0;0;1;1;0;0;0
"02/12/2025";"04:28:00";"17";"Com vítima";"109,400";"BR-050/MG";"Decrescente";"Tombamento";0;0;0;0;0;1;0;0;0;0;0;0;1;0;0