data;horario;n_da_ocorrencia;tipo_de_ocorrencia;km;trecho;sentido;tipo_de_acidente;automovel;bicicleta;caminhao;moto;onibus;outros;tracao_animal;transporte_de_cargas_especiais;trator_maquinas;utilitarios;ilesos;levemente_feridos;moderadamente_feridos;gravemente_feridos;mortos
"02/12/2025";"09:15:00";"165";"Com vítima";"46,300";"BR-050/MG";"Crescente";"Choque";1;0;0;0;0;0;0;0;0;0;0;1;0;0;0
"02/12/2025";"17:09:00";"325";"Com vítima";"5,700";"Contorno ";"Crescente";"Queda de moto";0;0;0;1;0;0;0;0;0;0;0;1;0;0;0
"02/12/2025";"18:00:00";"343";"Sem vítima";"62,900";"BR-050/MG";"Crescente";"Choque";0;0;0;0;0;0;0;0;0;1;1;0;0;0;0
"02/12/2025";"20:46:00";"381";"Com vítima";"234,100";"BR-050/GO";"Decrescente";"Colisão traseira";0;0;0;0;0;2;0;0;0;0;1;1;0;0;0
"02/12/2025";"22:37:00";"398";"Com vítima";"118,200";"BR-050/MG";"Decrescente";"Colisão traseira";0;0;0;0;0;2;0;0;0;0;1;1;0;0;0
"03/12/2025";"13:54:00";"271";"Com vítima";"280,000";"BR-050/GO";"Decrescente";"Colisão frontal";1;0;0;1;0;0;0;0;0;0;1;0;0;1;0
"03/12/2025";"14:57:00";"287";"Sem vítima";"174,500";"BR-050/MG";"Decrescente";"Colisão lateral no mesmo sentido";2;0;0;0;0;0;0;0;0;0;5;0;0;0;0
"04/12/2025";"06:34:00";"55";"Sem vítima";"195,000";"BR-050/GO";"Decrescente";"Choque";1;0;0;0;0;0;0;0;0;0;4;0;0;0;0
"04/12/2025";"08:08:00";"110";"Sem vítima";"93,000";"BR-050/MG";"Decrescente";"Colisão lateral no mesmo sentido";0;0;1;0;0;1;0;0;0;0;2;0;0;0;0
"04/12/2025";"08:21:00";"121";"Com vítima";"178,000";"BR-050/MG";"Decrescente";"Queda de moto";0;0;0;1;0;0;0;0;0;0;0;1;0;0;0
"04/12/2025";"09:04:00";"137";"Com vítima";"0,300";"BR-050/MG";"Crescente";"Capotamento";1;0;0;0;0;0;0;0;0;0;0;1;0;0;0
"04/12/2025";"10:33:00";"182";"Sem vítima";"177,500";"BR-050/GO";"Decrescente";"Colisão lateral no mesmo sentido";1;0;0;0;0;1;0;0;0;0;3;0;0;0;0
"04/12/2025";"11:15:00";"191";"Com vítima";"199,900";"BR-050/GO";"Crescente";"Choque";0;0;0;0;0;1;0;0;0;0;0;1;0;0;0
"04/12/2025";"15:09:00";"253";"Sem vítima";"59,900";"BR-050/MG";"Crescente";"Tombamento";0;0;1;0;0;0;0;0;0;0;1;0;0;0;0
"04/12/2025";"18:00:00";"302";"Sem vítima";"10,300";"Contorno ";"Decrescente";"Choque";1;0;0;0;0;0;0;0;0;0;1;0;0;0;0
"05/12/2025";"09:55:00";"191";"Sem vítima";"202,000";"BR-050/MG";"Crescente";"Tombamento";0;0;0;0;0;0;0;0;0;1;1;0;0;0;0
"05/12/2025";"12:45:00";"256";"Com vítima";"283,000";"BR-050/GO";"Crescente";"Capotamento";0;0;0;0;0;0;0;0;0;1;0;3;0;1;0
"05/12/2025";"14:07:00";"282";"Sem vítima";"241,050";"BR-050/GO";"Crescente";"Choque";0;0;1;0;0;0;0;0;0;0;1;0;0;0;0
"05/12/2025";"15:40:00";"317";"Sem vítima";"283,000";"BR-050/GO";"Decrescente";"Tombamento";0;0;0;0;0;1;0;0;0;0;1;0;0;0;0
"05/12/2025";"21:21:00";"410";"Com vítima";"165,040";"BR-050/MG";"Crescente";"Queda de moto";0;0;0;1;0;0;0;0;0;0;0;0;0;1;0
"05/12/2025";"21:57:00";"412";"Sem vítima";"165,000";"BR-050/MG";"Crescente";"Colisão traseira";1;0;0;0;0;1;0;0;0;0;2;0;0;0;0
"06/12/2025";"03:32:00";"20";"Sem vítima";"161,200";"BR-050/GO";"Decrescente";"Choque";0;0;0;0;0;0;0;0;0;1;1;0;0;0;0
"06/12/2025";"07:05:00";"62";"Sem vítima";"179,000";"BR-050/MG";"Decrescente";"Colisão lateral no mesmo sentido";2;0;0;0;0;0;0;0;0;0;2;0;0;0;0
"06/12/2025";"08:48:00";"105";"Sem vítima";"30,000";"BR-050/MG";"Decrescente";"Colisão traseira";2;0;0;0;0;0;0;0;0;0;6;0;0;0;0
"06/12/2025";"11:02:00";"149";"Com vítima";"39,000";"BR-050/MG";"Crescente";"Queda de moto";0;0;0;1;0;0;0;0;0;0;0;1;0;0;0
"06/12/2025";"16:10:00";"236";"Sem vítima";"47,900";"BR-050/MG";"Decrescente";"Choque";1;0;0;0;0;0;0;0;0;0;1;0;0;0;0
"06/12/2025";"16:57:00";"250";"Sem vítima";"29,800";"BR-050/MG";"Decrescente";"Choque";1;0;0;0;0;0;0;0;0;0;4;0;0;0;0
"06/12/2025";"19:45:00";"291";"Com vítima";"16,300";"Contorno ";"Decrescente";"Colisão traseira";1;0;0;1;0;0;0;0;0;0;1;1;0;0;0
"06/12/2025";"21:56:00";"318";"Sem vítima";"189,000";"BR-050/MG";"Decrescente";"Choque";1;0;0;0;0;0;0;0;0;0;1;0;0;0;0
"06/12/2025";"22:03:00";"321";"Sem vítima";"47,500";"BR-050/MG";"Crescente";"Queda de moto";0;0;0;1;0;0;0;0;0;0;2;0;0;0;0
"07/12/2025";"04:12:00";"14";"Sem vítima";"169,400";"BR-050/GO";"Decrescente";"Choque";0;0;0;0;0;1;0;0;0;0;1;0;0;0;0
"07/12/2025";"06:25:00";"30";"Sem vítima";"77,300";"BR-050/MG";"Crescente";"Choque";1;0;0;0;0;0;0;0;0;0;1;0;0;0;0
"07/12/2025";"13:52:00";"167";"Sem vítima";"191,000";"BR-050/MG";"Decrescente";"Colisão traseira";0;0;0;0;0;2;0;0;0;0;2;0;0;0;0
"07/12/2025";"15:43:00";"205";"Sem vítima";"9,400";"BR-050/MG";"Decrescente";"Choque";1;0;0;0;0;0;0;0;0;0;1;0;0;0;0
"07/12/2025";"16:43:00";"226";"Sem vítima";"62,000";"BR-050/MG";"Decrescente";"Choque";1;0;0;0;0;0;0;0;0;0;2;0;0;0;0
"07/12/2025";"22:58:00";"321";"Sem vítima";"95,700";"BR-050/GO";"Crescente";"Colisão lateral em sentido contrário";1;0;1;0;0;0;0;0;0;0;3;0;0;0;0
"08/12/2025";"07:52:00";"103";"Sem vítima";"2,300";"Contorno ";"Decrescente";"Choque";1;0;0;0;0;0;0;0;0;0;1;0;0;0;0
"08/12/2025";"08:00:00";"109";"Sem vítima";"115,120";"BR-050/MG";"Decrescente";"Tombamento";0;0;1;0;0;0;0;0;0;0;1;0;0;0;0
"08/12/2025";"08:16:00";"121";"Sem vítima";"14,700";"Contorno ";"Crescente";"Choque";1;0;0;0;0;0;0;0;0;0;2;0;0;0;0
"08/12/2025";"09:39:00";"179";"Sem vítima";"29,800";"BR-050/MG";"Crescente";"Choque";1;0;0;0;0;0;0;0;0;0;1;0;0;0;0
"08/12/2025";"14:35:00";"260";"Sem vítima";"261,000";"BR-050/GO";"Crescente";"Choque";1;0;0;0;0;0;0;0;0;0;1;0;0;0;0
"08/12/2025";"19:00:00";"319";"Sem vítima";"177,100";"BR-050/MG";"Decrescente";"Colisão traseira";0;0;1;0;0;1;0;0;0;1;3;0;0;0;0
"08/12/2025";"21:10:00";"347";"Sem vítima";"19,600";"BR-050/MG";"Crescente";"Colisão traseira";0;0;0;0;0;2;0;0;0;0;2;0;0;0;0
"09/12/2025";"00:22:00";"4";"Com vítima";"54,200";"BR-050/MG";"Decrescente";"Capotamento";1;0;0;0;0;0;0;0;0;0;0;1;0;0;0
"09/12/2025";"19:35:00";"298";"Sem vítima";"0,500";"BR-050/MG";"Decrescente";"Choque";1;0;0;0;0;1;0;0;0;0;1;0;0;0;0
"09/12/2025";"22:13:00";"328";"Sem vítima";"97,400";"BR-050/MG";"Decrescente";"Colisão traseira";0;0;0;0;0;2;0;0;0;0;2;0;0;0;0
"09/12/2025";"23:28:00";"339";"Sem vítima";"62,400";"BR-050/MG";"Crescente";"Choque";0;0;1;0;0;0;0;0;0;0;1;0;0;0;0
"10/12/2025";"07:45:00";"89";"Sem vítima";"55,200";"BR-050/MG";"Decrescente";"Choque";1;0;0;0;0;0;0;0;0;0;1;0;0;0;0
"10/12/2025";"14:13:00";"231";"Com vítima";"117,470";"BR-050/MG";"Crescente";"Choque";0;0;0;0;0;0;0;0;0;1;0;1;0;0;0
"10/12/2025";"20:58:00";"337";"Com vítima";"119,000";"BR-050/MG";"Decrescente";"Colisão lateral no mesmo sentido";0;0;0;0;0;1;0;0;0;1;1;2;0;0;0
"11/12/2025";"01:52:00";"16";"Com vítima";"47,901";"BR-050/MG";"Crescente";"Tombamento";0;0;1;0;0;0;0;0;0;0;0;0;0;0;1
"11/12/2025";"02:37:00";"20";"Sem vítima";"47,900";"BR-050/MG";"Decrescente";"Choque";1;0;0;0;0;0;0;0;0;0;4;0;0;0;0
"11/12/2025";"05:51:00";"72";"Com vítima";"144,800";"BR-050/MG";"Crescente";"Choque";0;0;1;0;0;0;0;0;0;0;0;1;0;0;0
"11/12/2025";"07:55:00";"126";"Com vítima";"260,000";"BR-050/GO";"Decrescente";"Choque";1;0;0;0;0;0;0;0;0;0;1;1;0;0;0
"11/12/2025";"07:58:00";"129";"Sem vítima";"14,880";"BR-050/MG";"Decrescente";"Colisão lateral no mesmo sentido";0;0;0;0;0;1;0;0;0;1;4;0;0;0;0
"11/12/2025";"15:10:00";"327";"Sem vítima";"46,300";"BR-050/MG";"Crescente";"Colisão lateral no mesmo sentido";0;0;1;0;0;1;0;0;0;0;2;0;0;0;0
"11/12/2025";"18:19:00";"385";"Com vítima";"90,700";"BR-050/MG";"Crescente";"Capotamento";1;0;0;0;0;0;0;0;0;0;0;1;0;0;0
"11/12/2025";"20:36:00";"427";"Sem vítima";"51,900";"BR-050/MG";"Decrescente";"Choque";1;0;0;0;0;0;0;0;0;0;4;0;0;0;0
"12/12/2025";"07:47:00";"149";"Com vítima";"47,500";"BR-050/MG";"Decrescente";"Capotamento";1;0;0;0;0;0;0;0;0;0;2;2;0;0;0
"12/12/2025";"08:26:00";"173";"Sem vítima";"179,500";"BR-050/MG";"Decrescente";"Colisão lateral no mesmo sentido";0;0;1;0;0;1;0;0;0;1;2;0;0;0;0
"12/12/2025";"11:45:00";"253";"Com vítima";"179,450";"BR-050/MG";"Crescente";"Capotamento";0;0;0;0;0;0;0;0;0;1;0;1;0;0;0
"12/12/2025";"14:22:00";"304";"Com vítima";"36,100";"BR-050/MG";"Decrescente";"Choque";1;0;0;0;0;0;0;0;0;0;1;1;0;0;0
"12/12/2025";"15:18:00";"317";"Sem vítima";"306,800";"BR-050/GO";"Crescente";"Choque";0;0;0;0;0;1;0;0;0;0;2;0;0;0;0
"12/12/2025";"15:56:00";"335";"Sem vítima";"174,000";"BR-050/MG";"Crescente";"Colisão traseira";1;0;0;0;0;1;0;0;0;0;2;0;0;0;0
"13/12/2025";"05:01:00";"23";"Sem vítima";"131,200";"BR-050/GO";"Crescente";"Atropelamento de animal";1;0;0;0;0;0;0;0;0;0;1;0;0;0;0
"13/12/2025";"05:59:00";"42";"Com vítima";"182,000";"BR-050/MG";"Crescente";"Choque";1;0;0;0;0;0;0;0;0;0;0;1;0;0;0
"13/12/2025";"06:47:00";"62";"Sem vítima";"177,800";"BR-050/MG";"Decrescente";"Tombamento";1;0;0;0;0;0;0;0;0;0;1;0;0;0;0
"13/12/2025";"12:46:00";"208";"Com vítima";"278,900";"BR-050/GO";"Crescente";"Colisão transversal";0;0;0;0;0;2;0;0;0;0;1;1;0;0;0
"13/12/2025";"12:56:00";"211";"Sem vítima";"258,900";"BR-050/GO";"Crescente";"Capotamento";1;0;0;0;0;0;0;0;0;0;1;0;0;0;0
"13/12/2025";"13:13:00";"216";"Sem vítima";"106,000";"BR-050/GO";"Crescente";"Choque";1;0;0;0;0;0;0;0;0;0;1;0;0;0;0
"13/12/2025";"13:38:00";"226";"Sem vítima";"281,000";"BR-050/GO";"Crescente";"Colisão lateral no mesmo sentido";1;0;0;0;1;0;0;0;0;0;3;0;0;0;0
"13/12/2025";"15:17:00";"259";"Sem vítima";"109,000";"BR-050/MG";"Decrescente";"Choque";0;0;0;0;0;1;0;0;0;0;1;0;0;0;0
"14/12/2025";"07:07:00";"43";"Com vítima";"159,400";"BR-050/MG";"Decrescente";"Capotamento";0;0;0;0;0;0;0;0;0;1;0;2;2;0;0
"14/12/2025";"09:10:00";"71";"Com vítima";"9,619";"BR-050/MG";"Decrescente";"Tombamento";0;0;1;0;0;0;0;0;0;0;0;1;0;0;0
"14/12/2025";"14:10:00";"133";"Sem vítima";"82,380";"BR-050/MG";"Decrescente";"Choque";1;0;0;0;0;0;0;0;0;0;1;0;0;0;0
"15/12/2025";"03:48:00";"19";"Sem vítima";"121,200";"BR-050/MG";"Decrescente";"Choque";1;0;0;0;0;0;0;0;0;0;1;0;0;0;0
"15/12/2025";"07:17:00";"113";"Sem vítima";"175,000";"BR-050/MG";"Decrescente";"Colisão traseira";0;0;0;0;0;1;0;0;0;0;2;0;0;0;0
"15/12/2025";"11:30:00";"241";"Sem vítima";"125,950";"BR-050/MG";"Crescente";"Colisão traseira";0;0;0;0;0;1;0;0;0;1;3;0;0;0;0
"15/12/2025";"12:38:00";"261";"Sem vítima";"299,000";"BR-050/GO";"Decrescente";"Choque";1;0;0;0;0;0;0;0;0;0;1;0;0;0;0
"15/12/2025";"15:01:00";"305";"Sem vítima";"28,250";"BR-050/MG";"Decrescente";"Choque";1;0;0;0;0;0;0;0;0;0;2;0;0;0;0
"15/12/2025";"15:25:00";"314";"Com vítima";"180,000";"BR-050/MG";"Decrescente";"Queda de moto";0;0;0;1;0;0;0;0;0;0;0;1;0;0;0
"15/12/2025";"15:46:00";"325";"Sem vítima";"58,000";"BR-050/MG";"Decrescente";"Colisão lateral no mesmo sentido";2;0;0;0;0;1;0;0;0;0;5;0;0;0;0
"15/12/2025";"20:00:00";"387";"Com vítima";"175,500";"BR-050/GO";"Decrescente";"Choque";1;0;0;0;0;0;0;0;0;0;0;2;0;0;0
"15/12/2025";"22:39:00";"421";"Sem vítima";"199,800";"BR-050/MG";"Crescente";"Colisão lateral no mesmo sentido";1;0;1;0;0;0;0;0;0;0;5;0;0;0;0
"15/12/2025";"23:19:00";"427";"Sem vítima";"174,400";"BR-050/MG";"Decrescente";"Queda de moto";0;0;0;1;0;0;0;0;0;0;1;0;0;0;0
"16/12/2025";"04:10:00";"18";"Com vítima";"279,500";"BR-050/GO";"Crescente";"Choque";0;0;0;0;0;0;0;0;0;1;1;1;0;0;0
"16/12/2025";"07:03:00";"79";"Sem vítima";"158,600";"BR-050/MG";"Crescente";"Choque";1;0;0;0;0;0;0;0;0;0;1;0;0;0;0
"16/12/2025";"08:56:00";"129";"Com vítima";"180,900";"BR-050/GO";"Crescente";"Choque";0;0;0;0;0;0;0;0;0;1;2;1;0;0;0
"16/12/2025";"17:55:00";"338";"Sem vítima";"236,700";"BR-050/GO";"Decrescente";"Choque";0;0;0;0;0;1;0;0;0;0;1;0;0;0;0
"16/12/2025";"18:01:00";"339";"Sem vítima";"267,400";"BR-050/GO";"Crescente";"Capotamento";0;0;0;0;0;0;0;0;0;1;2;0;0;0;0
"16/12/2025";"18:42:00";"354";"Sem vítima";"49,000";"BR-050/MG";"Crescente";"Choque";0;0;0;0;0;0;0;0;0;1;1;0;0;0;0
"16/12/2025";"19:36:00";"374";"Com vítima";"168,100";"BR-050/MG";"Crescente";"Queda de moto";0;0;0;1;0;0;0;0;0;0;0;2;0;0;0
"16/12/2025";"20:30:00";"386";"Sem vítima";"279,000";"BR-050/GO";"Crescente";"Queda de moto";0;0;0;1;0;0;0;0;0;0;1;0;0;0;0
"16/12/2025";"21:05:00";"394";"Com vítima";"163,500";"BR-050/MG";"Crescente";"Atropelamento de animal";1;0;0;0;0;0;0;0;0;0;1;1;0;0;0
"16/12/2025";"21:15:00";"395";"Sem vítima";"163,500";"BR-050/MG";"Crescente";"Capotamento";0;0;0;0;0;0;0;0;0;1;2;0;0;0;0
"17/12/2025";"03:28:00";"18";"Sem vítima";"177,600";"BR-050/MG";"Crescente";"Choque";0;0;0;0;0;1;0;0;0;0;2;0;0;0;0
"17/12/2025";"05:40:00";"52";"Sem vítima";"176,800";"BR-050/MG";"Decrescente";"Choque";1;0;0;0;0;0;0;0;0;0;1;0;0;0;0
"17/12/2025";"05:51:00";"56";"Com vítima";"197,670";"BR-050/GO";"Crescente";"Tombamento";0;0;0;0;1;0;0;0;0;0;6;36;11;2;0
"17/12/2025";"09:25:00";"158";"Sem vítima";"31,000";"BR-050/MG";"Crescente";"Choque";0;0;0;0;0;0;0;0;0;1;2;0;0;0;0
"17/12/2025";"11:08:00";"209";"Sem vítima";"45,500";"BR-050/MG";"Crescente";"Choque";1;0;0;0;0;0;0;0;0;0;1;0;0;0;0
"17/12/2025";"11:25:00";"217";"Com vítima";"287,800";"BR-050/GO";"Decrescente";"Colisão transversal";1;0;0;1;0;0;0;0;0;0;2;0;1;0;0
"17/12/2025";"16:50:00";"329";"Com vítima";"115,500";"BR-050/MG";"Crescente";"Choque";1;0;0;0;0;0;0;0;0;0;0;1;0;0;0
"17/12/2025";"16:51:00";"331";"Sem vítima";"96,900";"BR-050/GO";"Decrescente";"Colisão lateral no mesmo sentido";0;0;0;0;0;0;0;0;0;2;7;0;0;0;0
"17/12/2025";"22:31:00";"413";"Com vítima";"138,000";"BR-050/MG";"Crescente";"Colisão traseira";0;0;1;0;0;1;0;0;0;0;1;0;1;0;0
"18/12/2025";"00:25:00";"6";"Com vítima";"117,000";"BR-050/MG";"Decrescente";"Queda de moto";0;0;0;1;0;0;0;0;0;0;0;1;0;0;0
"18/12/2025";"00:42:00";"8";"Sem vítima";"45,600";"BR-050/MG";"Decrescente";"Colisão lateral no mesmo sentido";1;0;0;0;0;1;0;0;0;0;2;0;0;0;0
"18/12/2025";"08:22:00";"133";"Com vítima";"177,000";"BR-050/MG";"Crescente";"Queda de moto";0;0;0;1;0;0;0;0;0;0;1;0;1;0;0
"18/12/2025";"12:30:00";"238";"Com vítima";"61,200";"BR-050/MG";"Crescente";"Colisão traseira";2;0;0;0;0;0;0;0;0;0;0;3;0;0;0
"18/12/2025";"13:16:00";"245";"Sem vítima";"95,700";"BR-050/GO";"Decrescente";"Tombamento";0;0;0;0;0;1;0;0;0;0;1;0;0;0;0
"18/12/2025";"14:10:00";"261";"Sem vítima";"286,000";"BR-050/GO";"Crescente";"Colisão lateral no mesmo sentido";1;0;0;0;0;1;0;0;0;0;5;0;0;0;0
"18/12/2025";"15:30:00";"298";"Sem vítima";"30,000";"BR-050/MG";"Crescente";"Choque";0;0;0;0;0;0;0;0;0;1;1;0;0;0;0
"18/12/2025";"15:40:00";"301";"Sem vítima";"10,000";"BR-050/MG";"Decrescente";"Choque";1;0;0;0;0;0;0;0;0;0;4;0;0;0;0
"18/12/2025";"16:21:00";"320";"Com vítima";"134,950";"BR-050/MG";"Crescente";"Tombamento";0;0;1;0;0;0;0;0;0;0;0;2;0;0;0
"18/12/2025";"19:59:00";"373";"Sem vítima";"3,700";"Contorno ";"Crescente";"Atropelamento de animal";0;0;0;0;1;0;0;0;0;0;26;0;0;0;0
"19/12/2025";"00:10:00";"2";"Com vítima";"184,350";"BR-050/MG";"Crescente";"Engavetamento";1;0;0;0;0;2;0;0;0;0;3;1;0;0;0
"19/12/2025";"01:58:00";"17";"Sem vítima";"266,000";"BR-050/GO";"Decrescente";"Choque";1;0;0;0;0;0;0;0;0;0;1;0;0;0;0
"19/12/2025";"02:19:00";"19";"Sem vítima";"106,000";"BR-050/GO";"Decrescente";"Colisão traseira";1;0;1;0;0;0;0;0;0;0;3;0;0;0;0
"19/12/2025";"04:32:00";"32";"Sem vítima";"98,900";"BR-050/GO";"Crescente";"Choque";1;0;0;0;0;0;0;0;0;0;1;0;0;0;0
"19/12/2025";"15:34:00";"364";"Com vítima";"148,480";"BR-050/MG";"Crescente";"Capotamento";1;0;0;0;0;0;0;0;0;0;0;1;0;0;0
"19/12/2025";"21:17:00";"497";"Com vítima";"12,700";"BR-050/MG";"Decrescente";"Queda de moto";0;0;0;1;0;0;0;0;0;0;0;0;1;0;0
"20/12/2025";"00:32:00";"6";"Sem vítima";"205,000";"BR-050/GO";"Crescente";"Choque";1;0;0;0;0;0;0;0;0;0;3;0;0;0;0
"20/12/2025";"01:00:00";"9";"Sem vítima";"62,700";"BR-050/MG";"Crescente";"Choque";1;0;0;0;0;0;0;0;0;0;1;0;0;0;0
"20/12/2025";"09:04:00";"169";"Com vítima";"206,600";"BR-050/MG";"Decrescente";"Colisão traseira";1;0;0;0;0;0;0;0;0;1;0;7;0;0;0
"20/12/2025";"11:39:00";"232";"Sem vítima";"193,100";"BR-050/MG";"Crescente";"Colisão traseira";0;0;0;0;0;1;0;0;0;0;2;0;0;0;0
"20/12/2025";"14:23:00";"306";"Sem vítima";"178,500";"BR-050/MG";"Decrescente";"Colisão traseira";1;0;0;0;0;0;0;0;0;1;6;0;0;0;0
"20/12/2025";"21:44:00";"453";"Sem vítima";"279,000";"BR-050/GO";"Decrescente";"Choque";1;0;0;0;0;0;0;0;0;0;4;0;0;0;0
"21/12/2025";"04:48:00";"32";"Sem vítima";"179,000";"BR-050/MG";"Decrescente";"Choque";1;0;0;0;0;0;0;0;0;0;3;0;0;0;0
"21/12/2025";"05:06:00";"38";"Sem vítima";"148,200";"BR-050/GO";"Decrescente";"Choque";0;0;0;0;0;0;0;0;0;1;1;0;0;0;0
"21/12/2025";"08:15:00";"75";"Sem vítima";"2,400";"BR-050/MG";"Crescente";"Colisão traseira";0;0;0;0;0;1;0;0;0;1;2;0;0;0;0
"21/12/2025";"12:30:00";"152";"Com vítima";"60,450";"BR-050/MG";"Decrescente";"Capotamento";1;0;0;0;0;0;0;0;0;0;0;0;1;0;0
"21/12/2025";"16:32:00";"208";"Com vítima";"83,000";"BR-050/MG";"Decrescente";"Choque";0;0;0;0;0;0;0;0;0;1;0;2;0;0;0
"21/12/2025";"20:14:00";"294";"Com vítima";"102,400";"BR-050/MG";"Crescente";"Choque";1;0;0;0;0;0;0;0;0;0;2;1;0;0;0
"21/12/2025";"22:05:00";"321";"Com vítima";"190,600";"BR-050/MG";"Decrescente";"Colisão traseira";0;0;0;0;0;1;0;0;0;1;1;0;1;0;0
"21/12/2025";"22:13:00";"322";"Sem vítima";"294,800";"BR-050/GO";"Decrescente";"Atropelamento de animal";1;0;0;0;0;0;0;0;0;0;1;0;0;0;0
"21/12/2025";"22:33:00";"327";"Com vítima";"172,500";"BR-050/MG";"Decrescente";"Choque";1;0;0;0;0;0;0;0;0;0;0;1;0;0;0
"22/12/2025";"14:41:00";"257";"Sem vítima";"179,200";"BR-050/GO";"Decrescente";"Choque";1;0;0;0;0;0;0;0;0;0;2;0;0;0;0
"22/12/2025";"16:02:00";"283";"Sem vítima";"238,000";"BR-050/GO";"Decrescente";"Capotamento";1;0;0;0;0;0;0;0;0;0;1;0;0;0;0
"22/12/2025";"18:09:00";"319";"Sem vítima";"103,800";"BR-050/MG";"Crescente";"Choque";1;0;0;0;0;0;0;0;0;0;1;0;0;0;0
"22/12/2025";"22:35:00";"379";"Com vítima";"107,000";"BR-050/MG";"Crescente";"Acidentes de outra natureza";1;0;0;0;0;0;0;0;0;0;0;2;0;0;0
"23/12/2025";"01:20:00";"9";"Sem vítima";"196,850";"BR-050/GO";"Crescente";"Choque";1;0;0;0;0;0;0;0;0;0;1;0;0;0;0
"23/12/2025";"06:42:00";"70";"Com vítima";"229,000";"BR-050/GO";"Decrescente";"Colisão traseira";0;0;0;0;0;1;0;0;0;1;1;1;0;0;0
"23/12/2025";"07:49:00";"108";"Sem vítima";"57,850";"BR-050/MG";"Crescente";"Colisão traseira";0;0;0;0;0;2;0;0;0;0;2;0;0;0;0
"23/12/2025";"16:01:00";"295";"Com vítima";"154,450";"BR-050/MG";"Crescente";"Capotamento";1;0;0;0;0;0;0;0;0;0;0;1;0;0;0
"23/12/2025";"17:52:00";"325";"Com vítima";"279,000";"BR-050/GO";"Decrescente";"Choque";1;0;0;0;0;0;0;0;0;0;0;1;0;0;0
"23/12/2025";"23:57:00";"417";"Com vítima";"199,000";"BR-050/MG";"Decrescente";"Capotamento";1;0;0;0;0;0;0;0;0;0;0;1;0;0;0
"24/12/2025";"00:05:00";"2";"Sem vítima";"38,400";"BR-050/MG";"Crescente";"Choque";1;0;0;0;0;0;0;0;0;0;1;0;0;0;0
"24/12/2025";"02:24:00";"34";"Sem vítima";"12,500";"BR-050/MG";"Crescente";"Choque";0;0;0;0;0;0;0;0;0;1;1;0;0;0;0
"24/12/2025";"12:59:00";"245";"Sem vítima";"172,600";"BR-050/MG";"Decrescente";"Choque";1;0;0;0;0;0;0;0;0;0;1;0;0;0;0
"24/12/2025";"20:45:00";"389";"Sem vítima";"124,000";"BR-050/MG";"Decrescente";"Choque";1;0;0;0;0;0;0;0;0;0;5;0;0;0;0
"25/12/2025";"03:29:00";"26";"Com vítima";"280,600";"BR-050/GO";"Crescente";"Colisão transversal";1;0;0;1;0;0;0;0;0;0;4;1;0;0;0
"25/12/2025";"05:17:00";"31";"Sem vítima";"26,400";"BR-050/MG";"Crescente";"Choque";1;0;0;0;0;0;0;0;0;0;1;0;0;0;0
"25/12/2025";"10:44:00";"99";"Sem vítima";"56,600";"BR-050/MG";"Crescente";"Choque";1;0;0;0;0;0;0;0;0;0;1;0;0;0;0
"25/12/2025";"16:22:00";"171";"Com vítima";"129,100";"BR-050/MG";"Crescente";"Choque";1;0;0;0;0;0;0;0;0;0;3;1;0;0;0
"26/12/2025";"13:00:00";"174";"Sem vítima";"154,000";"BR-050/MG";"Decrescente";"Choque";0;0;1;0;0;0;0;0;0;0;1;0;0;0;0
"26/12/2025";"19:50:00";"293";"Sem vítima";"182,000";"BR-050/MG";"Decrescente";"Choque";0;0;0;0;0;1;0;0;0;0;1;0;0;0;0
"26/12/2025";"21:04:00";"315";"Sem vítima";"16,450";"Contorno ";"Crescente";"Colisão traseira";0;0;0;0;0;1;0;0;0;1;2;0;0;0;0
"26/12/2025";"21:27:00";"322";"Com vítima";"254,300";"BR-050/GO";"Crescente";"Colisão traseira";0;0;0;1;0;0;0;0;0;1;1;0;1;1;0
"27/12/2025";"08:00:00";"75";"Sem vítima";"269,240";"BR-050/GO";"Crescente";"Choque";0;0;0;0;0;0;0;0;0;1;3;0;0;0;0
"27/12/2025";"08:08:00";"79";"Sem vítima";"90,000";"BR-050/MG";"Decrescente";"Colisão traseira";0;0;1;0;0;0;0;0;0;1;4;0;0;0;0
"27/12/2025";"12:15:00";"172";"Sem vítima";"264,600";"BR-050/GO";"Decrescente";"Choque";1;0;0;0;0;0;0;0;0;0;4;0;0;0;0