data;horario;n_da_ocorrencia;tipo_de_ocorrencia;km;trecho;sentido;tipo_de_acidente;automovel;bicicleta;caminhao;moto;onibus;outros;tracao_animal;transporte_de_cargas_especiais;trator_maquinas;utilitarios;ilesos;levemente_feridos;moderadamente_feridos;gravemente_feridos;mortos
"27/12/2025";"20:05:00";"307";"Com vítima";"14,600";"BR-050/MG";"Decrescente";"Colisão traseira";0;0;0;1;0;0;0;0;0;2;5;1;0;0;0
"27/12/2025";"22:01:00";"334";"Com vítima";"102,000";"BR-050/MG";"Decrescente";"Capotamento";0;0;0;0;0;0;0;0;0;1;0;0;1;0;0
"28/12/2025";"12:45:00";"210";"Com vítima";"279,000";"BR-050/GO";"Decrescente";"Choque";1;0;0;0;0;0;0;0;0;0;1;1;0;0;0
"28/12/2025";"13:31:00";"230";"Sem vítima";"278,000";"BR-050/GO";"Crescente";"Choque";1;0;0;0;0;0;0;0;0;0;1;0;0;0;0
"28/12/2025";"14:00:00";"244";"Com vítima";"144,600";"BR-050/MG";"Crescente";"Capotamento";0;0;0;0;0;0;0;0;0;1;1;1;0;0;0
"28/12/2025";"16:06:00";"297";"Sem vítima";"146,300";"BR-050/MG";"Crescente";"Colisão traseira";0;0;2;0;0;0;0;0;0;0;2;0;0;0;0
"29/12/2025";"07:22:00";"123";"Com vítima";"248,100";"BR-050/GO";"Decrescente";"Queda de moto";0;0;0;1;0;0;0;0;0;0;0;1;0;0;0
"29/12/2025";"10:53:00";"221";"Com vítima";"280,000";"BR-050/GO";"Crescente";"Colisão transversal";1;0;1;0;0;0;0;0;0;0;0;2;0;0;0
"30/12/2025";"02:02:00";"20";"Sem vítima";"32,000";"BR-050/MG";"Crescente";"Colisão lateral no mesmo sentido";2;0;0;0;0;0;0;0;0;0;5;0;0;0;0
"30/12/2025";"12:38:00";"237";"Com vítima";"164,800";"BR-050/GO";"Decrescente";"Acidentes de outra natureza";1;0;0;0;0;0;0;0;0;0;0;0;0;0;4
"30/12/2025";"21:22:00";"418";"Sem vítima";"34,150";"BR-050/MG";"Crescente";"Choque";1;0;0;0;0;0;0;0;0;0;2;0;0;0;0
"30/12/2025";"23:17:00";"443";"Sem vítima";"99,700";"BR-050/MG";"Crescente";"Choque";1;0;0;0;0;0;0;0;0;0;2;0;0;0;0
"31/12/2025";"02:10:00";"25";"Sem vítima";"127,000";"BR-050/MG";"Crescente";"Choque";1;0;0;0;0;0;0;0;0;0;2;0;0;0;0
"31/12/2025";"03:22:00";"34";"Sem vítima";"166,000";"BR-050/GO";"Crescente";"Choque";0;0;0;0;0;1;0;0;0;0;2;0;0;0;0
"31/12/2025";"15:03:00";"306";"Sem vítima";"259,000";"BR-050/GO";"Decrescente";"Choque";1;0;0;0;0;0;0;0;0;0;3;0;0;0;0
"01/01/2026";"00:52:00";"10";"Sem vítima";"205,000";"BR-050/MG";"Decrescente";"Colisão traseira";1;0;1;0;0;0;0;0;0;0;3;0;0;0;0
"01/01/2026";"04:42:00";"33";"Sem vítima";"13,400";"BR-050/MG";"Crescente";"Colisão frontal";1;0;0;0;0;0;0;0;0;0;2;0;0;0;0
"01/01/2026";"06:44:00";"48";"Sem vítima";"100,050";"BR-050/GO";"Crescente";"Choque";1;0;0;0;0;0;0;0;0;0;1;0;0;0;0
"01/01/2026";"13:11:00";"136";"Sem vítima";"299,000";"BR-050/GO";"Crescente";"Colisão lateral no mesmo sentido";2;0;0;0;0;0;0;0;0;0;4;0;0;0;0
"02/01/2026";"11:22:00";"166";"Com vítima";"51,210";"BR-050/MG";"Crescente";"Colisão lateral em sentido contrário";0;0;0;1;0;0;0;0;0;1;2;1;0;0;0
"03/01/2026";"05:58:00";"48";"Sem vítima";"85,400";"BR-050/MG";"Crescente";"Choque";1;0;0;0;0;0;0;0;0;0;4;0;0;0;0
"03/01/2026";"06:11:00";"50";"Com vítima";"102,400";"BR-050/MG";"Crescente";"Capotamento";0;0;0;0;0;0;0;0;0;1;0;1;0;0;0
"03/01/2026";"10:41:00";"158";"Sem vítima";"21,200";"BR-050/MG";"Crescente";"Choque";0;0;0;0;0;1;0;0;0;1;1;0;0;0;0
"03/01/2026";"12:07:00";"183";"Sem vítima";"273,000";"BR-050/GO";"Decrescente";"Choque";1;0;0;0;0;0;0;0;0;0;1;0;0;0;0
"03/01/2026";"13:55:00";"210";"Com vítima";"10,320";"BR-050/MG";"Decrescente";"Choque";0;0;0;0;0;0;0;0;0;1;1;1;0;0;0
"03/01/2026";"15:39:00";"245";"Com vítima";"105,000";"BR-050/MG";"Decrescente";"Colisão traseira";1;0;0;0;0;1;0;0;0;1;4;1;0;0;0
"03/01/2026";"17:39:00";"296";"Sem vítima";"55,700";"BR-050/MG";"Crescente";"Choque";1;0;0;0;0;0;0;0;0;0;3;0;0;0;0
"03/01/2026";"19:39:00";"329";"Com vítima";"171,600";"BR-050/MG";"Decrescente";"Colisão lateral no mesmo sentido";2;0;0;0;0;0;0;0;0;0;1;1;0;0;0
"04/01/2026";"01:04:00";"5";"Sem vítima";"21,000";"BR-050/MG";"Decrescente";"Choque";1;0;0;0;0;0;0;0;0;0;1;0;0;0;0
"04/01/2026";"05:46:00";"45";"Sem vítima";"228,680";"BR-050/GO";"Crescente";"Choque";0;0;0;0;0;0;0;0;0;1;4;0;0;0;0
"04/01/2026";"05:56:00";"46";"Com vítima";"197,500";"BR-050/MG";"Decrescente";"Capotamento";1;0;0;0;0;0;0;0;0;0;2;1;1;0;0
"04/01/2026";"08:56:00";"96";"Sem vítima";"27,750";"BR-050/MG";"Crescente";"Choque";1;0;0;0;0;0;0;0;0;0;2;0;0;0;0
"04/01/2026";"10:37:00";"139";"Com vítima";"206,000";"BR-050/MG";"Crescente";"Capotamento";1;0;0;0;0;0;0;0;0;0;0;0;1;0;0
"04/01/2026";"15:14:00";"236";"Sem vítima";"157,100";"BR-050/GO";"Crescente";"Choque";1;0;0;0;0;0;0;0;0;0;1;0;0;0;0
"04/01/2026";"15:55:00";"251";"Com vítima";"222,700";"BR-050/GO";"Decrescente";"Choque";1;0;0;0;0;0;0;0;0;0;0;1;0;0;0
"04/01/2026";"16:33:00";"269";"Com vítima";"20,120";"Contorno ";"Decrescente";"Queda de moto";0;0;0;1;0;0;0;0;0;0;2;1;0;0;0
"04/01/2026";"16:34:00";"271";"Sem vítima";"20,120";"Contorno ";"Decrescente";"Queda de moto";0;0;0;0;0;1;0;0;0;0;1;0;0;0;0
"04/01/2026";"16:38:00";"274";"Com vítima";"173,100";"BR-050/GO";"Crescente";"Capotamento";0;0;0;0;0;0;0;0;0;1;0;1;0;0;0
"04/01/2026";"17:02:00";"281";"Sem vítima";"18,250";"Contorno ";"Crescente";"Choque";0;0;0;0;0;0;0;0;0;1;2;0;0;0;0
"04/01/2026";"17:31:00";"298";"Sem vítima";"229,460";"BR-050/GO";"Crescente";"Choque";0;0;0;0;0;0;0;0;0;1;1;0;0;0;0
"04/01/2026";"23:12:00";"397";"Sem vítima";"159,400";"BR-050/MG";"Crescente";"Choque";1;0;0;0;0;0;0;0;0;0;2;0;0;0;0
"05/01/2026";"01:08:00";"14";"Sem vítima";"22,300";"BR-050/MG";"Decrescente";"Choque";0;0;0;0;0;0;0;0;0;1;3;0;0;0;0
"05/01/2026";"05:03:00";"43";"Sem vítima";"5,000";"BR-050/MG";"Crescente";"Choque";0;0;0;0;0;0;0;0;0;1;1;0;0;0;0
"05/01/2026";"05:41:00";"63";"Sem vítima";"292,200";"BR-050/GO";"Crescente";"Choque";0;0;0;0;1;0;0;0;0;0;3;0;0;0;0
"05/01/2026";"06:55:00";"85";"Com vítima";"199,250";"BR-050/GO";"Crescente";"Choque";1;0;0;0;0;0;0;0;0;0;1;1;0;0;0
"05/01/2026";"08:14:00";"127";"Sem vítima";"106,000";"BR-050/GO";"Decrescente";"Choque";1;0;0;0;0;0;0;0;0;0;1;0;0;0;0
"05/01/2026";"08:32:00";"146";"Sem vítima";"207,000";"BR-050/MG";"Decrescente";"Engavetamento";1;0;1;0;0;1;0;0;0;0;5;0;0;0;0
"05/01/2026";"09:28:00";"172";"Com vítima";"95,700";"BR-050/GO";"Decrescente";"Choque";1;0;0;0;0;0;0;0;0;1;1;1;0;0;0
"05/01/2026";"18:17:00";"357";"Com vítima";"50,800";"BR-050/MG";"Decrescente";"Capotamento";1;0;0;0;0;0;0;0;0;0;0;1;0;0;0
"05/01/2026";"18:48:00";"369";"Com vítima";"50,000";"BR-050/MG";"Decrescente";"Queda de moto";0;0;0;1;0;0;0;0;0;0;0;1;0;0;0
"05/01/2026";"21:13:00";"409";"Com vítima";"22,030";"BR-050/MG";"Decrescente";"Choque";0;0;1;0;0;0;0;0;0;0;0;1;0;0;0
"06/01/2026";"04:55:00";"45";"Sem vítima";"0,500";"BR-050/MG";"Crescente";"Capotamento";1;0;0;0;0;0;0;0;0;0;2;0;0;0;0
"06/01/2026";"07:52:00";"127";"Com vítima";"17,050";"BR-050/MG";"Crescente";"Colisão traseira";0;0;0;0;0;2;0;0;0;0;1;0;1;0;0
"06/01/2026";"23:35:00";"394";"Sem vítima";"99,500";"BR-050/MG";"Decrescente";"Acidentes de outra natureza";0;0;0;0;0;1;0;0;0;0;1;0;0;0;0
"07/01/2026";"11:36:00";"210";"Sem vítima";"2,000";"BR-050/MG";"Decrescente";"Choque";1;0;0;0;0;0;0;0;0;0;1;0;0;0;0
"07/01/2026";"12:33:00";"228";"Sem vítima";"0,200";"BR-050/MG";"Crescente";"Choque";1;0;0;0;0;0;0;0;0;0;3;0;0;0;0
"07/01/2026";"14:24:00";"256";"Sem vítima";"151,950";"BR-050/MG";"Decrescente";"Colisão lateral no mesmo sentido";0;0;0;0;0;1;0;0;0;1;2;0;0;0;0
"08/01/2026";"08:39:00";"157";"Com vítima";"42,000";"BR-050/MG";"Decrescente";"Colisão traseira";1;0;0;0;0;0;0;0;0;1;3;4;1;0;0
"08/01/2026";"16:17:00";"340";"Com vítima";"187,000";"BR-050/MG";"Crescente";"Colisão traseira";1;0;0;0;0;1;0;0;0;0;1;1;0;0;0
"08/01/2026";"20:40:00";"399";"Sem vítima";"79,600";"BR-050/MG";"Crescente";"Choque";1;0;0;0;0;0;0;0;0;0;2;0;0;0;0
"08/01/2026";"21:24:00";"411";"Sem vítima";"154,500";"BR-050/GO";"Crescente";"Choque";1;0;0;0;0;0;0;0;0;0;1;0;0;0;0
"09/01/2026";"06:11:00";"55";"Com vítima";"108,000";"BR-050/GO";"Crescente";"Queda de moto";0;0;0;1;0;0;0;0;0;0;0;1;0;0;0
"09/01/2026";"07:13:00";"86";"Sem vítima";"179,234";"BR-050/MG";"Crescente";"Choque";0;0;1;0;0;0;0;0;0;0;1;0;0;0;0
"09/01/2026";"10:29:00";"186";"Com vítima";"93,700";"BR-050/MG";"Decrescente";"Choque";0;0;0;0;0;1;0;0;0;0;0;1;0;0;0
"09/01/2026";"15:56:00";"290";"Sem vítima";"15,500";"Contorno ";"Crescente";"Engavetamento";1;0;0;0;0;1;0;0;0;0;3;0;0;0;0
"09/01/2026";"22:02:00";"413";"Sem vítima";"43,800";"BR-050/MG";"Decrescente";"Choque";1;0;0;0;0;0;0;0;0;0;1;0;0;0;0
"10/01/2026";"16:36:00";"264";"Com vítima";"176,500";"BR-050/MG";"Decrescente";"Queda de moto";0;0;0;1;0;0;0;0;0;0;0;1;0;0;0
"10/01/2026";"17:41:00";"281";"Sem vítima";"181,600";"BR-050/MG";"Crescente";"Choque";1;0;0;0;0;0;0;0;0;0;4;0;0;0;0
"10/01/2026";"18:51:00";"302";"Sem vítima";"220,000";"BR-050/GO";"Crescente";"Choque";1;0;0;0;0;0;0;0;0;0;4;0;0;0;0
"11/01/2026";"09:31:00";"106";"Com vítima";"6,500";"BR-050/MG";"Crescente";"Atropelamento de pedestre";0;0;0;1;0;0;0;0;0;0;0;0;1;0;1
"11/01/2026";"15:19:00";"209";"Sem vítima";"0,300";"BR-050/MG";"Decrescente";"Choque";1;0;0;0;0;0;0;0;0;0;3;0;0;0;0
"11/01/2026";"16:19:00";"230";"Sem vítima";"84,000";"BR-050/MG";"Decrescente";"Choque";0;0;1;0;0;0;0;0;0;0;1;0;0;0;0
"11/01/2026";"19:12:00";"288";"Com vítima";"7,700";"BR-050/MG";"Decrescente";"Queda de moto";0;0;0;1;0;0;0;0;0;0;0;1;0;0;0
"11/01/2026";"21:41:00";"314";"Com vítima";"96,350";"BR-050/MG";"Decrescente";"Colisão traseira";0;0;0;0;0;2;0;0;0;0;3;1;0;0;0
"11/01/2026";"21:55:00";"319";"Sem vítima";"49,950";"BR-050/MG";"Crescente";"Choque";1;0;0;0;0;0;0;0;0;0;1;0;0;0;0
"12/01/2026";"06:29:00";"56";"Com vítima";"191,500";"BR-050/MG";"Crescente";"Tombamento";0;0;0;0;0;0;0;0;0;1;0;1;0;0;0
"12/01/2026";"10:03:00";"167";"Com vítima";"181,050";"BR-050/MG";"Decrescente";"Atropelamento de pedestre";0;0;0;0;0;0;0;0;0;1;1;0;1;0;0
"12/01/2026";"12:20:00";"227";"Sem vítima";"176,000";"BR-050/MG";"Decrescente";"Colisão traseira";1;0;0;0;0;1;0;0;0;0;4;0;0;0;0
"12/01/2026";"15:33:00";"280";"Sem vítima";"53,000";"BR-050/MG";"Decrescente";"Choque";0;0;0;0;0;0;0;0;0;1;2;0;0;0;0
"12/01/2026";"18:21:00";"323";"Com vítima";"156,000";"BR-050/MG";"Decrescente";"Capotamento";1;0;0;0;0;0;0;0;0;0;0;1;1;0;0
"13/01/2026";"15:33:00";"289";"Com vítima";"138,400";"BR-050/MG";"Crescente";"Colisão traseira";0;0;1;0;0;1;0;0;0;0;1;1;0;0;0
"13/01/2026";"16:29:00";"304";"Sem vítima";"190,000";"BR-050/MG";"Crescente";"Colisão lateral no mesmo sentido";1;0;0;0;0;1;0;0;0;0;5;0;0;0;0
"14/01/2026";"01:12:00";"35";"Com vítima";"45,550";"BR-050/MG";"Crescente";"Tombamento";0;0;1;0;0;0;0;0;0;0;0;1;0;0;0
"14/01/2026";"08:28:00";"153";"Sem vítima";"108,000";"BR-050/MG";"Crescente";"Tombamento";0;0;0;0;0;0;0;0;0;1;1;0;0;0;0
"14/01/2026";"12:12:00";"245";"Sem vítima";"2,900";"Contorno ";"Crescente";"Tombamento";0;0;1;0;0;0;0;0;0;0;1;0;0;0;0
"14/01/2026";"15:03:00";"294";"Sem vítima";"205,995";"BR-050/MG";"Decrescente";"Choque";0;0;0;0;0;0;0;0;0;1;1;0;0;0;0
"14/01/2026";"16:41:00";"318";"Sem vítima";"165,150";"BR-050/MG";"Crescente";"Choque";1;0;0;0;0;0;0;0;0;0;3;0;0;0;0
"14/01/2026";"18:01:00";"341";"Com vítima";"183,500";"BR-050/GO";"Decrescente";"Colisão lateral em sentido contrário";1;0;0;0;0;1;0;0;0;0;1;0;1;0;0
"15/01/2026";"03:46:00";"18";"Sem vítima";"119,000";"BR-050/GO";"Crescente";"Atropelamento de animal";1;0;0;0;0;0;0;0;0;0;1;0;0;0;0
"15/01/2026";"05:06:00";"26";"Com vítima";"54,000";"BR-050/MG";"Crescente";"Tombamento";0;0;1;0;0;0;0;0;0;0;0;0;1;0;0
"15/01/2026";"09:46:00";"176";"Sem vítima";"55,600";"BR-050/MG";"Crescente";"Choque";1;0;0;0;0;0;0;0;0;0;1;0;0;0;0
"15/01/2026";"10:55:00";"200";"Sem vítima";"134,100";"BR-050/MG";"Crescente";"Queda de moto";0;0;0;1;0;0;0;0;0;0;2;0;0;0;0
"15/01/2026";"17:09:00";"308";"Sem vítima";"105,800";"BR-050/GO";"Decrescente";"Choque";1;0;0;0;0;0;0;0;0;0;1;0;0;0;0
"15/01/2026";"19:26:00";"347";"Com vítima";"189,700";"BR-050/MG";"Crescente";"Tombamento";0;0;0;0;0;1;0;0;0;0;0;2;0;0;0
"16/01/2026";"14:38:00";"306";"Sem vítima";"57,000";"BR-050/MG";"Crescente";"Choque";1;0;0;0;0;0;0;0;0;0;2;0;0;0;0
"16/01/2026";"19:04:00";"393";"Com vítima";"204,000";"BR-050/MG";"Decrescente";"Colisão traseira";1;0;1;0;0;0;0;0;0;0;1;1;0;0;0
"17/01/2026";"12:07:00";"182";"Com vítima";"15,700";"BR-050/MG";"Crescente";"Queda de moto";0;0;0;1;0;0;0;0;0;0;0;1;0;0;0
"17/01/2026";"14:13:00";"218";"Sem vítima";"32,800";"BR-050/MG";"Decrescente";"Capotamento";1;0;0;0;0;0;0;0;0;0;2;0;0;0;0
"17/01/2026";"22:30:00";"338";"Sem vítima";"80,100";"BR-050/MG";"Crescente";"Choque";1;0;0;0;0;0;0;0;0;0;1;0;0;0;0
"17/01/2026";"23:32:00";"347";"Com vítima";"168,400";"BR-050/MG";"Crescente";"Queda de moto";0;0;0;1;0;0;0;0;0;0;0;1;0;0;0
"18/01/2026";"08:18:00";"61";"Sem vítima";"195,400";"BR-050/GO";"Crescente";"Choque";1;0;0;0;0;0;0;0;0;0;5;0;0;0;0
"18/01/2026";"11:53:00";"112";"Sem vítima";"30,000";"BR-050/MG";"Crescente";"Choque";1;0;0;0;0;0;0;0;0;0;1;0;0;0;0
"18/01/2026";"12:49:00";"122";"Sem vítima";"280,000";"BR-050/GO";"Crescente";"Colisão traseira";1;0;1;0;0;0;0;0;0;0;3;0;0;0;0
"18/01/2026";"14:30:00";"141";"Sem vítima";"151,000";"BR-050/MG";"Decrescente";"Choque";0;0;0;0;0;0;0;0;0;1;1;0;0;0;0
"18/01/2026";"15:54:00";"156";"Com vítima";"82,500";"BR-050/MG";"Decrescente";"Capotamento";0;0;0;0;0;0;0;0;0;1;0;2;2;1;0
"18/01/2026";"17:14:00";"178";"Com vítima";"164,000";"BR-050/MG";"Decrescente";"Colisão transversal";1;0;0;0;0;1;0;0;0;0;4;1;0;0;0
"18/01/2026";"17:42:00";"186";"Sem vítima";"111,500";"BR-050/MG";"Decrescente";"Choque";1;0;0;0;0;0;0;0;0;0;3;0;0;0;0
"18/01/2026";"19:07:00";"205";"Sem vítima";"304,900";"BR-050/GO";"Crescente";"Choque";1;0;0;0;0;0;0;0;0;0;3;0;0;0;0
"18/01/2026";"19:46:00";"219";"Sem vítima";"122,000";"BR-050/GO";"Crescente";"Choque";1;0;0;0;0;0;0;0;0;0;1;0;0;0;0
"18/01/2026";"20:52:00";"233";"Com vítima";"82,700";"BR-050/MG";"Crescente";"Choque";1;0;0;0;0;0;0;0;0;0;2;2;0;0;0
"18/01/2026";"21:22:00";"239";"Sem vítima";"82,700";"BR-050/MG";"Decrescente";"Colisão frontal";2;0;0;0;0;0;0;0;0;0;6;0;0;0;0
"18/01/2026";"21:25:00";"241";"Sem vítima";"305,000";"BR-050/GO";"Crescente";"Colisão traseira";1;0;1;0;0;0;0;0;0;0;3;0;0;0;0
"19/01/2026";"05:51:00";"36";"Sem vítima";"160,300";"BR-050/MG";"Crescente";"Choque";1;0;0;0;0;0;0;0;0;0;3;0;0;0;0
"19/01/2026";"12:52:00";"217";"Com vítima";"37,800";"BR-050/MG";"Decrescente";"Queda de moto";0;0;0;1;0;0;0;0;0;0;0;1;0;0;0
"19/01/2026";"20:00:00";"297";"Sem vítima";"77,400";"BR-050/MG";"Decrescente";"Engavetamento";2;0;0;0;0;1;0;0;0;0;3;0;0;0;0
"19/01/2026";"21:19:00";"307";"Sem vítima";"193,156";"BR-050/MG";"Crescente";"Colisão traseira";1;0;0;0;0;1;0;0;0;0;2;0;0;0;0
"20/01/2026";"06:58:00";"85";"Sem vítima";"55,900";"BR-050/MG";"Crescente";"Capotamento";1;0;0;0;0;0;0;0;0;0;1;0;0;0;0
"20/01/2026";"07:42:00";"113";"Sem vítima";"213,000";"BR-050/GO";"Crescente";"Choque";1;0;0;0;0;0;0;0;0;0;3;0;0;0;0
"20/01/2026";"11:35:00";"228";"Com vítima";"131,000";"BR-050/MG";"Decrescente";"Choque";0;0;0;0;0;1;0;0;0;0;0;1;0;0;0
"20/01/2026";"14:53:00";"305";"Com vítima";"105,000";"BR-050/MG";"Crescente";"Colisão traseira";1;0;0;0;1;0;0;0;0;0;18;1;0;0;0
"20/01/2026";"16:00:00";"329";"Sem vítima";"276,500";"BR-050/GO";"Crescente";"Choque";0;0;0;0;0;1;0;0;0;0;1;0;0;0;0
"20/01/2026";"17:57:00";"357";"Sem vítima";"38,900";"BR-050/MG";"Decrescente";"Choque";1;0;0;0;0;0;0;0;0;0;1;0;0;0;0
"20/01/2026";"20:55:00";"399";"Sem vítima";"18,900";"BR-050/MG";"Crescente";"Choque";1;0;0;0;0;0;0;0;0;0;3;0;0;0;0
"20/01/2026";"22:54:00";"425";"Sem vítima";"171,000";"BR-050/MG";"Decrescente";"Colisão lateral no mesmo sentido";1;0;1;0;0;0;0;0;0;0;3;0;0;0;0
"21/01/2026";"20:56:00";"376";"Sem vítima";"117,000";"BR-050/MG";"Crescente";"Choque";0;0;0;0;0;0;0;0;0;1;2;0;0;0;0
"21/01/2026";"21:57:00";"391";"Com vítima";"202,800";"BR-050/GO";"Decrescente";"Capotamento";0;0;0;0;0;1;0;0;0;0;0;1;0;0;0
"21/01/2026";"23:46:00";"407";"Com vítima";"206,000";"BR-050/GO";"Crescente";"Atropelamento de pedestre";1;0;0;0;0;0;0;0;0;0;1;1;0;0;0
"22/01/2026";"08:22:00";"124";"Sem vítima";"14,000";"BR-050/MG";"Decrescente";"Colisão traseira";0;0;0;0;0;1;0;0;0;1;3;0;0;0;0
"22/01/2026";"08:44:00";"135";"Com vítima";"293,600";"BR-050/GO";"Decrescente";"Colisão traseira";0;0;1;0;0;1;0;0;0;0;5;2;0;0;0
"22/01/2026";"10:37:00";"177";"Sem vítima";"55,760";"BR-050/MG";"Crescente";"Choque";0;0;0;0;0;0;0;0;0;1;2;0;0;0;0
"22/01/2026";"17:55:00";"283";"Com vítima";"62,000";"BR-050/MG";"Crescente";"Colisão lateral em sentido contrário";0;0;1;0;0;1;0;0;0;0;1;0;1;0;0
"22/01/2026";"19:53:00";"314";"Sem vítima";"95,750";"BR-050/GO";"Decrescente";"Choque";0;0;0;0;0;1;0;0;0;0;1;0;0;0;0
"22/01/2026";"19:57:00";"316";"Sem vítima";"55,800";"BR-050/MG";"Crescente";"Capotamento";1;0;0;0;0;0;0;0;0;0;1;0;0;0;0
"22/01/2026";"20:40:00";"323";"Sem vítima";"62,500";"BR-050/MG";"Crescente";"Choque";1;0;0;0;0;0;0;0;0;0;1;0;0;0;0
"22/01/2026";"20:58:00";"325";"Sem vítima";"257,200";"BR-050/GO";"Crescente";"Choque";0;0;0;0;0;0;0;0;0;1;1;0;0;0;0
"22/01/2026";"20:59:00";"326";"Sem vítima";"53,000";"BR-050/MG";"Crescente";"Choque";1;0;0;0;0;0;0;0;0;0;1;0;0;0;0
"22/01/2026";"21:11:00";"330";"Sem vítima";"192,000";"BR-050/MG";"Decrescente";"Choque";1;0;0;0;0;0;0;0;0;0;1;0;0;0;0
"23/01/2026";"00:25:00";"10";"Com vítima";"105,000";"BR-050/GO";"Crescente";"Tombamento";0;0;1;0;0;0;0;0;0;0;0;0;1;0;0
"23/01/2026";"01:50:00";"23";"Com vítima";"273,000";"BR-050/GO";"Crescente";"Choque";1;0;0;0;0;0;0;0;0;0;2;1;1;0;0
"23/01/2026";"03:38:00";"33";"Com vítima";"203,600";"BR-050/GO";"Crescente";"Tombamento";0;0;0;0;0;1;0;0;0;0;0;0;1;0;0
"23/01/2026";"10:19:00";"219";"Sem vítima";"3,515";"Contorno ";"Crescente";"Colisão traseira";0;0;0;0;0;1;0;0;0;1;2;0;0;0;0
"23/01/2026";"11:03:00";"233";"Sem vítima";"27,500";"BR-050/MG";"Crescente";"Tombamento";0;0;1;0;0;0;0;0;0;0;1;0;0;0;0
"23/01/2026";"13:39:00";"270";"Sem vítima";"226,000";"BR-050/GO";"Crescente";"Colisão traseira";0;0;0;0;0;1;0;0;0;1;3;0;0;0;0
"23/01/2026";"16:45:00";"344";"Com vítima";"79,600";"BR-050/MG";"Crescente";"Choque";1;0;0;0;0;1;0;0;0;0;1;1;0;0;0
"23/01/2026";"19:44:00";"387";"Com vítima";"166,500";"BR-050/MG";"Decrescente";"Choque";0;0;0;1;0;0;0;0;0;0;0;1;0;0;0
"23/01/2026";"19:45:00";"388";"Sem vítima";"239,500";"BR-050/GO";"Decrescente";"Atropelamento de animal";0;0;0;0;0;0;0;0;0;1;1;0;0;0;0
"23/01/2026";"19:57:00";"393";"Sem vítima";"166,500";"BR-050/MG";"Decrescente";"Choque";0;0;0;0;0;0;0;0;0;1;2;0;0;0;0
"24/01/2026";"14:05:00";"233";"Sem vítima";"31,000";"BR-050/MG";"Decrescente";"Capotamento";1;0;0;0;0;1;0;0;0;0;2;0;0;0;0
"24/01/2026";"18:07:00";"303";"Sem vítima";"211,420";"BR-050/GO";"Decrescente";"Choque";1;0;0;0;0;0;0;0;0;0;1;0;0;0;0
"24/01/2026";"21:10:00";"350";"Sem vítima";"106,000";"BR-050/GO";"Crescente";"Choque";1;0;0;0;0;0;0;0;0;0;1;0;0;0;0
"25/01/2026";"02:21:00";"10";"Sem vítima";"133,700";"BR-050/MG";"Crescente";"Choque";1;0;0;0;0;0;0;0;0;0;2;0;0;0;0
"25/01/2026";"03:56:00";"19";"Sem vítima";"280,500";"BR-050/GO";"Decrescente";"Choque";0;0;0;0;0;0;0;0;0;1;1;0;0;0;0
"25/01/2026";"05:21:00";"26";"Sem vítima";"145,000";"BR-050/MG";"Crescente";"Choque";0;0;0;0;0;0;0;0;0;1;2;0;0;0;0
"25/01/2026";"13:57:00";"154";"Sem vítima";"276,200";"BR-050/GO";"Crescente";"Choque";1;0;0;0;0;0;0;0;0;0;2;0;0;0;0
"25/01/2026";"22:06:00";"284";"Com vítima";"124,990";"BR-050/MG";"Decrescente";"Atropelamento de pedestre";0;0;0;0;0;1;0;0;0;0;1;0;0;1;0
"25/01/2026";"22:49:00";"292";"Sem vítima";"178,400";"BR-050/GO";"Decrescente";"Acidentes de outra natureza";0;0;0;0;0;0;0;0;0;1;1;0;0;0;0
"26/01/2026";"05:24:00";"46";"Sem vítima";"266,800";"BR-050/GO";"Decrescente";"Choque";1;0;0;0;0;0;0;0;0;0;2;0;0;0;0
"26/01/2026";"06:01:00";"67";"Com vítima";"132,000";"BR-050/MG";"Decrescente";"Colisão traseira";1;0;0;0;0;1;0;0;0;0;2;2;2;0;0
"26/01/2026";"13:59:00";"275";"Sem vítima";"223,010";"BR-050/GO";"Crescente";"Choque";0;0;1;0;0;0;0;0;0;0;2;0;0;0;0
"26/01/2026";"15:50:00";"314";"Sem vítima";"83,150";"BR-050/MG";"Decrescente";"Choque";1;0;0;0;0;0;0;0;0;0;1;0;0;0;0
"27/01/2026";"07:41:00";"118";"Com vítima";"63,150";"BR-050/MG";"Crescente";"Choque";0;0;0;0;0;0;0;0;0;1;0;1;0;0;0
"27/01/2026";"13:37:00";"241";"Sem vítima";"53,400";"BR-050/MG";"Decrescente";"Choque";0;0;0;0;0;0;0;0;0;1;2;0;0;0;0