data;horario;n_da_ocorrencia;tipo_de_ocorrencia;km;trecho;sentido;tipo_de_acidente;automovel;bicicleta;caminhao;moto;onibus;outros;tracao_animal;transporte_de_cargas_especiais;trator_maquinas;utilitarios;ilesos;levemente_feridos;moderadamente_feridos;gravemente_feridos;mortos
"28/01/2026";"11:22:00";"230";"Sem vítima";"119,000";"BR-050/GO";"Decrescente";"Colisão traseira";0;0;0;0;2;0;0;0;0;0;2;0;0;0;0
"28/01/2026";"11:47:00";"237";"Sem vítima";"102,200";"BR-050/GO";"Decrescente";"Choque";1;0;0;0;0;0;0;0;0;0;4;0;0;0;0
"28/01/2026";"18:14:00";"354";"Sem vítima";"6,400";"Contorno ";"Decrescente";"Choque";1;0;0;0;0;0;0;0;0;0;1;0;0;0;0
"28/01/2026";"22:09:00";"399";"Sem vítima";"19,000";"BR-050/MG";"Crescente";"Choque";0;0;1;0;0;0;0;0;0;0;1;0;0;0;0
"29/01/2026";"09:33:00";"153";"Com vítima";"174,000";"BR-050/MG";"Decrescente";"Atropelamento de pedestre";0;0;0;0;0;0;0;0;0;1;1;0;1;0;0
"30/01/2026";"03:09:00";"27";"Sem vítima";"19,390";"BR-050/MG";"Decrescente";"Choque";1;0;0;0;0;0;0;0;0;0;1;0;0;0;0
"30/01/2026";"15:01:00";"264";"Sem vítima";"156,000";"BR-050/MG";"Crescente";"Choque";0;0;0;0;0;0;0;0;0;1;4;0;0;0;0
"30/01/2026";"22:14:00";"361";"Sem vítima";"155,030";"BR-050/MG";"Crescente";"Choque";1;0;0;0;0;0;0;0;0;0;1;0;0;0;0
"31/01/2026";"05:56:00";"49";"Com vítima";"160,000";"BR-050/MG";"Crescente";"Capotamento";1;0;0;0;0;0;0;0;0;0;0;2;0;0;0
"31/01/2026";"15:09:00";"271";"Sem vítima";"252,800";"BR-050/GO";"Crescente";"Choque";0;0;0;0;0;1;0;0;0;0;1;0;0;0;0
"31/01/2026";"19:19:00";"339";"Sem vítima";"57,000";"BR-050/MG";"Crescente";"Colisão lateral no mesmo sentido";1;0;0;0;0;2;0;0;0;0;4;0;0;0;0
"31/01/2026";"20:56:00";"365";"Sem vítima";"56,000";"BR-050/MG";"Crescente";"Colisão lateral no mesmo sentido";0;0;0;0;0;1;0;0;0;1;2;0;0;0;0
"01/02/2026";"13:04:00";"187";"Sem vítima";"265,650";"BR-050/GO";"Decrescente";"Choque";1;0;0;0;0;0;0;0;0;0;2;0;0;0;0
"01/02/2026";"15:12:00";"221";"Sem vítima";"103,000";"BR-050/MG";"Crescente";"Tombamento";0;0;0;0;0;1;0;0;0;0;1;0;0;0;0
"01/02/2026";"16:05:00";"239";"Com vítima";"136,800";"BR-050/MG";"Crescente";"Queda de moto";0;0;0;1;0;0;0;0;0;0;0;0;1;0;0
"01/02/2026";"17:26:00";"258";"Sem vítima";"202,000";"BR-050/MG";"Decrescente";"Colisão traseira";0;0;0;0;0;0;0;0;0;2;5;0;0;0;0
"02/02/2026";"00:05:00";"1";"Com vítima";"176,200";"BR-050/MG";"Decrescente";"Choque";1;0;0;0;0;0;0;0;0;0;0;1;0;0;0
"02/02/2026";"04:53:00";"35";"Sem vítima";"19,500";"BR-050/MG";"Crescente";"Choque";0;0;0;0;1;0;0;0;0;0;42;0;0;0;0
"02/02/2026";"08:17:00";"143";"Sem vítima";"55,000";"BR-050/MG";"Crescente";"Choque";1;0;0;0;0;0;0;0;0;0;1;0;0;0;0
"02/02/2026";"09:25:00";"172";"Sem vítima";"193,970";"BR-050/MG";"Decrescente";"Colisão traseira";1;0;0;0;0;1;0;0;0;0;2;0;0;0;0
"02/02/2026";"14:40:00";"278";"Sem vítima";"133,000";"BR-050/MG";"Crescente";"Tombamento";0;0;0;0;0;1;0;0;0;0;1;0;0;0;0
"02/02/2026";"17:23:00";"340";"Sem vítima";"166,000";"BR-050/GO";"Decrescente";"Choque";0;0;0;0;0;1;0;0;0;2;3;0;0;0;0
"02/02/2026";"20:19:00";"389";"Sem vítima";"176,200";"BR-050/MG";"Decrescente";"Choque";1;0;0;0;0;0;0;0;0;0;1;0;0;0;0
"03/02/2026";"13:10:00";"241";"Sem vítima";"10,800";"Contorno ";"Decrescente";"Colisão lateral no mesmo sentido";0;0;0;0;1;1;0;0;0;0;22;0;0;0;0
"03/02/2026";"13:46:00";"252";"Com vítima";"311,600";"BR-050/GO";"Decrescente";"Capotamento";0;0;0;0;0;0;0;0;0;1;0;2;0;0;0
"03/02/2026";"19:48:00";"354";"Sem vítima";"304,100";"BR-050/GO";"Crescente";"Choque";1;0;0;0;0;0;0;0;0;0;2;0;0;0;0
"03/02/2026";"22:25:00";"381";"Com vítima";"163,500";"BR-050/MG";"Crescente";"Capotamento";1;0;0;0;0;0;0;0;0;0;0;2;0;0;0
"03/02/2026";"23:18:00";"392";"Com vítima";"46,100";"BR-050/MG";"Crescente";"Choque";1;0;0;0;0;0;0;0;0;0;1;2;0;0;0
"04/02/2026";"07:01:00";"80";"Com vítima";"195,300";"BR-050/GO";"Decrescente";"Tombamento";0;0;1;0;0;0;0;0;0;0;0;1;0;0;0
"04/02/2026";"16:14:00";"296";"Sem vítima";"62,500";"BR-050/MG";"Decrescente";"Queda de moto";0;0;0;1;0;0;0;0;0;0;1;0;0;0;0
"04/02/2026";"22:32:00";"369";"Sem vítima";"141,000";"BR-050/GO";"Decrescente";"Queda de moto";0;0;0;1;0;0;0;0;0;0;2;0;0;0;0
"05/02/2026";"05:09:00";"17";"Sem vítima";"136,000";"BR-050/MG";"Crescente";"Choque";0;0;0;0;0;1;0;0;0;0;1;0;0;0;0
"05/02/2026";"05:26:00";"21";"Sem vítima";"10,000";"BR-050/MG";"Decrescente";"Choque";0;0;0;0;0;0;0;0;0;1;1;0;0;0;0
"05/02/2026";"05:37:00";"23";"Sem vítima";"63,800";"BR-050/MG";"Crescente";"Choque";0;0;0;0;0;0;0;0;0;1;1;0;0;0;0
"05/02/2026";"06:44:00";"69";"Sem vítima";"11,500";"Contorno ";"Decrescente";"Capotamento";0;0;0;0;0;0;0;0;0;1;1;0;0;0;0
"05/02/2026";"06:46:00";"71";"Sem vítima";"11,500";"Contorno ";"Decrescente";"Choque";1;0;0;0;0;0;0;0;0;0;1;0;0;0;0
"05/02/2026";"07:24:00";"95";"Sem vítima";"180,000";"BR-050/MG";"Decrescente";"Colisão lateral no mesmo sentido";1;0;0;0;0;1;0;0;0;0;2;0;0;0;0
"05/02/2026";"08:15:00";"126";"Sem vítima";"11,100";"Contorno ";"Decrescente";"Colisão traseira";0;0;1;0;0;1;0;0;0;1;3;0;0;0;0
"05/02/2026";"11:34:00";"263";"Sem vítima";"301,990";"BR-050/GO";"Crescente";"Tombamento";0;0;0;0;0;1;0;0;0;0;1;0;0;0;0
"05/02/2026";"21:12:00";"427";"Com vítima";"55,500";"BR-050/MG";"Decrescente";"Tombamento";0;0;1;0;0;0;0;0;0;0;0;1;0;0;0
"05/02/2026";"23:08:00";"443";"Com vítima";"241,700";"BR-050/GO";"Crescente";"Colisão traseira";0;0;0;0;0;0;0;0;0;2;2;1;1;0;0
"06/02/2026";"02:23:00";"12";"Sem vítima";"11,600";"Contorno ";"Crescente";"Atropelamento de animal";0;0;0;0;0;0;0;0;0;1;3;0;0;0;0
"06/02/2026";"07:30:00";"104";"Sem vítima";"56,300";"BR-050/MG";"Crescente";"Colisão lateral no mesmo sentido";2;0;0;0;0;0;0;0;0;0;3;0;0;0;0
"07/02/2026";"13:54:00";"222";"Com vítima";"141,500";"BR-050/GO";"Crescente";"Choque";1;0;0;0;0;0;0;0;0;0;1;1;0;0;0
"07/02/2026";"15:51:00";"252";"Sem vítima";"49,400";"BR-050/MG";"Crescente";"Capotamento";1;0;0;0;0;0;0;0;0;0;2;0;0;0;0
"07/02/2026";"16:27:00";"263";"Sem vítima";"83,000";"BR-050/MG";"Crescente";"Choque";1;0;0;0;0;0;0;0;0;0;2;0;0;0;0
"07/02/2026";"17:10:00";"276";"Com vítima";"154,000";"BR-050/MG";"Decrescente";"Capotamento";1;0;0;0;0;0;0;0;0;0;0;1;0;0;0
"08/02/2026";"16:02:00";"151";"Com vítima";"133,620";"BR-050/MG";"Crescente";"Capotamento";1;0;0;0;0;0;0;0;0;0;1;1;0;0;0
"08/02/2026";"18:23:00";"183";"Sem vítima";"10,000";"BR-050/MG";"Decrescente";"Choque";1;0;0;0;0;0;0;0;0;0;2;0;0;0;0
"08/02/2026";"18:49:00";"194";"Sem vítima";"288,000";"BR-050/GO";"Crescente";"Choque";0;0;0;0;0;0;0;0;0;1;1;0;0;0;0
"08/02/2026";"18:58:00";"199";"Sem vítima";"30,100";"BR-050/MG";"Crescente";"Choque";1;0;0;0;0;0;0;0;0;0;4;0;0;0;0
"08/02/2026";"21:20:00";"228";"Sem vítima";"49,000";"BR-050/MG";"Decrescente";"Choque";1;0;0;0;0;0;0;0;0;0;1;0;0;0;0
"08/02/2026";"21:35:00";"230";"Sem vítima";"19,150";"Contorno ";"Crescente";"Choque";1;0;0;0;0;0;0;0;0;0;1;0;0;0;0
"09/02/2026";"02:27:00";"20";"Sem vítima";"130,400";"BR-050/GO";"Crescente";"Choque";1;0;0;0;0;0;0;0;0;0;1;0;0;0;0
"09/02/2026";"05:14:00";"28";"Sem vítima";"173,500";"BR-050/MG";"Decrescente";"Choque";1;0;0;0;0;0;0;0;0;0;1;0;0;0;0
"09/02/2026";"05:57:00";"43";"Sem vítima";"110,700";"BR-050/GO";"Decrescente";"Colisão traseira";0;0;1;0;0;0;0;0;0;1;4;0;0;0;0
"09/02/2026";"07:35:00";"101";"Com vítima";"6,900";"Contorno ";"Crescente";"Capotamento";0;0;0;0;0;0;0;0;0;1;0;0;1;0;0
"09/02/2026";"11:31:00";"217";"Sem vítima";"82,800";"BR-050/MG";"Crescente";"Choque";1;0;0;0;0;0;0;0;0;0;1;0;0;0;0
"09/02/2026";"14:54:00";"293";"Sem vítima";"108,100";"BR-050/MG";"Decrescente";"Choque";0;0;0;0;0;0;0;0;0;1;1;0;0;0;0
"09/02/2026";"17:10:00";"348";"Sem vítima";"266,300";"BR-050/GO";"Decrescente";"Choque";0;0;0;0;0;0;0;0;0;1;1;0;0;0;0
"09/02/2026";"17:50:00";"357";"Sem vítima";"285,600";"BR-050/GO";"Crescente";"Choque";0;0;0;0;0;0;0;0;0;1;2;0;0;0;0
"09/02/2026";"20:11:00";"401";"Com vítima";"189,700";"BR-050/MG";"Crescente";"Queda de moto";0;0;0;1;0;0;0;0;0;0;0;0;1;0;0
"09/02/2026";"21:00:00";"411";"Sem vítima";"164,500";"BR-050/MG";"Decrescente";"Choque";1;0;0;0;0;0;0;0;0;0;2;0;0;0;0
"09/02/2026";"22:40:00";"431";"Sem vítima";"144,900";"BR-050/MG";"Crescente";"Choque";1;0;0;0;0;0;0;0;0;0;1;0;0;0;0
"09/02/2026";"22:59:00";"434";"Sem vítima";"62,300";"BR-050/MG";"Crescente";"Choque";0;0;0;0;0;0;0;0;0;1;1;0;0;0;0
"10/02/2026";"04:26:00";"65";"Sem vítima";"198,000";"BR-050/MG";"Crescente";"Colisão traseira";0;0;0;0;0;1;0;0;0;1;2;0;0;0;0
"10/02/2026";"07:08:00";"123";"Sem vítima";"57,420";"BR-050/MG";"Decrescente";"Choque";1;0;0;0;0;0;0;0;0;0;5;0;0;0;0
"10/02/2026";"09:27:00";"202";"Sem vítima";"7,500";"Contorno ";"Crescente";"Queda de moto";0;0;0;1;0;0;0;0;0;0;2;0;0;0;0
"10/02/2026";"14:25:00";"311";"Com vítima";"172,600";"BR-050/MG";"Crescente";"Choque";1;0;0;0;0;0;0;0;0;0;0;1;0;0;0
"10/02/2026";"16:00:00";"352";"Sem vítima";"229,000";"BR-050/GO";"Crescente";"Choque";1;0;0;0;0;0;0;0;0;0;2;0;0;0;0
"10/02/2026";"16:19:00";"359";"Sem vítima";"105,100";"BR-050/MG";"Crescente";"Colisão traseira";0;0;0;0;0;2;0;0;0;0;2;0;0;0;0
"10/02/2026";"17:07:00";"374";"Com vítima";"105,700";"BR-050/GO";"Crescente";"Choque";0;0;0;0;0;0;0;0;0;1;0;1;0;0;0
"10/02/2026";"18:01:00";"388";"Com vítima";"10,500";"Contorno ";"Crescente";"Colisão traseira";1;0;1;0;0;0;0;0;0;0;2;1;0;0;0
"10/02/2026";"22:48:00";"472";"Sem vítima";"145,000";"BR-050/GO";"Crescente";"Colisão traseira";1;0;1;0;0;0;0;0;0;0;5;0;0;0;0
"10/02/2026";"23:24:00";"479";"Sem vítima";"104,800";"BR-050/GO";"Crescente";"Choque";1;0;0;0;0;0;0;0;0;0;3;0;0;0;0
"11/02/2026";"07:15:00";"105";"Com vítima";"174,000";"BR-050/MG";"Decrescente";"Colisão traseira";1;0;0;1;0;0;0;0;0;0;2;1;0;0;0
"11/02/2026";"17:02:00";"397";"Sem vítima";"97,000";"BR-050/GO";"Decrescente";"Choque";1;0;0;0;0;0;0;0;0;0;1;0;0;0;0
"11/02/2026";"23:29:00";"477";"Com vítima";"174,300";"BR-050/MG";"Crescente";"Queda de moto";0;0;0;1;0;0;0;0;0;0;0;1;0;0;0
"12/02/2026";"18:28:00";"363";"Sem vítima";"115,000";"BR-050/GO";"Crescente";"Choque";0;0;0;0;0;1;0;0;0;0;1;0;0;0;0
"13/02/2026";"00:48:00";"5";"Sem vítima";"14,900";"Contorno ";"Crescente";"Tombamento";0;0;0;0;0;1;0;0;0;0;1;0;0;0;0
"13/02/2026";"04:32:00";"27";"Sem vítima";"243,900";"BR-050/GO";"Crescente";"Choque";1;0;0;0;0;0;0;0;0;0;1;0;0;0;0
"13/02/2026";"06:29:00";"53";"Com vítima";"172,900";"BR-050/MG";"Decrescente";"Queda de moto";0;0;0;1;0;0;0;0;0;0;0;1;1;0;0
"13/02/2026";"07:16:00";"90";"Sem vítima";"164,000";"BR-050/MG";"Decrescente";"Colisão traseira";0;0;0;0;0;2;0;0;0;0;3;0;0;0;0
"13/02/2026";"08:20:00";"128";"Com vítima";"177,500";"BR-050/MG";"Crescente";"Queda de moto";0;0;0;1;0;0;0;0;0;0;0;1;0;0;0
"13/02/2026";"16:12:00";"355";"Com vítima";"177,000";"BR-050/MG";"Decrescente";"Engavetamento";1;0;0;0;0;1;0;0;0;1;4;1;0;0;0
"13/02/2026";"16:26:00";"361";"Com vítima";"133,020";"BR-050/MG";"Decrescente";"Queda de moto";0;0;0;1;0;0;0;0;0;0;1;1;0;0;0
"13/02/2026";"18:09:00";"383";"Sem vítima";"194,000";"BR-050/MG";"Crescente";"Colisão lateral no mesmo sentido";1;0;0;0;0;1;0;0;0;0;3;0;0;0;0
"13/02/2026";"20:37:00";"443";"Sem vítima";"128,000";"BR-050/MG";"Decrescente";"Colisão lateral no mesmo sentido";1;0;0;0;0;0;0;0;0;0;2;0;0;0;0
"14/02/2026";"01:05:00";"10";"Com vítima";"260,300";"BR-050/GO";"Crescente";"Colisão traseira";0;0;0;0;0;2;0;0;0;0;1;1;0;0;0
"14/02/2026";"01:09:00";"12";"Com vítima";"155,400";"BR-050/MG";"Decrescente";"Capotamento";0;0;0;0;0;0;0;0;0;1;0;1;0;0;0
"14/02/2026";"14:00:00";"248";"Sem vítima";"122,000";"BR-050/GO";"Decrescente";"Choque";1;0;0;0;0;0;0;0;0;0;1;0;0;0;0
"14/02/2026";"19:06:00";"349";"Com vítima";"10,000";"BR-050/MG";"Crescente";"Colisão traseira";1;0;0;1;0;0;0;0;0;0;3;2;0;0;0
"14/02/2026";"22:50:00";"405";"Com vítima";"20,000";"Contorno ";"Decrescente";"Colisão traseira";0;0;0;1;0;0;0;0;0;0;0;1;0;0;0
"14/02/2026";"23:41:00";"414";"Com vítima";"97,100";"BR-050/GO";"Decrescente";"Queda de moto";0;0;0;1;0;0;0;0;0;0;0;1;0;0;0
"14/02/2026";"23:45:00";"415";"Com vítima";"189,700";"BR-050/MG";"Crescente";"Colisão traseira";2;0;0;0;0;0;0;0;0;0;0;2;1;0;1
"15/02/2026";"04:27:00";"32";"Sem vítima";"114,600";"BR-050/GO";"Decrescente";"Queda de moto";0;0;0;1;0;0;0;0;0;0;1;0;0;0;0
"15/02/2026";"05:17:00";"40";"Sem vítima";"193,300";"BR-050/MG";"Crescente";"Choque";0;0;0;0;0;0;0;0;0;1;1;0;0;0;0
"15/02/2026";"11:06:00";"164";"Sem vítima";"117,510";"BR-050/MG";"Decrescente";"Colisão traseira";1;0;0;0;0;0;0;0;0;1;6;0;0;0;0
"16/02/2026";"00:42:00";"11";"Com vítima";"56,000";"BR-050/MG";"Crescente";"Colisão traseira";1;0;0;0;0;1;0;0;0;0;3;1;0;0;0
"16/02/2026";"01:48:00";"18";"Com vítima";"102,200";"BR-050/GO";"Crescente";"Colisão traseira";2;0;0;0;0;0;0;0;0;0;4;0;1;0;0
"16/02/2026";"19:39:00";"360";"Sem vítima";"134,300";"BR-050/MG";"Crescente";"Choque";0;0;0;0;0;1;0;0;0;1;5;0;0;0;0
"16/02/2026";"20:53:00";"382";"Com vítima";"34,600";"BR-050/MG";"Decrescente";"Capotamento";1;0;0;0;0;0;0;0;0;0;0;2;0;0;0
"17/02/2026";"04:49:00";"28";"Sem vítima";"245,000";"BR-050/GO";"Decrescente";"Choque";1;0;0;0;0;0;0;0;0;0;5;0;0;0;0
"17/02/2026";"10:12:00";"172";"Com vítima";"113,100";"BR-050/GO";"Decrescente";"Colisão traseira";0;0;0;0;0;1;0;0;0;1;1;1;0;0;0
"17/02/2026";"14:40:00";"255";"Com vítima";"112,000";"BR-050/MG";"Crescente";"Capotamento";1;0;0;0;0;0;0;0;0;0;0;1;0;0;0
"17/02/2026";"16:38:00";"300";"Com vítima";"29,000";"BR-050/MG";"Decrescente";"Tombamento";0;0;0;0;0;1;0;0;0;0;0;2;0;0;0
"18/02/2026";"07:34:00";"106";"Sem vítima";"56,850";"BR-050/MG";"Decrescente";"Choque";1;0;0;0;0;0;0;0;0;0;1;0;0;0;0
"18/02/2026";"15:35:00";"317";"Com vítima";"213,000";"BR-050/GO";"Decrescente";"Choque";1;0;0;0;0;0;0;0;0;0;2;1;0;0;0
"18/02/2026";"16:48:00";"344";"Com vítima";"179,200";"BR-050/MG";"Decrescente";"Colisão lateral no mesmo sentido";1;0;0;0;0;1;0;0;0;0;3;1;0;0;0
"18/02/2026";"22:48:00";"422";"Sem vítima";"27,900";"BR-050/MG";"Crescente";"Tombamento";0;0;0;0;0;1;0;0;0;0;1;0;0;0;0
"19/02/2026";"05:35:00";"54";"Com vítima";"151,900";"BR-050/MG";"Decrescente";"Colisão lateral no mesmo sentido";0;0;0;0;0;2;0;0;0;1;2;1;0;0;0
"19/02/2026";"07:51:00";"131";"Sem vítima";"126,600";"BR-050/MG";"Crescente";"Capotamento";1;0;0;0;0;0;0;0;0;0;1;0;0;0;0
"19/02/2026";"13:19:00";"278";"Sem vítima";"83,100";"BR-050/MG";"Crescente";"Tombamento";0;0;0;0;0;1;0;0;0;0;1;0;0;0;0
"19/02/2026";"13:29:00";"282";"Sem vítima";"21,600";"Contorno ";"Decrescente";"Colisão traseira";2;0;0;0;0;0;0;0;0;0;2;0;0;0;0
"19/02/2026";"13:50:00";"289";"Sem vítima";"101,100";"BR-050/GO";"Decrescente";"Choque";1;0;0;0;0;0;0;0;0;0;1;0;0;0;0
"19/02/2026";"14:43:00";"319";"Sem vítima";"93,300";"BR-050/MG";"Crescente";"Choque";1;0;0;0;0;0;0;0;0;0;4;0;0;0;0
"19/02/2026";"15:26:00";"343";"Sem vítima";"27,900";"BR-050/MG";"Crescente";"Colisão traseira";0;0;0;0;0;2;0;0;0;0;2;0;0;0;0
"19/02/2026";"15:56:00";"362";"Com vítima";"201,600";"BR-050/GO";"Crescente";"Capotamento";1;0;0;0;0;0;0;0;0;0;0;0;1;0;0
"19/02/2026";"18:01:00";"403";"Sem vítima";"179,800";"BR-050/MG";"Decrescente";"Engavetamento";3;0;0;0;0;0;0;0;0;1;6;0;0;0;0
"20/02/2026";"16:47:00";"277";"Sem vítima";"41,800";"BR-050/MG";"Crescente";"Colisão traseira";1;0;0;0;0;1;0;0;0;0;6;0;0;0;0
"20/02/2026";"17:11:00";"283";"Com vítima";"238,000";"BR-050/GO";"Crescente";"Capotamento";0;0;0;0;0;0;0;0;0;1;0;2;0;0;0
"20/02/2026";"17:36:00";"294";"Com vítima";"176,000";"BR-050/MG";"Decrescente";"Colisão traseira";2;0;0;0;0;0;0;0;0;0;3;1;0;0;0
"20/02/2026";"17:56:00";"298";"Sem vítima";"86,850";"BR-050/MG";"Decrescente";"Choque";1;0;0;0;0;0;0;0;0;0;1;0;0;0;0
"21/02/2026";"00:35:00";"5";"Com vítima";"306,950";"BR-050/GO";"Crescente";"Capotamento";1;0;0;0;0;0;0;0;0;0;0;2;0;0;0
"21/02/2026";"01:46:00";"15";"Com vítima";"126,600";"BR-050/MG";"Decrescente";"Colisão frontal";0;0;0;0;1;0;0;0;0;1;4;1;1;0;0
"22/02/2026";"10:15:00";"119";"Sem vítima";"14,300";"BR-050/MG";"Crescente";"Choque";1;0;0;0;0;0;0;0;0;0;2;0;0;0;0
"22/02/2026";"12:51:00";"165";"Sem vítima";"145,000";"BR-050/MG";"Decrescente";"Tombamento";0;0;0;0;0;1;0;0;0;0;1;0;0;0;0
"23/02/2026";"08:05:00";"101";"Sem vítima";"195,200";"BR-050/GO";"Crescente";"Choque";1;0;0;0;0;0;0;0;0;0;2;0;0;0;0
"23/02/2026";"17:38:00";"309";"Sem vítima";"180,000";"BR-050/MG";"Decrescente";"Queda de moto";0;0;0;1;0;0;0;0;0;0;1;0;0;0;0
"23/02/2026";"20:52:00";"345";"Com vítima";"13,070";"Contorno ";"Crescente";"Colisão lateral no mesmo sentido";1;0;1;0;0;0;0;0;0;0;1;0;1;0;0
"23/02/2026";"22:08:00";"356";"Sem vítima";"280,000";"BR-050/GO";"Crescente";"Colisão lateral em sentido contrário";1;0;0;1;0;0;0;0;0;0;3;0;0;0;0
"24/02/2026";"01:13:00";"11";"Sem vítima";"6,500";"Contorno ";"Decrescente";"Choque";1;0;0;0;0;0;0;0;0;0;1;0;0;0;0
"24/02/2026";"01:14:00";"12";"Sem vítima";"93,420";"BR-050/MG";"Decrescente";"Capotamento";1;0;0;0;0;0;0;0;0;0;1;0;0;0;0
"24/02/2026";"06:45:00";"72";"Sem vítima";"59,700";"BR-050/MG";"Decrescente";"Choque";0;0;0;0;0;0;0;0;0;1;1;0;0;0;0
"24/02/2026";"11:10:00";"199";"Sem vítima";"19,800";"BR-050/MG";"Decrescente";"Colisão traseira";0;0;0;0;0;1;0;0;0;1;2;0;0;0;0
"24/02/2026";"14:54:00";"266";"Sem vítima";"29,700";"BR-050/MG";"Decrescente";"Choque";1;0;0;0;0;0;0;0;0;0;1;0;0;0;0
"25/02/2026";"05:53:00";"25";"Com vítima";"163,050";"BR-050/GO";"Decrescente";"Colisão traseira";0;0;0;0;0;2;0;0;0;0;1;1;0;0;0
"25/02/2026";"07:03:00";"73";"Com vítima";"64,400";"BR-050/MG";"Crescente";"Atropelamento de pedestre";0;0;0;0;0;1;0;0;0;0;1;0;0;0;1
"25/02/2026";"08:04:00";"93";"Sem vítima";"42,000";"BR-050/MG";"Decrescente";"Colisão traseira";0;0;1;0;0;1;0;0;0;0;2;0;0;0;0
"25/02/2026";"08:07:00";"95";"Sem vítima";"53,000";"BR-050/MG";"Crescente";"Choque";1;0;0;0;0;0;0;0;0;0;2;0;0;0;0
"25/02/2026";"08:13:00";"99";"Sem vítima";"79,200";"BR-050/MG";"Decrescente";"Colisão lateral no mesmo sentido";1;0;0;0;0;1;0;0;0;0;3;0;0;0;0
"25/02/2026";"15:21:00";"284";"Com vítima";"175,500";"BR-050/MG";"Decrescente";"Colisão lateral no mesmo sentido";2;0;0;0;0;0;0;0;0;0;3;1;0;0;0
"25/02/2026";"18:55:00";"346";"Sem vítima";"21,300";"Contorno ";"Crescente";"Carreta deu L";0;0;0;0;0;1;0;0;0;0;1;0;0;0;0
"25/02/2026";"19:34:00";"361";"Com vítima";"57,300";"BR-050/MG";"Crescente";"Queda de moto";0;0;0;1;0;0;0;0;0;0;0;1;0;0;0
"25/02/2026";"20:57:00";"391";"Sem vítima";"109,000";"BR-050/MG";"Decrescente";"Tombamento";0;0;1;0;0;0;0;0;0;0;2;0;0;0;0
"25/02/2026";"22:21:00";"400";"Sem vítima";"247,980";"BR-050/GO";"Crescente";"Atropelamento de animal";1;0;0;0;0;0;0;0;0;0;1;0;0;0;0
"26/02/2026";"06:40:00";"56";"Sem vítima";"8,000";"Contorno ";"Crescente";"Choque";0;0;0;0;0;1;0;0;0;0;1;0;0;0;0
"26/02/2026";"11:49:00";"215";"Com vítima";"52,550";"BR-050/MG";"Decrescente";"Choque";0;0;0;0;0;0;0;0;0;1;3;1;0;0;0
"26/02/2026";"12:50:00";"233";"Sem vítima";"291,000";"BR-050/GO";"Decrescente";"Choque";1;0;0;0;0;0;0;0;0;0;1;0;0;0;0
"26/02/2026";"13:07:00";"247";"Sem vítima";"224,600";"BR-050/GO";"Crescente";"Choque";1;0;0;0;0;0;0;0;0;0;2;0;0;0;0
"26/02/2026";"13:11:00";"249";"Sem vítima";"51,475";"BR-050/MG";"Decrescente";"Choque";0;0;0;0;0;1;0;0;0;0;1;0;0;0;0
"26/02/2026";"15:46:00";"296";"Sem vítima";"258,000";"BR-050/GO";"Decrescente";"Choque";1;0;0;0;0;0;0;0;0;0;3;0;0;0;0
"26/02/2026";"17:01:00";"325";"Sem vítima";"20,000";"BR-050/MG";"Crescente";"Colisão lateral no mesmo sentido";0;0;0;0;0;1;0;0;0;1;3;0;0;0;0
"26/02/2026";"18:25:00";"338";"Sem vítima";"46,900";"BR-050/MG";"Decrescente";"Choque";0;0;1;0;0;0;0;0;0;0;1;0;0;0;0
"26/02/2026";"18:34:00";"341";"Sem vítima";"28,900";"BR-050/MG";"Decrescente";"Choque";0;0;0;0;0;0;0;0;0;1;1;0;0;0;0
"27/02/2026";"05:04:00";"42";"Com vítima";"206,020";"BR-050/MG";"Decrescente";"Colisão traseira";0;0;0;0;0;1;0;0;0;1;1;1;0;0;0
"27/02/2026";"11:37:00";"242";"Sem vítima";"193,600";"BR-050/MG";"Crescente";"Choque";1;0;0;0;0;0;0;0;0;0;3;0;0;0;0
"28/02/2026";"06:37:00";"59";"Sem vítima";"180,600";"BR-050/GO";"Decrescente";"Acidentes de outra natureza";1;0;0;0;0;0;0;0;0;0;2;0;0;0;0
"28/02/2026";"19:47:00";"292";"Sem vítima";"8,800";"BR-050/MG";"Decrescente";"Choque";0;0;1;0;0;0;0;0;0;0;1;0;0;0;0
"28/02/2026";"20:02:00";"308";"Com vítima";"8,800";"BR-050/MG";"Crescente";"Atropelamento de pedestre";1;0;0;0;0;0;0;0;0;0;2;0;0;0;1